Date,Close,High,Low,Open,Volume,Symbol
2015-01-02,24.19260025024414,24.659502293956603,23.754464067072234,24.648437592390618,212818400,AAPL
2015-01-05,23.511058807373047,24.042132473375155,23.325183952802462,23.962471339063004,257142000,AAPL
2015-01-06,23.51327133178711,23.7721691658831,23.15258296070491,23.57522961465761,263188400,AAPL
2015-01-07,23.842985153198242,23.94256075000495,23.61063984299987,23.721280145334898,160423600,AAPL
2015-01-08,24.759084701538086,24.816618126764887,24.053199089993452,24.170479219019555,237458000,AAPL
2015-01-09,24.785634994506836,25.060022405088077,24.387329327343235,24.93167928030907,214798000,AAPL
2015-01-12,24.174901962280273,24.9228296715174,24.075326382352763,24.916191524620462,198603200,AAPL
2015-01-13,24.389541625976562,24.960445829902344,24.099664655994744,24.65729087939062,268367600,AAPL
2015-01-14,24.296606063842773,24.449288501616856,24.008940661725582,24.128432366224875,195826400,AAPL
2015-01-15,23.637195587158203,24.35414431798287,23.60179156610171,24.340868021116325,240056000,AAPL
2015-01-16,23.453527450561523,23.80536443937961,23.278715595370205,23.683659448981608,314053200,AAPL
2015-01-20,24.057621002197266,24.11294113817059,23.566377924636292,23.862893043099756,199599600,AAPL
2015-01-21,24.24128532409668,24.57541774452879,23.95804479734744,24.108515641336837,194303600,AAPL
2015-01-22,24.871936798095703,24.88742637071064,24.27890479360892,24.398396505882765,215185600,AAPL
2015-01-23,25.000276565551758,25.17066184134601,24.67941876430255,24.849805728333372,185859200,AAPL
2015-01-26,25.02683448791504,25.305648505097142,24.960451323601063,25.168453931002503,222460000,AAPL
2015-01-27,24.15056800842285,24.889646196176376,24.12622700387713,24.876368210273192,382274800,AAPL
2015-01-28,25.515859603881836,26.13765909552136,25.515859603881836,26.02923041081558,585908400,AAPL
2015-01-29,26.310256958007812,26.374428518206834,25.571179064885065,25.739352750639867,337745600,AAPL
2015-01-30,25.925230026245117,26.55366597735562,25.856631907802715,26.19961743530487,334982000,AAPL
2015-02-02,26.250513076782227,26.370004785647765,25.68624864341562,26.122171630877833,250956400,AAPL
2015-02-03,26.25493621826172,26.352298507154856,26.02480425574212,26.2217437998551,207662800,AAPL
2015-02-04,26.456295013427734,26.66651249321437,26.179694399158084,26.221738232762647,280598800,AAPL
2015-02-05,26.64513397216797,26.70955879365363,26.491847269498656,26.66290499248517,168984800,AAPL
2015-02-06,26.42076301574707,26.714006091744032,26.314128399521028,26.662909949721197,174826400,AAPL
2015-02-09,26.596263885498047,26.62292126746555,26.309685165049736,26.336344241916905,155559200,AAPL
2015-02-10,27.107210159301758,27.136091242542914,26.694005586143845,26.696225904162972,248034000,AAPL
2015-02-11,27.74257469177246,27.751461049965634,27.213849091024947,27.27382989020448,294247200,AAPL
2015-02-12,28.093576431274414,28.320174313577628,27.895859634991865,28.004714549879026,297898000,AAPL
2015-02-13,28.231313705444336,28.27574380069617,27.913633609185215,28.27574380069617,217088800,AAPL
2015-02-17,28.39793586730957,28.631198160176517,28.195774987504898,28.322402653515553,252609600,AAPL
2015-02-18,28.595643997192383,28.60897268589637,28.313507657029223,28.353495418040563,179566800,AAPL
2015-02-19,28.53565788269043,28.664507506789523,28.509000508669352,28.5423222261957,149449600,AAPL
2015-02-20,28.768922805786133,28.768922805786133,28.44680040985868,28.57342633827766,195793600,AAPL
2015-02-23,29.546463012695312,29.546463012695312,28.80446994307108,28.884445467268826,283896400,AAPL
2015-02-24,29.36207389831543,29.679755665976195,29.139920048689255,29.533133311671225,276912400,AAPL
2015-02-25,28.611196517944336,29.235451763904805,28.469018171309017,29.226563710478064,298846800,AAPL
2015-02-26,28.973308563232422,29.07327713106697,28.126902824541162,28.61119665484146,365150000,AAPL
2015-02-27,28.537891387939453,29.00663625092877,28.489017258922594,28.880006901257964,248059200,AAPL
2015-03-02,28.67784309387207,28.942206749183107,28.502343023009654,28.71338852765152,192386800,AAPL
2015-03-03,28.737831115722656,28.77337655633723,28.455694689269144,28.648970903986015,151265200,AAPL
2015-03-04,28.5556583404541,28.78225624796574,28.506787605303753,28.680067361107007,126665200,AAPL
2015-03-05,28.082477569580078,28.602316923808417,27.938077183994466,28.56455116454907,226068400,AAPL
2015-03-06,28.12468147277832,28.740046987832674,28.049149965508676,28.52455744842278,291368400,AAPL
2015-03-09,28.24464225769043,28.78447791228204,27.78256181176065,28.426808359176277,354114000,AAPL
2015-03-10,27.66037940979004,28.26241620675902,27.502650362161962,28.08247211064381,275426400,AAPL
2015-03-11,27.15608787536621,27.718136880404018,27.12720848319452,27.713694548877402,275756000,AAPL
2015-03-12,27.647043228149414,27.74701346773055,27.020569500724587,27.17163417162344,193450800,AAPL
2015-03-13,27.45599365234375,27.858093275490027,27.231619482991277,27.635939424321684,207309200,AAPL
2015-03-16,27.758127212524414,27.758127212524414,27.296048420518424,27.520422623715213,143497200,AAPL
2015-03-17,28.222429275512695,28.284632091074627,27.913635516187682,27.969173986496493,204092400,AAPL
2015-03-18,28.54010581970215,28.69339252092788,28.073583066505737,28.213539383994842,261083600,AAPL
2015-03-19,28.324617385864258,28.71338664410161,28.30240233865916,28.602309713176652,183238000,AAPL
2015-03-20,27.969173431396484,28.524556428562374,27.804780037116988,28.491234702958103,274780400,AAPL
2015-03-23,28.26019287109375,28.402371208638087,28.106906162375846,28.240199836860707,150838800,AAPL
2015-03-24,28.144676208496094,28.44458191910523,28.11579511873549,28.264639509679526,131369200,AAPL
2015-03-25,27.40934181213379,28.17355160991336,27.40934181213379,28.111348802168397,206620800,AAPL
2015-03-26,27.600393295288086,27.742571620841588,27.236061124194826,27.271606553032868,190291600,AAPL
2015-03-27,27.380470275878906,27.70259277763518,27.30493875763532,27.673713378583198,158184800,AAPL
2015-03-30,28.073585510253906,28.080249855252642,27.54708022165996,27.55818859325754,188398800,AAPL
2015-03-31,27.642602920532227,28.10023929752984,27.627052219223547,28.011377420809122,168362400,AAPL
2015-04-01,27.602619171142578,27.79589365397358,27.347141874039412,27.729246813025078,162485600,AAPL
2015-04-02,27.840320587158203,27.893637036917603,27.589287345262466,27.77589576687005,128880400,AAPL
2015-04-06,28.29129981994629,28.32684525874695,27.620395764132066,27.651497175632738,148776000,AAPL
2015-04-07,27.993616104125977,28.462359318870586,27.986951757669406,28.35572638576562,140049200,AAPL
2015-04-08,27.902524948120117,28.080248717080543,27.762568624120924,27.958063414057815,149316800,AAPL
2015-04-09,28.115793228149414,28.12023725469051,27.693702231319484,27.958064183930947,129936000,AAPL
2015-04-10,28.235755920410156,28.260192981167595,27.82699362210292,27.98027863651839,160752000,AAPL
2015-04-13,28.180217742919922,28.562324360961306,28.1269012893116,28.51789087563862,145460400,AAPL
2015-04-14,28.05803871154785,28.277970601609738,27.971398824708327,28.21354576615731,102098400,AAPL
2015-04-15,28.164670944213867,28.24242446960834,27.99361318834602,28.082475086611023,115881600,AAPL
2015-04-16,28.029155731201172,28.235758915493303,28.01582704024673,28.053592794550752,113476000,AAPL
2015-04-17,27.713693618774414,28.022487343944757,27.64926879695406,27.891417382065,207828000,AAPL
2015-04-20,28.34683609008789,28.4623553673972,27.80700206835276,27.89586396353667,188217200,AAPL
2015-04-21,28.193553924560547,28.48013098094247,28.140235765089624,28.457917623512692,129740400,AAPL
2015-04-22,28.57342529296875,28.628963751952003,28.062472487262376,28.21131515056167,150618000,AAPL
2015-04-23,28.806692123413086,28.973307527112027,28.46679697105117,28.50234240405872,183083600,AAPL
2015-04-24,28.942197799682617,29.019952988306823,28.708935623608095,28.98885159081676,178103600,AAPL
2015-04-27,29.46870994567871,29.575346245548285,29.135479135634252,29.393178442287084,387816800,AAPL
2015-04-28,29.004404067993164,29.888575379490185,28.784473941475714,29.870806055766316,475696000,AAPL
2015-04-29,28.57787322998047,29.233226457714377,28.502341728977694,28.915548055956197,253544400,AAPL
2015-04-30,27.80255889892578,28.57787547888214,27.675931252944945,28.57787547888214,332781600,AAPL
2015-05-01,28.64674186706543,28.90888520558984,27.835881568938238,28.013603654255334,234050400,AAPL
2015-05-04,28.591205596923828,29.006635685468652,28.493457340795633,28.768929390811504,203953200,AAPL
2015-05-05,27.946958541870117,28.535664962892916,27.942514515164522,28.469018121505634,197085600,AAPL
2015-05-06,27.771459579467773,28.15800689181304,27.40490530461807,28.115797108344967,288564000,AAPL
2015-05-07,27.943225860595703,28.12615286272981,27.66660321192148,27.833914556628738,175763600,AAPL
2015-05-08,28.469703674316406,28.469703674316406,28.132849635444217,28.26000621009435,222201600,AAPL
2015-05-11,28.179689407348633,28.456310328431748,28.025762439836637,28.418386835617703,168143200,AAPL
2015-05-12,28.079303741455078,28.30461510965887,27.845067196000144,28.019070708862035,192640000,AAPL
2015-05-13,28.110538482666016,28.373775078379587,28.079307166393143,28.14176979893889,138776800,AAPL
2015-05-14,28.766401290893555,28.766401290893555,28.36708631302993,28.42285677051672,180814000,AAPL
2015-05-15,28.72624969482422,28.88686889308668,28.601324408166477,28.79317492809337,152832000,AAPL
2015-05-18,29.04302406311035,29.161257160981794,28.634783904740452,28.63924649445973,203531600,AAPL
2015-05-19,29.016254425048828,29.196950157503426,28.920327470857302,29.154564066392645,178532800,AAPL
2015-05-20,29.014020919799805,29.21925578540813,28.853401737330955,29.000636555253806,145819600,AAPL
2015-05-21,29.310710906982422,29.364251752243845,28.962703922676564,29.016244767937987,158921600,AAPL
2015-05-22,29.567264556884766,29.66319151483739,29.31295140420748,29.35757049383677,182384000,AAPL
2015-05-26,28.915864944458008,29.649806051808497,28.804324032431605,29.580651230985488,282790400,AAPL
2015-05-27,29.455730438232422,29.504808724983548,29.011799668019176,29.076491916576888,183332800,AAPL
2015-05-28,29.397724151611328,29.43564765535413,29.246030136640115,29.41557110701242,122933200,AAPL
2015-05-29,29.063095092773438,29.32410037647806,28.978322923995577,29.275022110760137,203538000,AAPL
2015-06-01,29.12110137939453,29.310722301615094,29.011793458266705,29.06310132744831,128451200,AAPL
2015-06-02,28.99171257019043,29.147869151254092,28.848940352652487,28.969403028342118,134670400,AAPL
2015-06-03,29.027400970458984,29.210329669290964,28.978322705111765,29.147867041386856,123934000,AAPL
2015-06-04,28.857868194580078,29.130028323353766,28.75748204307215,28.906946473798865,153800400,AAPL
2015-06-05,28.699472427368164,28.931479407354722,28.634780202616195,28.889093320398054,142507200,AAPL
2015-06-08,28.509855270385742,28.824401431399306,28.293465647897676,28.75524321274129,210699200,AAPL
2015-06-09,28.425086975097656,28.572321802981325,28.0235406937391,28.2644677817625,224301600,AAPL
2015-06-10,28.75078582763672,28.853401557823254,28.521010125158224,28.536625784357813,156349200,AAPL
2015-06-11,28.68608856201172,29.040787815926894,28.66154942724008,28.81770601035133,141563600,AAPL
2015-06-12,28.36931800842285,28.628093767290103,28.35593364226745,28.596862444941216,147544800,AAPL
2015-06-15,28.31354522705078,28.384931343996573,28.043616419162653,28.130618196003486,175955600,AAPL
2015-06-16,28.465234756469727,28.521005201408723,28.190845120478034,28.33807821008796,125976400,AAPL
2015-06-17,28.398311614990234,28.527697755436247,28.273384659348007,28.492005555237707,131672400,AAPL
2015-06-18,28.527700424194336,28.62362566779641,28.38046731888597,28.382698613475533,141628800,AAPL
2015-06-19,28.242164611816406,28.514324767558886,28.197548918276162,28.489785625517868,218867600,AAPL
2015-06-22,28.467472076416016,28.56785821776298,28.34923898043604,28.4407016444665,136157200,AAPL
2015-06-23,28.338083267211914,28.467471131035477,28.304620653881102,28.438471107204354,121075600,AAPL
2015-06-24,28.57901382446289,28.956022667693063,28.358163285862766,28.378239833926724,221123600,AAPL
2015-06-25,28.442934036254883,28.822172475946548,28.442934036254883,28.74632546879995,127752400,AAPL
2015-06-26,28.275619506835938,28.552240475555756,28.222080348820942,28.480854364209378,176267200,AAPL
2015-06-29,27.78037452697754,28.213153736274986,27.769221458869445,27.987840655952414,196645600,AAPL
2015-06-30,27.981155395507812,28.135082410490618,27.853998814167916,28.012386717101517,177482800,AAPL
2015-07-01,28.242164611816406,28.318013333210356,28.106084533945165,28.309089854106386,120955200,AAPL
2015-07-02,28.206464767456055,28.26223522028511,28.05699866037003,28.20423347278873,108844000,AAPL
2015-07-06,28.108301162719727,28.159610715300094,27.851756803775352,27.871835046777658,112241600,AAPL
2015-07-07,28.039152145385742,28.141769569729256,27.610833793456596,28.083767824846724,187787200,AAPL
2015-07-08,27.343135833740234,27.804915086186213,27.33644365213623,27.76922288363849,243046400,AAPL
2015-07-09,26.785436630249023,27.675532700928322,26.595817405444773,27.628685718469345,314380000,AAPL
2015-07-10,27.501527786254883,27.628684361535427,27.039748465290874,27.202598950394385,245418000,AAPL
2015-07-13,28.0324649810791,28.05477282480238,27.73353442885316,27.89192233186163,165762000,AAPL
2015-07-14,28.021312713623047,28.190855404641713,27.89415612085393,28.117237981991295,127072400,AAPL
2015-07-15,28.29123878479004,28.364856200215463,28.014617780682237,28.045849102017986,134596800,AAPL
2015-07-16,28.668237686157227,28.681625451984694,28.409463712129085,28.496465468239993,144889600,AAPL
2015-07-17,28.915864944458008,28.915864944458008,28.62362829958219,28.795402257211233,184658800,AAPL
2015-07-20,29.4624080657959,29.663180277232627,29.156783756619426,29.21701678163338,235600800,AAPL
2015-07-21,29.167953491210938,29.652040723851933,29.072029924337144,29.63642676355207,307025600,AAPL
2015-07-22,27.934309005737305,27.99677165024984,27.213753894871886,27.213753894871886,461802400,AAPL
2015-07-23,27.920921325683594,28.351467603111896,27.898611782166114,28.152924920056645,203998000,AAPL
2015-07-24,27.77368927001953,28.050310276957866,27.63984050549965,27.95661631199189,168649200,AAPL
2015-07-27,27.387746810913086,27.575136373552354,27.242745029107155,27.459132905733103,177822000,AAPL
2015-07-28,27.523832321166992,27.642067106761964,27.33867571764468,27.523832321166992,134472400,AAPL
2015-07-29,27.436832427978516,27.55060463216349,27.276213246065424,27.47252633594996,148046800,AAPL
2015-07-30,27.29852294921875,27.343138632464825,27.1512881309441,27.28736817741762,134513200,AAPL
2015-07-31,27.059823989868164,27.358752795623563,26.972822220910746,27.349829319066504,171540000,AAPL
2015-08-03,26.421810150146484,27.34313741374917,26.216573591216193,27.104439944865323,279904000,AAPL
2015-08-04,25.574098587036133,26.25672838166463,25.264015006993834,26.19426574712073,496554400,AAPL
2015-08-05,25.743640899658203,26.19872799073188,25.007470254866853,25.19708945065277,397250400,AAPL
2015-08-06,25.79966926574707,26.10667542051298,25.573337945863234,25.987907127771592,211612000,AAPL
2015-08-07,25.88706398010254,26.05065161995523,25.658491272988158,25.67641901345925,154681600,AAPL
2015-08-10,26.8282470703125,26.888751051054925,26.11339430736292,26.11339430736292,219806400,AAPL
2015-08-11,25.432153701782227,26.48314379074808,25.39629993693712,26.400229288163885,388331200,AAPL
2015-08-12,25.824316024780273,25.864652581979026,24.567161986716236,25.217027981725828,404870000,AAPL
2015-08-13,25.804147720336914,26.084262216411602,25.66745170947781,26.003589104767435,194143200,AAPL
2015-08-14,25.98566246032715,26.0640941805923,25.548684511933267,25.618152362784787,171718000,AAPL
2015-08-17,26.254573822021484,26.364378232100474,25.882580929145096,26.00359060358621,163538800,AAPL
2015-08-18,26.10666847229004,26.317315099765885,25.996864079315262,26.0909821304365,138242800,AAPL
2015-08-19,25.77277183532715,26.1111488736232,25.698821207216227,26.017030824945476,193146000,AAPL
2015-08-20,25.243921279907227,25.624876349203426,25.015346870582803,25.564372364196007,274006400,AAPL
2015-08-21,23.699926376342773,25.075848563806566,23.675276165355385,24.746433662141552,513102000,AAPL
2015-08-24,23.108322143554688,24.381162265078455,20.616423395872122,21.25956678468572,648825200,AAPL
2015-08-25,23.24725914001465,24.898814636838587,23.193477641585982,24.898814636838587,414406400,AAPL
2015-08-26,24.580612182617188,24.625429826094532,23.540827124854484,23.99797255931064,387098400,AAPL
2015-08-27,25.30442237854004,25.376131620216796,24.654556414147635,25.14980034129892,338464400,AAPL
2015-08-28,25.3873348236084,25.391815902863165,24.99517456601919,25.13635164326541,212657600,AAPL
2015-08-31,25.268566131591797,25.66520746167961,25.09825605819991,25.104978531809078,224917200,AAPL
2015-09-01,24.139148712158203,25.071368928809964,24.058475595083692,24.683691397569483,307383600,AAPL
2015-09-02,25.174448013305664,25.174448013305664,24.455114225615663,24.701616338576237,247555200,AAPL
2015-09-03,24.732994079589844,25.273054024553623,24.659043430585424,25.20806724600581,212935600,AAPL
2015-09-04,24.48648452758789,24.75091264237606,24.316176169352293,24.41925808397372,199985200,AAPL
2015-09-08,25.167736053466797,25.223758973510794,24.721794088628048,25.04224525966707,219374400,AAPL
2015-09-09,24.68368911743164,25.550922481347587,24.59853321856181,25.4926598985961,340043200,AAPL
2015-09-10,25.225988388061523,25.385093200258346,24.627664296486913,24.71057708457534,251571200,AAPL
2015-09-11,25.59349822998047,25.59349822998047,25.044474562517546,25.051197036127483,199662000,AAPL
2015-09-14,25.840003967285156,26.194069134635672,25.739163422891462,26.124601280039276,233453600,AAPL
2015-09-15,26.057369232177734,26.113392128431876,25.64055874727226,25.978937519358556,173364800,AAPL
2015-09-16,26.086498260498047,26.115629546628753,25.86912918257928,26.050642791706853,148694000,AAPL
2015-09-17,25.528512954711914,26.104428259816004,25.483695321581934,25.918433543611794,256450400,AAPL
2015-09-18,25.423192977905273,25.61367221795262,25.06912952639982,25.14531985467209,297141200,AAPL
2015-09-21,25.81759262084961,25.853448096928165,25.470251672175387,25.472491357167897,200888000,AAPL
2015-09-22,25.4119815826416,25.5867727144517,25.21477992855201,25.40749879431258,201384800,AAPL
2015-09-23,25.618144989013672,25.707781947666117,25.38957236864858,25.46352127808027,143026800,AAPL
2015-09-24,25.770530700683594,25.88257648633874,25.181170483623408,25.378370450890582,200878000,AAPL
2015-09-25,25.705547332763672,26.149249454783625,25.550923581051936,26.09322655456149,224607600,AAPL
2015-09-28,25.196861267089844,25.674175782638905,25.196861267089844,25.51282954930308,208436000,AAPL
2015-09-29,24.439430236816406,25.436638918856183,24.17052099091989,25.28425655693261,293461600,AAPL
2015-09-30,24.717300415039062,24.995173478183187,24.36547672478694,24.688167417260352,265892000,AAPL
2015-10-01,24.555959701538086,24.564923571343716,24.04727077558962,24.441672498620512,255716400,AAPL
2015-10-02,24.735231399536133,24.876410208622598,24.101053439948966,24.204135375817142,232079200,AAPL
2015-10-05,24.824861526489258,24.95707642944402,24.44166518283313,24.62317879043792,208258800,AAPL
2015-10-06,24.943632125854492,25.0399915694046,24.59853090266767,24.791249789767882,192787200,AAPL
2015-10-07,24.824861526489258,25.046711681304316,24.517857198533786,25.039989208383076,187062400,AAPL
2015-10-08,24.53803062438965,24.69265437816253,24.248952250228,24.69265437816253,247918400,AAPL
2015-10-09,25.125150680541992,25.161004447325563,24.535788681322458,24.65007587545633,211064400,AAPL
2015-10-12,25.00861930847168,25.266324960425933,24.972765545678314,25.2618438812079,121868800,AAPL
2015-10-13,25.051198959350586,25.19909851917271,24.802457158588552,24.833829844298798,132197200,AAPL
2015-10-14,24.69713592529297,24.990695384826164,24.551476038080967,24.93915527238215,177849600,AAPL
2015-10-15,25.066883087158203,25.12066458509717,24.7598770216274,24.858477859251334,150694000,AAPL
2015-10-16,24.883127212524414,25.09825490656156,24.76884003736367,25.04895448944583,156930400,AAPL
2015-10-19,25.037748336791992,25.042229415299417,24.674719429111256,24.829343137700178,119036800,AAPL
2015-10-20,25.494897842407227,25.584534814719742,24.83382837725812,24.95035524448626,195871200,AAPL
2015-10-21,25.492660522460938,25.900507160118128,25.479213864072698,25.546442026964304,167180800,AAPL
2015-10-22,25.882579803466797,25.882579803466797,25.568851221488128,25.62039304175565,166616400,AAPL
2015-10-23,26.684825897216797,26.718439976330387,26.068574048972295,26.151486839811653,237467600,AAPL
2015-10-26,25.833274841308594,26.471935447301785,25.752601742690196,26.460731895077686,265335200,AAPL
2015-10-27,25.669694900512695,26.11563673075913,25.544202434904744,25.860172429236382,279537600,AAPL
2015-10-28,26.727399826049805,26.734124009038084,26.00806611776851,26.20302639203805,342205600,AAPL
2015-10-29,27.009754180908203,27.045609649466968,26.503306800454087,26.599666235102223,204909200,AAPL
2015-10-30,26.77895164489746,27.164389548816906,26.76774637874583,27.112847718076413,197461200,AAPL
2015-11-02,27.155418395996094,27.195754949768546,26.803594675190933,27.070264209002307,128813200,AAPL
2015-11-03,27.466907501220703,27.67307136407972,27.04785559133018,27.06802472448119,182076000,AAPL
2015-11-04,27.33917236328125,27.747018964575663,27.254018179602827,27.592395229520825,179544400,AAPL
2015-11-05,27.21314811706543,27.611489079385166,27.04661097037331,27.422445474300787,158210800,AAPL
2015-11-06,27.244651794433594,27.41343990989622,27.145630600923205,27.255905022265036,132169200,AAPL
2015-11-09,27.134374618530273,27.41343712700554,27.017348959170107,27.222144292300733,135485600,AAPL
2015-11-10,26.2791805267334,26.57174724647798,26.11939466862718,26.30843822890864,236511600,AAPL
2015-11-11,26.130653381347656,26.425469434694342,25.928107280307252,26.18916708098192,180872000,AAPL
2015-11-12,26.04288101196289,26.290436569106728,26.027127523335597,26.16440866008837,130102400,AAPL
2015-11-13,25.282211303710938,26.009126294308526,25.266457813116027,25.925856862877318,183249600,AAPL
2015-11-16,25.696304321289062,25.70980682190247,24.98064259975126,25.06616129863884,152426800,AAPL
2015-11-17,25.586023330688477,25.892092524100093,25.502753925259924,25.862834824273246,110467600,AAPL
2015-11-18,26.396207809448242,26.441217281405347,25.99336668252736,26.05188036967263,186698800,AAPL
2015-11-19,26.73153305053711,26.949832595551136,26.27693120190066,26.47497528260345,173183200,AAPL
2015-11-20,26.84856414794922,26.988094560769092,26.747290246352513,26.826057691815596,137148400,AAPL
2015-11-23,26.49972915649414,26.94533045320488,26.407457513189943,26.841805584180257,129930000,AAPL
2015-11-24,26.754039764404297,26.859813920179256,26.35795157371696,26.405212037935286,171212800,AAPL
2015-11-25,26.562746047973633,26.83280804222794,26.537990322241956,26.828306064639612,85553200,AAPL
2015-11-27,26.513229370117188,26.648261199127013,26.46596891676416,26.621254489924844,52185600,AAPL
2015-11-30,26.62350845336914,26.873314961150975,26.499729835278604,26.553741542717557,156721200,AAPL
2015-12-01,26.407468795776367,26.73829385608818,26.299445337512452,26.72479135305567,139409600,AAPL
2015-12-02,26.168912887573242,26.58075636025735,26.123903403816158,26.40746624208892,133546400,AAPL
2015-12-03,25.92585563659668,26.283687358901076,25.705306778699796,26.229675638987786,166278000,AAPL
2015-12-04,26.787796020507812,26.837307470435537,25.905597310708824,25.946106522740475,231108000,AAPL
2015-12-07,26.619014739990234,26.974595501438618,26.513240563875687,26.776551368012537,128336800,AAPL
2015-12-08,26.607759475708008,26.691027181077096,26.29943923103996,26.44797188091549,137238000,AAPL
2015-12-09,26.020368576049805,26.486223564219046,25.89884096387509,26.474970339813602,185445600,AAPL
2015-12-10,26.1441593170166,26.31744944950611,25.99562663474177,26.114903321856897,116850800,AAPL
2015-12-11,25.471250534057617,25.968612614008652,25.39698335529081,25.92360313918105,187544800,AAPL
2015-12-14,25.313720703125,25.35873018692822,24.708333359061726,25.246204760418422,257274800,AAPL
2015-12-15,24.865861892700195,25.385730397420048,24.834354918717334,25.192186576096002,213292400,AAPL
2015-12-16,25.057157516479492,25.203440893124053,24.48552994368631,24.99639455045869,224954000,AAPL
2015-12-17,24.526039123535156,25.261954549588157,24.526039123535156,25.2101921054981,179091200,AAPL
2015-12-18,23.862140655517578,24.64756761837241,23.8126291952399,24.510288183513854,385813200,AAPL
2015-12-21,24.15470314025879,24.163705378434678,23.7586132455266,24.14344991328859,190362400,AAPL
2015-12-22,24.132198333740234,24.242472746324506,23.95665726531862,24.17045655812642,131157600,AAPL
2015-12-23,24.442768096923828,24.49677980942645,24.12544563734299,24.141199125031314,130629600,AAPL
2015-12-24,24.312240600585938,24.53054017780593,24.294236122320022,24.53054017780593,54281600,AAPL
2015-12-28,24.03993034362793,24.235725189970832,23.895897945284286,24.213218732665815,106816800,AAPL
2015-12-29,24.47202491760254,24.62731052796695,24.048930007408522,24.071434745301563,123724800,AAPL
2015-12-30,24.152450561523438,24.463020031640784,24.1209435884826,24.436015035892215,100855200,AAPL
2015-12-31,23.68885040283203,24.08718960898984,23.58982749004638,24.082689347954826,163649200,AAPL
2016-01-04,23.7091064453125,23.713608423784326,22.955186449441953,23.092467603803655,270597600,AAPL
2016-01-05,23.114971160888672,23.82163064861039,23.047456940285645,23.79912590840938,223164000,AAPL
2016-01-06,22.66261863708496,23.038454840426148,22.47582774698311,22.631111657212283,273829600,AAPL
2016-01-07,21.706151962280273,22.534339089007176,21.70165170114115,22.208016070870872,324377600,AAPL
2016-01-08,21.820924758911133,22.304784308939336,21.775915286955563,22.178756413862704,283192000,AAPL
2016-01-11,22.174257278442383,22.29353393971297,21.9064462500791,22.273280189837518,198957600,AAPL
2016-01-12,22.496082305908203,22.660370178573043,22.24402474087501,22.628863197569107,196616800,AAPL
2016-01-13,21.917701721191406,22.77289562148932,21.89744796924307,22.577100767646975,249758400,AAPL
2016-01-14,22.397056579589844,22.613106875133813,21.546364765015802,22.04597785408347,252680400,AAPL
2016-01-15,21.85918617248535,21.989716064011326,21.460846964830314,21.649888835039064,319335600,AAPL
2016-01-19,21.753416061401367,22.201266773710493,21.492356250325585,22.14725505028168,212350800,AAPL
2016-01-20,21.782672882080078,22.097744428563974,21.02425086796548,21.4023363803458,289337600,AAPL
2016-01-21,21.672395706176758,22.027974714138363,21.36632643874029,21.84343310144887,208646000,AAPL
2016-01-22,22.824649810791016,22.833652048076623,22.138245958525182,22.19675792537983,263202000,AAPL
2016-01-25,22.379058837890625,22.849414327314413,22.327296382828717,22.847163337876452,207178000,AAPL
2016-01-26,22.502832412719727,22.7031275176358,22.070735223485162,22.48932991211915,300308000,AAPL
2016-01-27,21.024246215820312,21.746659108426698,21.006241738976197,21.61387995495452,533478800,AAPL
2016-01-28,21.175033569335938,21.271805503136676,20.79244781263631,21.10751934480162,222715200,AAPL
2016-01-29,21.90644645690918,21.90644645690918,21.233544971670028,21.33256788400009,257666000,AAPL
2016-02-01,21.70165252685547,21.764666487210278,21.46985043683529,21.71065476647782,163774000,AAPL
2016-02-02,21.262807846069336,21.61388666857323,21.217796639977845,21.474354505192526,149428800,AAPL
2016-02-03,21.68364906311035,21.793923498895694,21.17278438887882,21.379830758884445,183857200,AAPL
2016-02-04,21.85787010192871,22.02304938559196,21.538827548987342,21.69042934170642,185886800,AAPL
2016-02-05,21.27409553527832,21.930284768598725,21.199427077260204,21.839775611189257,185672400,AAPL
2016-02-08,21.498106002807617,21.654232529241604,21.052349828551243,21.07271348257014,216085600,AAPL
2016-02-09,21.493574142456055,21.7085335517024,21.253726404495982,21.33518445254245,177324800,AAPL
2016-02-10,21.33066177368164,21.801307972120107,21.292195946026556,21.7040109380806,169374400,AAPL
2016-02-11,21.201679229736328,21.432477565937162,20.95051724839192,21.222044601197734,200298800,AAPL
2016-02-12,21.267311096191406,21.382710333742793,21.045565437246715,21.312566545387476,161405600,AAPL
2016-02-16,21.866931915283203,21.914448841105195,21.40759990601844,21.500370553675044,196231600,AAPL
2016-02-17,22.20180892944336,22.222172580506005,21.75605281989877,21.87371349855906,179452800,AAPL
2016-02-18,21.78095245361328,22.37604744487206,21.742484885274376,22.364733149539603,156084000,AAPL
2016-02-19,21.731159210205078,21.894075297350927,21.676854423262476,21.722108124661634,141496800,AAPL
2016-02-22,21.921226501464844,21.925752907328235,21.704005630608744,21.792251555446594,137123200,AAPL
2016-02-23,21.425701141357422,21.835253002769754,21.394023192205015,21.812626142849286,127770400,AAPL
2016-02-24,21.74473762512207,21.808093505328504,21.11570177690352,21.265042117091483,145022800,AAPL
2016-02-25,21.894079208374023,21.894079208374023,21.55240800492678,21.7334262954955,110330800,AAPL
2016-02-26,21.92801856994629,22.179178881360585,21.853348401686738,21.993635925463597,115964400,AAPL
2016-02-29,21.878246307373047,22.226705491288204,21.86919521770162,21.91671214373748,140865200,AAPL
2016-03-01,22.74712371826172,22.80142851449741,22.043417665277012,22.09546098447838,201628400,AAPL
2016-03-02,22.796903610229492,22.82858155158241,22.54574155641827,22.74259881452711,132678400,AAPL
2016-03-03,22.96660804748535,23.01412496042539,22.72902175646678,22.75843822137135,147822800,AAPL
2016-03-04,23.30827522277832,23.47571599081362,22.93718934425789,23.163461305615133,184220400,AAPL
2016-03-07,23.05032730102539,23.267548195392372,22.84441896990525,23.167987971438176,143315600,AAPL
2016-03-08,22.86025619506836,23.02543548799518,22.717705479544886,22.803688204196146,126247600,AAPL
2016-03-09,22.8806209564209,22.98470584967883,22.688288411554122,22.92361145443563,108806800,AAPL
2016-03-10,22.89194107055664,23.13405207582251,22.661144357421886,22.94624760120367,134054400,AAPL
2016-03-11,23.13857650756836,23.143101188243314,22.966609294506334,23.134050100574946,109632800,AAPL
2016-03-14,23.197399139404297,23.28564678653803,23.02995838276895,23.059374840586177,100304400,AAPL
2016-03-15,23.663530349731445,23.799293228423046,23.498351001005574,23.52324106350288,160270800,AAPL
2016-03-16,23.978044509887695,24.054976162517963,23.66578803991725,23.670314446729847,153214000,AAPL
2016-03-17,23.9395751953125,24.09117700139507,23.74950584220155,23.87621759339676,137682800,AAPL
2016-03-18,23.966724395751953,24.09796254033488,23.801546839913073,24.061758199904567,176820800,AAPL
2016-03-21,23.9644718170166,24.35818467062962,23.790241385061908,23.968996498091382,142010800,AAPL
2016-03-22,24.147748947143555,24.276723922528895,23.806077732017386,23.81512881948704,129777600,AAPL
2016-03-23,24.014249801635742,24.22694606118785,23.962208201735915,24.093446392792263,102814000,AAPL
2016-03-24,23.910154342651367,24.04139247589488,23.733662514098,23.864900647341514,104532000,AAPL
2016-03-28,23.80154800415039,24.027819963953874,23.77213154453238,23.984827739169436,77645600,AAPL
2016-03-29,24.36497688293457,24.38986694906318,23.73141438818274,23.733677592281406,124760400,AAPL
2016-03-30,24.790355682373047,24.984949708411346,24.5731348053271,24.58444909398996,182404400,AAPL
2016-03-31,24.661388397216797,24.867296775912425,24.636498335477356,24.826567740913212,103553600,AAPL
2016-04-01,24.887662887573242,24.889926091496275,24.48263570128973,24.613873907725036,103496000,AAPL
2016-04-04,25.143342971801758,25.385453920701245,24.951010408261794,24.984951550434623,149424800,AAPL
2016-04-05,24.846925735473633,25.055097270450286,24.75867980079629,24.779045176816258,106314800,AAPL
2016-04-06,25.10714340209961,25.111669809286663,24.70890415924688,24.941965792461293,105616400,AAPL
2016-04-07,24.559560775756836,24.984951474246955,24.464526959017267,24.878603368044878,127207600,AAPL
2016-04-08,24.586711883544922,24.83787216971988,24.475837380731146,24.64327987327185,94326800,AAPL
2016-04-11,24.668170928955078,25.027944281096357,24.62518042590393,24.656858365549297,117630000,AAPL
2016-04-12,24.989482879638672,25.003058648654925,24.586718953183524,24.74058227221714,108929200,AAPL
2016-04-13,25.351518630981445,25.41939920467928,25.070941795129475,25.070941795129475,133029200,AAPL
2016-04-14,25.36509895324707,25.43071806135599,25.190870217199794,25.256489325308717,101895600,AAPL
2016-04-15,24.855974197387695,25.41034152930501,24.82882266731892,25.367349304938738,187756000,AAPL
2016-04-18,24.31971549987793,24.652333892236424,24.197528411813874,24.638758124557654,243286000,AAPL
2016-04-19,24.190736770629883,24.437372385517694,24.03687176433501,24.41021912805927,129539600,AAPL
2016-04-20,24.240522384643555,24.45774333015846,23.99841137727936,24.12964957133585,122444000,AAPL
2016-04-21,23.978044509887695,24.195265426295872,23.87622107242492,24.195265426295872,126210000,AAPL
2016-04-22,23.912424087524414,24.09344237092434,23.67257632939006,23.760822267809996,134732400,AAPL
2016-04-25,23.776660919189453,23.905635883328365,23.647685955050544,23.758558745828626,112126400,AAPL
2016-04-26,23.611478805541992,23.826438204469056,23.511920316512022,23.511920316512022,224064800,AAPL
2016-04-27,22.13393211364746,22.335314102332017,21.649710059246537,21.72211704701718,458408400,AAPL
2016-04-28,21.457372665405273,22.1475011810835,21.32613450031771,22.086408504959696,328970800,AAPL
2016-04-29,21.210739135742188,21.43248647977647,20.93242551178816,21.267307141980485,274126000,AAPL
2016-05-02,21.1881103515625,21.287670585909353,20.907533549506745,21.26278052732264,192640400,AAPL
2016-05-03,21.536569595336914,21.663281366246807,21.197161586412495,21.314822269926196,227325200,AAPL
2016-05-04,21.31255531311035,21.699480136643114,21.228834070960072,21.541088737411613,164102000,AAPL
2016-05-05,21.22605323791504,21.41500286744286,21.098569987548814,21.39906746114708,143562000,AAPL
2016-05-06,21.107675552368164,21.273858822090435,20.90961973417624,21.255648170316455,174799600,AAPL
2016-05-09,21.123607635498047,21.34670328189043,21.07807667115257,21.17141384543927,131745600,AAPL
2016-05-10,21.26702880859375,21.301176601729335,20.968808337989397,21.246541174809746,134747200,AAPL
2016-05-11,21.059864044189453,21.301172053655105,21.048480869965076,21.28068442424547,114876400,AAPL
2016-05-12,20.565866470336914,21.121332116024682,20.36781240640932,21.10767369418935,305258800,AAPL
2016-05-13,20.60684585571289,20.86864330441437,20.488468800183266,20.488468800183266,177571200,AAPL
2016-05-16,21.37174415588379,21.48784594000559,20.86408651259446,21.0325467329084,245039200,AAPL
2016-05-17,21.2829647064209,21.5584205669201,21.173693850052576,21.52427450982309,187667600,AAPL
2016-05-18,21.526554107666016,21.674526753374128,21.37402923236765,21.43549562122653,168249600,AAPL
2016-05-19,21.444595336914062,21.544761734036086,21.30117668934936,21.544761734036086,121768400,AAPL
2016-05-20,21.67679214477539,21.724598345640228,21.517436405064235,21.54475497848487,128104000,AAPL
2016-05-23,21.952253341674805,22.125267542462378,21.779239140887235,21.82477010784649,152074400,AAPL
2016-05-24,22.28689956665039,22.330151816165124,22.045589773017973,22.132097745705188,140560800,AAPL
2016-05-25,22.67845344543457,22.705770285464567,22.334702068152218,22.462185286501768,152675200,AAPL
2016-05-26,22.85830307006836,22.93115089139935,22.45536220143362,22.692118054966603,225324800,AAPL
2016-05-27,22.844642639160156,22.871961223146894,22.594228364850043,22.63748235528845,145364800,AAPL
2016-05-31,22.733097076416016,22.856028111455124,22.496341201914312,22.673907673583287,169228800,AAPL
2016-06-01,22.414384841918945,22.660246886366746,22.38479101200226,22.541868093041938,116693200,AAPL
2016-06-02,22.245920181274414,22.273237022921467,21.997781203065305,22.21860160279867,160766400,AAPL
2016-06-03,22.29144859313965,22.37112560641008,22.1844530023928,22.26185477016167,114019600,AAPL
2016-06-06,22.453088760375977,23.195227251323377,22.20722841011903,22.307393094731363,93170000,AAPL
2016-06-07,22.544145584106445,22.735372201930687,22.52821017735685,22.59422878727063,89638000,AAPL
2016-06-08,22.523656845092773,22.6647985160103,22.464467449995333,22.541867497036687,83392400,AAPL
2016-06-09,22.685291290283203,22.762691348934236,22.414387611346097,22.42349380709844,106405600,AAPL
2016-06-10,22.49861717224121,22.616994235748717,22.418940135569898,22.43032157690629,126851600,AAPL
2016-06-13,22.159414291381836,22.56463209429389,22.104778866146614,22.46674268329849,152082000,AAPL
2016-06-14,22.18673324584961,22.41893684645813,22.025102213221146,22.15486243585689,127727600,AAPL
2016-06-15,22.113887786865234,22.40300382708042,22.088846185371665,22.268689624812268,117780800,AAPL
2016-06-16,22.207225799560547,22.252755038411323,21.870303526845767,21.956809775393893,125307200,AAPL
2016-06-17,21.701841354370117,22.0023388201696,21.695012142824737,21.99550960862422,244032800,AAPL
2016-06-20,21.649477005004883,21.9841222009625,21.633541602189215,21.854361996083895,137647600,AAPL
2016-06-21,21.83387565612793,21.934040306821196,21.55386586229536,21.613055249179165,142185600,AAPL
2016-06-22,21.751924514770508,22.056974208762426,21.70639354317016,21.911278573299274,116876400,AAPL
2016-06-23,21.877126693725586,21.920380674461924,21.683624876836088,21.8407036600755,128960800,AAPL
2016-06-24,21.262475967407227,21.54931498992115,21.091738743477556,21.150928134085255,301245600,AAPL
2016-06-27,20.952877044677734,21.182803710961903,20.829946007362317,21.171420532073174,181958400,AAPL
2016-06-28,21.305728912353516,21.321666054463222,20.97563763003897,21.148651842251095,161779600,AAPL
2016-06-29,21.490123748779297,21.524271537990504,21.314832574681827,21.39223434601581,146124000,AAPL
2016-06-30,21.763307571411133,21.802007597523946,21.467364049759535,21.49923486383234,143345600,AAPL
2016-07-01,21.829322814941406,21.961360016776208,21.70183957831682,21.738262615854342,104106000,AAPL
2016-07-05,21.624433517456055,21.717770680658365,21.50377951571921,21.71549369850432,110820800,AAPL
2016-07-06,21.74736785888672,21.776963420972997,21.483295203588348,21.5356536434154,123796400,AAPL
2016-07-07,21.84070587158203,21.968189107508774,21.767858060076918,21.786068710331573,100558400,AAPL
2016-07-08,22.009164810180664,22.05697102082978,21.86574617823332,21.965910827619155,115648400,AAPL
2016-07-11,22.077463150024414,22.229987994048525,22.020550739254617,22.025102967911465,95179600,AAPL
2016-07-12,22.177623748779297,22.241365359270755,22.109329910465,22.120711348436405,96670000,AAPL
2016-07-13,22.052413940429688,22.234532549949666,22.04558299455824,22.17534491369055,103568800,AAPL
2016-07-14,22.4895076751709,22.535036907490163,22.154862433454767,22.170797838449396,155676000,AAPL
2016-07-15,22.487234115600586,22.605612916576966,22.423492485919063,22.519104930441348,120548000,AAPL
2016-07-18,22.72626304626465,22.794556893367258,22.446253236340294,22.469017852041166,145975600,AAPL
2016-07-19,22.73537254333496,22.76496637436316,22.614716762614393,22.664799966530648,95119600,AAPL
2016-07-20,22.755861282348633,22.869686119737427,22.705778076004894,22.76496747775924,105104000,AAPL
2016-07-21,22.63520622253418,22.992616126512747,22.566910628416856,22.726266435747576,130808000,AAPL
2016-07-22,22.459911346435547,22.605606957825405,22.38023259350751,22.596500765009953,113254800,AAPL
2016-07-25,22.159414291381836,22.500888738552472,22.063801863012984,22.366576289676537,161531600,AAPL
2016-07-26,22.006887435913086,22.302832624371444,21.9499750332733,22.041035224862693,224959200,AAPL
2016-07-27,23.4365291595459,23.755238994973727,23.39099992741144,23.737026607388394,369379200,AAPL
2016-07-28,23.752965927124023,23.77800752997383,23.40693919011725,23.40921617314791,159479200,AAPL
2016-07-29,23.72336769104004,23.800769468251264,23.602713665250537,23.71881546265295,110934800,AAPL
2016-08-01,24.142250061035156,24.165014682425834,23.768904712374354,23.768904712374354,152671600,AAPL
2016-08-02,23.784835815429688,24.146797919457065,23.675563220974293,24.1422456907347,135266400,AAPL
2016-08-03,24.083059310913086,24.09444075255813,23.850855669940664,23.859961865354208,120810400,AAPL
2016-08-04,24.231830596923828,24.261584742018446,24.09678879267462,24.16545435364713,109634800,AAPL
2016-08-05,24.600330352783203,24.63924001955661,24.30278193880834,24.323380557839805,162213600,AAPL
2016-08-08,24.80403709411621,24.80403709411621,24.52708903271134,24.609485258853,112148800,AAPL
2016-08-09,24.90474510192871,24.934500993309076,24.721639849436276,24.771994361398967,105260800,AAPL
2016-08-10,24.719348907470703,24.925343830947153,24.6644175099562,24.88185552870278,96034000,AAPL
2016-08-11,24.703327178955078,24.932210039226604,24.68501613103632,24.838367228321207,109938000,AAPL
2016-08-12,24.76055145263672,24.820061493806705,24.66899794612241,24.66899794612241,74641600,AAPL
2016-08-15,25.058095932006836,25.07182834461946,24.73765958322399,24.75139199583661,103472800,AAPL
2016-08-16,25.03520965576172,25.22976150751289,24.996299983906624,25.092430377750215,135177600,AAPL
2016-08-17,24.998586654663086,25.032919433468297,24.797168616999258,24.97112008237138,101424000,AAPL
2016-08-18,24.966543197631836,25.085561518440528,24.952809038364844,25.000875976442813,87938800,AAPL
2016-08-19,25.0306339263916,25.106165702014025,24.80175102783004,24.895592108196556,101472400,AAPL
2016-08-22,24.836078643798828,24.971118687655874,24.68501512398833,24.916187292378225,103280800,AAPL
2016-08-23,24.91390037536621,25.021475605068048,24.840657925859944,24.854390339443075,85030800,AAPL
2016-08-24,24.726215362548828,24.891011302987323,24.64610670990169,24.8498123178777,94700400,AAPL
2016-08-25,24.620929718017578,24.691882847370994,24.417224107868105,24.579730732468377,100344800,AAPL
2016-08-26,24.47673988342285,24.707910374007554,24.33254252705626,24.584315134604886,111065200,AAPL
2016-08-29,24.449268341064453,24.591176350488606,24.327960698184036,24.403492465114848,99881200,AAPL
2016-08-30,24.26158905029297,24.376030508077367,24.147147592508567,24.215813165674433,99455600,AAPL
2016-08-31,24.284469604492188,24.392044821479804,24.179183704910436,24.18376233972216,118649600,AAPL
2016-09-01,24.428668975830078,24.444690706547647,24.174608855710293,24.293627177292564,106806000,AAPL
2016-09-02,24.657546997070312,24.719344590201388,24.449262792421916,24.65067904562256,107210000,AAPL
2016-09-06,24.65068244934082,24.788013557460886,24.607195894924537,24.696460067460034,107521600,AAPL
2016-09-07,24.801740646362305,24.89329411671223,24.506481621258324,24.680433040299462,169457200,AAPL
2016-09-08,24.151721954345703,24.552267014663258,24.087635024092958,24.547690125175723,212008000,AAPL
2016-09-09,23.604686737060547,24.19749420262541,23.604686737060547,23.950300315527222,186228000,AAPL
2016-09-12,24.133413314819336,24.19750024683711,23.467363243696187,23.49482982009149,181171200,AAPL
2016-09-13,24.707904815673828,24.900167332164877,24.54539818951082,24.60719754154775,248704800,AAPL
2016-09-14,25.582242965698242,25.870635931202962,24.85668453504217,24.88644043196196,443554800,AAPL
2016-09-15,26.45199203491211,26.488614130670957,25.97591526747291,26.06060255423702,359934400,AAPL
2016-09-16,26.303211212158203,26.580159193297337,26.10179497484898,26.348988820344754,319547600,AAPL
2016-09-19,25.996517181396484,26.5916123030239,25.920985414072987,26.365018747291153,188092000,AAPL
2016-09-20,25.994226455688477,26.1201127277421,25.751611181808023,25.87520813630495,138057200,AAPL
2016-09-21,25.989654541015625,26.090361831695407,25.73559437696434,26.058318364719387,144012800,AAPL
2016-09-22,26.234560012817383,26.30780247483782,26.092651978673636,26.1727606486588,124296000,AAPL
2016-09-23,25.797386169433594,26.273462923090836,25.531882967818554,26.188775638778342,209924800,AAPL
2016-09-26,25.836292266845703,25.95302299477781,25.531879441337228,25.552478057081945,119477600,AAPL
2016-09-27,25.88435935974121,25.90495972324331,25.712697230919463,25.86376074247659,98429600,AAPL
2016-09-28,26.081199645996094,26.239129368791218,25.96218133422534,26.021691363229483,118564400,AAPL
2016-09-29,25.67608070373535,26.046871585785244,25.589105840841654,25.900386687102312,143548000,AAPL
2016-09-30,25.875207901000977,25.9484503460104,25.58910432733329,25.74016610618626,145516400,AAPL
2016-10-03,25.753902435302734,25.875211835824874,25.698971029751696,25.7973907439095,86807200,AAPL
2016-10-04,25.863765716552734,26.163601733762686,25.779078421401593,25.877498130703476,118947200,AAPL
2016-10-05,25.875207901000977,26.01482658464982,25.79280993208567,25.955316552380403,85812400,AAPL
2016-10-06,26.067468643188477,26.170465231130333,25.89351718159294,26.023980341230185,115117200,AAPL
2016-10-07,26.10637855529785,26.22081998574715,25.98049402954621,26.1635992705225,97433600,AAPL
2016-10-10,26.561861038208008,26.722078368474566,26.257446364463615,26.326110186190167,144944000,AAPL
2016-10-11,26.619075775146484,27.166105639172304,26.596186093481776,26.939510363601958,256164000,AAPL
2016-10-12,26.85711097717285,27.003597597873863,26.722070942935716,26.85940029446563,150347200,AAPL
2016-10-13,26.774717330932617,26.880003235410353,26.486324442696798,26.731229029386608,140769600,AAPL
2016-10-14,26.923492431640625,27.0470893958653,26.809050992125677,26.9807131513981,142608800,AAPL
2016-10-17,26.905183792114258,26.971558291980898,26.728942993020848,26.854829278087568,94499600,AAPL
2016-10-18,26.886873245239258,27.056246094121228,26.882294609566905,27.049379886850563,98214000,AAPL
2016-10-19,26.806764602661133,26.95324951200044,26.046873480624278,26.836518749601414,80138400,AAPL
2016-10-20,26.79302978515625,26.866272238030678,26.625946258085435,26.747253906948913,96503200,AAPL
2016-10-21,26.687740325927734,26.75869519784017,26.61449788277504,26.735805515536914,92770800,AAPL
2016-10-24,26.928068161010742,26.948666779706272,26.779293956449614,26.80218189263496,94154800,AAPL
2016-10-25,27.065397262573242,27.090574516004875,26.85024682278932,26.996731708443775,192516000,AAPL
2016-10-26,26.45656967163086,26.48174692661736,25.93471701597914,26.16359988222903,264536800,AAPL
2016-10-27,26.2025146484375,26.518372415621062,26.11553803054444,26.410797175324642,138248000,AAPL
2016-10-28,26.028560638427734,26.369595630794517,25.96676128472614,26.062893418679984,151446800,AAPL
2016-10-31,25.98735809326172,26.145287813056154,25.909537018929132,26.012535345583657,105677600,AAPL
2016-11-01,25.518152236938477,26.04000493282985,25.2984248779441,25.969051797617304,175303200,AAPL
2016-11-02,25.541030883789062,25.714982301212103,25.458634682101504,25.497544339111194,113326800,AAPL
2016-11-03,25.26727294921875,25.642266892785667,25.20285698396342,25.531840025263218,107730400,AAPL
2016-11-04,25.039508819580078,25.363891402462773,24.871567483003545,24.968191409954677,123348000,AAPL
2016-11-07,25.40070343017578,25.423708878055244,25.18214728731297,25.324783872490706,130240000,AAPL
2016-11-08,25.550241470336914,25.70208059611489,25.237362443161036,25.377697966609183,97016800,AAPL
2016-11-09,25.508831024169922,25.61005710827959,24.8577682024011,25.27877301861398,236705600,AAPL
2016-11-10,24.79795265197754,25.557143017878346,24.347039171303557,25.557143017878346,228538000,AAPL
2016-11-11,24.945188522338867,25.04641460202416,24.512680122670883,24.6438131098981,136575600,AAPL
2016-11-14,24.319429397583008,24.80255081531767,23.94443551369246,24.779545367845188,204702000,AAPL
2016-11-15,24.641515731811523,24.77264873869325,24.422961305409807,24.517284184996708,129058000,AAPL
2016-11-16,25.3040828704834,25.35929806283131,24.5241862694052,24.547191721948405,235362000,AAPL
2016-11-17,25.294876098632812,25.386899648584652,25.03721226501154,25.262668119430153,110528000,AAPL
2016-11-18,25.3201847076416,25.43061332773471,25.22816290530128,25.24196582461165,113715600,AAPL
2016-11-21,25.704378128051758,25.76419193736113,25.308678133159383,25.333984650637593,117058400,AAPL
2016-11-22,25.720487594604492,25.863122445096884,25.628464034646015,25.75499489378593,103862000,AAPL
2016-11-23,25.5893497467041,25.653765699916704,25.382297214804243,25.619256652066213,109705600,AAPL
2016-11-25,25.718181610107422,25.73658666962397,25.524931995589796,25.566342501900497,45903600,AAPL
2016-11-28,25.667572021484375,25.874624580847378,25.626161509611773,25.635364040606053,108776000,AAPL
2016-11-29,25.642261505126953,25.773394479759833,25.322481062509873,25.485822013003247,114115200,AAPL
2016-11-30,25.426008224487305,25.812505717013426,25.368493727118555,25.67447127436906,144649200,AAPL
2016-12-01,25.189048767089844,25.522633904830364,25.083222302593835,25.391500921084965,148347600,AAPL
2016-12-02,25.28337287902832,25.32708270259954,25.041811292921707,25.11542977784512,106112000,AAPL
2016-12-05,25.101633071899414,25.31328604902802,24.90378301560855,25.30638458860915,137298000,AAPL
2016-12-06,25.294876098632812,25.389200720014333,25.12003328444787,25.19135070193901,104782000,AAPL
2016-12-07,25.5433406829834,25.580150807244582,25.113133325701664,25.136138775763236,119994800,AAPL
2016-12-08,25.794099807739258,25.86541721561157,25.444410716126722,25.504226278808364,108273200,AAPL
2016-12-09,26.215110778808594,26.387654294479216,25.837815764958435,25.837815764958435,137610400,AAPL
2016-12-12,26.06557273864746,26.45667064611745,25.87922456055831,26.063271667134355,105497600,AAPL
2016-12-13,26.500383377075195,26.66832474553946,26.169099272965543,26.18980365187071,174935200,AAPL
2016-12-14,26.500383377075195,26.732740709071145,26.45207140442643,26.465874323696543,136127200,AAPL
2016-12-15,26.645320892333984,26.85467454156549,26.50958749749872,26.544094797742623,186098000,AAPL
2016-12-16,26.679828643798828,26.80175911257715,26.606210148204177,26.794857652865684,177404400,AAPL
2016-12-19,26.833961486816406,27.004203893200373,26.629210033883563,26.640713634467527,111117600,AAPL
2016-12-20,26.9052791595459,27.031811746397484,26.843164279311598,26.856967195985213,85700000,AAPL
2016-12-21,26.930585861206055,27.008806485032228,26.866169909350997,26.870772051742385,95132800,AAPL
2016-12-22,26.75344467163086,26.804057711784225,26.6039066225968,26.767247589780606,104343600,AAPL
2016-12-23,26.80635643005371,26.80635643005371,26.592402427489088,26.592402427489088,56998000,AAPL
2016-12-27,26.976598739624023,27.10083025720737,26.79945311530583,26.80635457374884,73187600,AAPL
2016-12-28,26.861574172973633,27.151446006509776,26.732740491754218,27.036416999651617,83623600,AAPL
2016-12-29,26.85467529296875,26.942096714705162,26.77875571990097,26.790257568569604,60158000,AAPL
2016-12-30,26.645320892333984,26.96280034100216,26.555598401292904,26.83626947796643,122345200,AAPL
2017-01-03,26.721237182617188,26.762647693029223,26.401456701458834,26.640717233261352,115127600,AAPL
2017-01-04,26.691333770751953,26.804063477233335,26.629218870514205,26.652224324113234,84472400,AAPL
2017-01-05,26.827064514160156,26.884579016290644,26.64301740526128,26.668323926614956,88774400,AAPL
2017-01-06,27.126134872436523,27.183649362365156,26.794850848782673,26.866168254629233,127007600,AAPL
2017-01-09,27.374597549438477,27.475823618608228,27.13303773237843,27.135337048348266,134247600,AAPL
2017-01-10,27.402210235595703,27.46432512719422,27.21586380559681,27.32398959799397,97848400,AAPL
2017-01-11,27.549448013305664,27.59085852729163,27.284880938128854,27.317088920650892,110354400,AAPL
2017-01-12,27.43441390991211,27.44591751090735,27.195153401876347,27.35389396855466,108344800,AAPL
2017-01-13,27.38610076904297,27.519534811964093,27.333186664021486,27.402204756622897,104447600,AAPL
2017-01-17,27.606962203979492,27.662175636930506,27.19745921211967,27.225065050993486,137759200,AAPL
2017-01-18,27.60466194152832,27.721992025791536,27.540245975329984,27.606963013236385,94852000,AAPL
2017-01-19,27.55635643005371,27.627673872899873,27.462033530341415,27.46893499188087,102389200,AAPL
2017-01-20,27.606962203979492,27.710487610163064,27.54484731131003,27.710487610163064,130391600,AAPL
2017-01-23,27.6253662109375,27.79330757501292,27.554047034431193,27.606961148922757,88200800,AAPL
2017-01-24,27.600065231323242,27.629972146699764,27.49193766427968,27.50344126914955,92844000,AAPL
2017-01-25,28.039474487304688,28.090087539110513,27.67138195853999,27.703589945106675,129510400,AAPL
2017-01-26,28.053268432617188,28.168297413554335,27.975047812874386,27.991151799997468,105350400,AAPL
2017-01-27,28.055570602416992,28.147594147568313,27.97505065861076,28.099282181284575,82251600,AAPL
2017-01-30,27.981950759887695,27.981950759887695,27.758795999365482,27.82091088008753,121510000,AAPL
2017-01-31,27.91753387451172,27.926736403793036,27.749592541935872,27.871522983308115,196804000,AAPL
2017-02-01,29.619964599609375,30.02026674415808,29.21966421026375,29.22426459752385,447940000,AAPL
2017-02-02,29.569360733032227,29.76721079542723,29.396817196422887,29.442829859307547,134841600,AAPL
2017-02-03,29.695892333984375,29.721198858894002,29.48423935765253,29.51874665961697,98029200,AAPL
2017-02-06,29.974260330200195,30.02257406292655,29.65447979668952,29.70739567310579,107383600,AAPL
2017-02-07,30.25952911376953,30.388361034891503,30.01106604714577,30.03177042509611,152735200,AAPL
2017-02-08,30.37686538696289,30.41827766411424,30.188219598895046,30.21812827070394,92016400,AAPL
2017-02-09,30.596363067626953,30.603294449258463,30.29599026963115,30.41844937928978,113399600,AAPL
2017-02-10,30.52704620361328,30.716513372844734,30.510874154762057,30.605607739377785,80262000,AAPL
2017-02-13,30.797388076782227,30.919850743443437,30.672619649821705,30.748868392930444,92141600,AAPL
2017-02-14,31.19710922241211,31.213281271299813,30.788140070695363,30.838972553987908,132904800,AAPL
2017-02-15,31.310327529907227,31.48593195505866,31.1046882891064,31.312640341160424,142492400,AAPL
2017-02-16,31.273347854614258,31.400425496207777,31.15550735154518,31.3472837446891,90338400,AAPL
2017-02-17,31.358842849731445,31.38425908773884,31.215589613122148,31.215589613122148,88792800,AAPL
2017-02-21,31.58527183532715,31.596825310218332,31.418911668645606,31.47667551747599,98028800,AAPL
2017-02-22,31.680025100708008,31.68233438687256,31.448969561654085,31.52290550082492,83347600,AAPL
2017-02-23,31.545997619628906,31.76549957330831,31.492855857830456,31.74239614565189,83152800,AAPL
2017-02-24,31.576034545898438,31.576034545898438,31.257176938072412,31.40274298088445,87106400,AAPL
2017-02-27,31.638423919677734,31.756264466169437,31.488239273930557,31.68694711981432,81029600,AAPL
2017-02-28,31.652294158935547,31.7562684286285,31.585286089701402,31.67308830774871,93931600,AAPL
2017-03-01,32.29922866821289,32.38240874255942,31.793220368698762,31.860224874821586,145658400,AAPL
2017-03-02,32.10746383666992,32.41245516840426,32.061249930553956,32.347759930593156,104844000,AAPL
2017-03-03,32.29692459106445,32.308478066569165,32.02196809193067,32.06586918347313,84432400,AAPL
2017-03-06,32.19527053833008,32.294626230528806,32.0242917352759,32.20220192085244,87000000,AAPL
2017-03-07,32.23686218261719,32.34314573112953,32.06818914049128,32.13057510847794,69785200,AAPL
2017-03-08,32.11670684814453,32.301551909230334,32.075118560354035,32.10515337077174,74828800,AAPL
2017-03-09,32.04277801513672,32.068194263515565,31.666159912685085,32.05664430794765,88623600,AAPL
2017-03-10,32.1490478515625,32.19988032103794,32.03352015286843,32.17446408630022,78451200,AAPL
2017-03-13,32.162906646728516,32.21604839440209,32.07510800396895,32.08203938298615,69686800,AAPL
2017-03-14,32.11439895629883,32.26689287710669,32.0797385226766,32.18602558324106,61236400,AAPL
2017-03-15,32.45404052734375,32.52104503689061,32.123629497551406,32.21143167096657,102767200,AAPL
2017-03-16,32.5072021484375,32.583450894228214,32.40784644005779,32.51413353208871,76928000,AAPL
2017-03-17,32.34545135498047,32.57881607322998,32.32234440141568,32.57881607322998,175540000,AAPL
2017-03-20,32.68510055541992,32.69434122074406,32.40089985653458,32.44017885400737,86168000,AAPL
2017-03-21,32.310787200927734,32.994712755487875,32.28537096518604,32.83528396089231,158119600,AAPL
2017-03-22,32.67586898803711,32.71746081212835,32.292316004830674,32.31311367968989,103440800,AAPL
2017-03-23,32.560333251953125,32.71283069351587,32.488706627299024,32.638891257984966,81385200,AAPL
2017-03-24,32.495635986328125,32.749798373115034,32.42863146197127,32.694343799918045,89582400,AAPL
2017-03-27,32.551090240478516,32.62964824085136,32.02890271013015,32.20681637913718,94300400,AAPL
2017-03-28,33.225772857666016,33.281223906665865,32.491014727782115,32.55802277949188,133499200,AAPL
2017-03-29,33.29970932006836,33.3852022314122,33.0848294503589,33.19804436103866,116760000,AAPL
2017-03-30,33.25580596923828,33.387509255140365,33.15645382776915,33.315882636755454,84829200,AAPL
2017-03-31,33.19342803955078,33.33437201036823,33.04323987603545,33.2072908029711,78646800,AAPL
2017-04-03,33.20267105102539,33.299713927446234,33.052486402532196,33.20498386217642,79942800,AAPL
2017-04-04,33.44989013671875,33.47761565559979,33.080200098719224,33.09868495318175,79565600,AAPL
2017-04-05,33.276611328125,33.60933178453863,33.22808812588683,33.32282171915426,110871600,AAPL
2017-04-06,33.19342803955078,33.39213587503724,33.14490484195315,33.33899058109066,84596000,AAPL
2017-04-07,33.11948776245117,33.31357349667773,33.10331571407883,33.209599248029676,66688800,AAPL
2017-04-10,33.08020782470703,33.24425874286062,33.01782186702875,33.17956349994475,75733600,AAPL
2017-04-11,32.7243766784668,33.121792239387545,32.361618016499676,33.02705868141359,121517600,AAPL
2017-04-12,32.7636604309082,32.844527715419915,32.58112466824049,32.717450050383505,81400000,AAPL
2017-04-13,32.59036636352539,32.89767048263503,32.59036636352539,32.789074157625386,71291600,AAPL
2017-04-17,32.77058792114258,32.782141396308624,32.548773185081686,32.689717120605906,66328400,AAPL
2017-04-18,32.62502670288086,32.81911242204733,32.60423255989005,32.67354989548555,58790000,AAPL
2017-04-19,32.504878997802734,32.80987388395424,32.45173723150411,32.782148358168236,69313600,AAPL
2017-04-20,32.91153335571289,33.022438965982026,32.61578271124467,32.62964547182509,93278400,AAPL
2017-04-21,32.872257232666016,32.96698728012244,32.77521437449348,32.91153623295304,69283600,AAPL
2017-04-24,33.18878936767578,33.260415959992535,33.08250235849221,33.156441760641606,68537200,AAPL
2017-04-25,33.39445114135742,33.47994054817826,33.241953665168516,33.25119785952204,75486000,AAPL
2017-04-26,33.198055267333984,33.410629447300266,33.1287414321574,33.38059110163879,80164800,AAPL
2017-04-27,33.22346496582031,33.30895788839654,33.112559325774114,33.25350330556007,56985200,AAPL
2017-04-28,33.19111633300781,33.3413045015207,33.10331765321541,33.29278130230845,83441600,AAPL
2017-05-01,33.868106842041016,34.01136008674115,33.49379815717875,33.5261457777764,134411600,AAPL
2017-05-02,34.08298110961914,34.216993665971486,33.928174413218755,34.089912489635154,181408800,AAPL
2017-05-03,33.97901153564453,34.07836720551908,33.33436842652095,33.63935976585729,182788000,AAPL
2017-05-04,33.856544494628906,33.997488417226116,33.690184339247764,33.85423521005775,93487600,AAPL
2017-05-05,34.418025970458984,34.42264454162355,33.9097010922091,33.9097010922091,109310800,AAPL
2017-05-08,35.353797912597656,35.51322675874134,34.434198084508445,34.434198084508445,195009600,AAPL
2017-05-09,35.58021926879883,35.785858416166704,35.45544738913163,35.55249022574761,156521600,AAPL
2017-05-10,35.41156768798828,35.56868727474601,35.145855250524285,35.497060627723236,103222800,AAPL
2017-05-11,35.717796325683594,35.74563982195557,35.337301584956826,35.36978271379286,109020400,AAPL
2017-05-12,36.216636657714844,36.29087775902097,35.88486166886803,35.89182166148487,130108000,AAPL
2017-05-15,36.12382888793945,36.34423690255087,35.973024335884055,36.195751167848314,104038800,AAPL
2017-05-16,36.070465087890625,36.20734964530216,35.896458214516294,36.179509678419514,80194000,AAPL
2017-05-17,34.8593635559082,35.8616444602618,34.734080212952776,35.636595374057705,203070800,AAPL
2017-05-18,35.39066696166992,35.57627495183137,35.06353681745834,35.09601795022325,134272800,AAPL
2017-05-19,35.51132583618164,35.72477386484505,35.41156358438235,35.58557047581027,107843200,AAPL
2017-05-22,35.72710037231445,35.863984959827846,35.47652999473182,35.72941919000496,91865600,AAPL
2017-05-23,35.683013916015625,35.93822189937736,35.56932813913295,35.93822189937736,79675600,AAPL
2017-05-24,35.57628631591797,35.76885435745666,35.4208405923051,35.69229090430183,76712000,AAPL
2017-05-25,35.69924545288086,35.8106123896768,35.50435862375579,35.666764314693346,76942400,AAPL
2017-05-26,35.63892364501953,35.78509053405886,35.569320195944684,35.72940706676329,87710400,AAPL
2017-05-30,35.65283203125,35.82915764340433,35.57394980003706,35.59482976591507,80507600,AAPL
2017-05-31,35.441707611083984,35.76884128036938,35.353546563465706,35.7224401700159,97804800,AAPL
2017-06-01,35.53916549682617,35.57396899891659,35.316438660236145,35.53684667942517,65616400,AAPL
2017-06-02,36.06581115722656,36.06581115722656,35.471868472609174,35.63195530592104,111082800,AAPL
2017-06-05,35.713165283203125,35.83381102746354,35.604124244177186,35.808289880411884,101326800,AAPL
2017-06-06,35.83380889892578,36.149341452740536,35.6783632089096,35.706203171247324,106499600,AAPL
2017-06-07,36.0472526550293,36.1887783473258,35.84076469808959,35.96605159431426,84278400,AAPL
2017-06-08,35.9590950012207,36.086697185851556,35.82220692905555,36.01941609832216,85003200,AAPL
2017-06-09,34.564720153808594,36.00549844870563,33.87797509248136,36.00549844870563,259530800,AAPL
2017-06-12,33.73877716064453,33.8942228985397,33.063629544575214,33.81302180331773,289229200,AAPL
2017-06-13,34.01022720336914,34.209755253603035,33.676133394588724,34.14247414441947,136661600,AAPL
2017-06-14,33.67845916748047,34.22135989171264,33.37220529831581,34.22135989171264,126124800,AAPL
2017-06-15,33.476593017578125,33.52067531502955,32.994017182789065,33.25154743721436,128661600,AAPL
2017-06-16,33.00795364379883,33.52533322761829,32.991711298658295,33.358286301332036,201444400,AAPL
2017-06-19,33.95222473144531,34.04503053351135,33.330441788409985,33.330441788409985,130165600,AAPL
2017-06-20,33.64363479614258,34.07517181859464,33.62739600173428,34.07517181859464,99600400,AAPL
2017-06-21,33.843170166015625,33.88957482348066,33.55083994094887,33.76196909580847,85063200,AAPL
2017-06-22,33.7874870300293,34.03573493101668,33.66916012098944,33.81996816306067,76425200,AAPL
2017-06-23,33.938289642333984,34.14245877583678,33.66683942993293,33.671480603015574,141757600,AAPL
2017-06-26,33.83157730102539,34.40231785027864,33.72949270452707,34.14478754190472,102769600,AAPL
2017-06-27,33.346675872802734,33.910459977521306,33.32115472336808,33.64364731703564,99047600,AAPL
2017-06-28,33.83388900756836,33.89885127529129,33.21442510738161,33.52299764915459,88329600,AAPL
2017-06-29,33.335079193115234,33.6714953555342,33.010267738576154,33.57405191917247,125997600,AAPL
2017-06-30,33.41394805908203,33.632037156573915,33.35826460647424,33.51371026230457,92096400,AAPL
2017-07-03,33.29331588745117,33.71093310139228,33.20051363554381,33.613489674835854,57111200,AAPL
2017-07-05,33.430206298828125,33.592612038178764,33.11235481322904,33.337404030679075,86278400,AAPL
2017-07-06,33.11466598510742,33.29331402723533,33.04042489576544,33.18195062313297,96515200,AAPL
2017-07-07,33.451072692871094,33.58331958846352,33.154101307185634,33.154101307185634,76806800,AAPL
2017-07-10,33.655235290527344,33.861723222218814,33.26313939390278,33.43482738099695,84362400,AAPL
2017-07-11,33.764286041259766,33.838530656946226,33.49747697651507,33.57867804222174,79127200,AAPL
2017-07-12,33.813011169433594,33.91509221073657,33.59956319914471,33.843169948377934,99538000,AAPL
2017-07-13,34.284000396728516,34.45104730356028,33.7434185371451,33.7573385226845,100797600,AAPL
2017-07-14,34.57863998413086,34.645924615900284,34.18190634507622,34.33039205013278,80528400,AAPL
2017-07-17,34.69927215576172,35.01016342598907,34.469585467242844,34.52758772841259,95174000,AAPL
2017-07-18,34.81993103027344,34.83153219493407,34.49279730380701,34.61576186081721,71475200,AAPL
2017-07-19,35.03802490234375,35.13082715177635,34.78977339783427,34.91273797141296,83692000,AAPL
2017-07-20,34.88024139404297,35.20505620366991,34.84544145095098,35.14937275454541,68974800,AAPL
2017-07-21,34.864017486572266,34.90345861897583,34.54152489557479,34.799055204945354,105010400,AAPL
2017-07-24,35.2862663269043,35.36747093524196,34.7781657860091,34.93593382901929,85972800,AAPL
2017-07-25,35.437068939208984,35.69227680875969,35.218979832746115,35.218979832746115,75415600,AAPL
2017-07-26,35.60411834716797,35.71315936813375,35.51131258227014,35.57859720434331,63124000,AAPL
2017-07-27,34.93130111694336,35.72709443481554,34.174952474512295,35.67141095788023,129905200,AAPL
2017-07-28,34.685367584228516,34.85473327081453,34.61344531486372,34.7758510102324,68854800,AAPL
2017-07-31,34.506717681884766,34.877933714220624,34.36751432489266,34.778167945206754,79383600,AAPL
2017-08-01,34.812965393066406,34.852406514372724,34.432470619089045,34.59255746097682,141474400,AAPL
2017-08-02,36.457916259765625,37.063460259127524,36.23054829293145,36.954415679689205,279747200,AAPL
2017-08-03,36.09367370605469,36.47416866048852,35.9660679353221,36.437046338060945,108389200,AAPL
2017-08-04,36.28392028808594,36.51824831622368,36.12151454877366,36.20967918162015,82239600,AAPL
2017-08-07,36.845375061035156,36.870896210885,36.348875587739144,36.4393590208106,87481200,AAPL
2017-08-08,37.1400146484375,37.54603054605949,36.72007877218262,36.796642194841226,144823600,AAPL
2017-08-09,37.36738967895508,37.41611315363051,36.91497258630468,36.949772539516886,104526000,AAPL
2017-08-10,36.177162170410156,37.26722684980881,36.0164466859676,37.243933411395794,163217200,AAPL
2017-08-11,36.68027877807617,36.93416454339408,36.35186393739302,36.47531138153877,105028400,AAPL
2017-08-14,37.2322998046875,37.316151228789415,36.97608613268702,37.10885236838199,88490800,AAPL
2017-08-15,37.6399040222168,37.779654003384806,37.2998389819559,37.42095847556554,117862000,AAPL
2017-08-16,37.488521575927734,37.851876675291564,37.30218462510272,37.71911395240789,110686400,AAPL
2017-08-17,36.76877975463867,37.432603689228664,36.764120355896594,37.38834828637868,111762400,AAPL
2017-08-18,36.68494415283203,37.150784713502915,36.5032666184969,36.768795595916046,109712400,AAPL
2017-08-21,36.617393493652344,36.775777555216585,36.128259554669306,36.68493880130041,105474000,AAPL
2017-08-22,37.21598434448242,37.26722706602458,36.80604612622486,36.854957371464366,86418400,AAPL
2017-08-23,37.262569427490234,37.376701595239346,37.0063593617578,37.05061476464174,77596400,AAPL
2017-08-24,37.097206115722656,37.43959913896575,36.92950326539622,37.36739088206577,79275600,AAPL
2017-08-25,37.23463821411133,37.397681708539366,37.09721609409924,37.185723388742105,101920400,AAPL
2017-08-28,37.6096305847168,37.73307802479244,37.25093143296134,37.29984624604826,103864000,AAPL
2017-08-29,37.94503402709961,37.99394528318715,37.26723533152812,37.29052877524253,118067600,AAPL
2017-08-30,38.047515869140625,38.17329121260983,37.87515364267968,38.15232924771166,109078400,AAPL
2017-08-31,38.198917388916016,38.32003690260881,38.07779787522322,38.11506596467956,107140400,AAPL
2017-09-01,38.210567474365234,38.41786635335139,38.11274139649231,38.385257660727085,66364400,AAPL
2017-09-05,37.751708984375,38.25714542591725,37.397669261394455,38.140685318075796,117874000,AAPL
2017-09-06,37.71212387084961,37.963678202961646,37.3883648196657,37.89846080805276,86606800,AAPL
2017-09-07,37.56071853637695,37.788982942143555,37.351091731330314,37.75404277191512,87714000,AAPL
2017-09-08,36.9481315612793,37.535087892012,36.92483812021589,37.467542599456294,114446000,AAPL
2017-09-11,37.61663055419922,37.744737437181605,37.241628708059096,37.38371024117012,126323200,AAPL
2017-09-12,37.467552185058594,38.189606393791436,36.980749707380006,37.875162629389486,286856000,AAPL
2017-09-13,37.18571853637695,37.25792680327699,36.78043955369521,37.23696127852219,179629600,AAPL
2017-09-14,36.866615295410156,37.127484826851486,36.822359881166186,37.03199022957224,95042800,AAPL
2017-09-15,37.239288330078125,37.49317053339173,36.80139715072568,36.91086994556379,196458400,AAPL
2017-09-18,36.95745086669922,37.383695295624975,36.80139474584889,37.292856552023125,113077600,AAPL
2017-09-19,36.971431732177734,37.21367079192962,36.90388642083373,37.1531092499511,83242400,AAPL
2017-09-20,36.35186767578125,36.86196007366764,35.83012499967972,36.77810863561706,211805600,AAPL
2017-09-21,35.727630615234375,36.28896917031502,35.57856182405946,36.28896917031502,150046800,AAPL
2017-09-22,35.378257751464844,35.46676858657564,35.06847338265814,35.296734239749,186581600,AAPL
2017-09-25,35.066139221191406,35.36427681327334,34.74238026319241,34.93570446891562,177549200,AAPL
2017-09-26,35.669403076171875,35.851080567151044,35.33166946109935,35.352631428347586,146640000,AAPL
2017-09-27,35.92329025268555,36.03742245811878,35.762574706654625,35.823136248104575,102016800,AAPL
2017-09-28,35.7020149230957,35.93493516844684,35.56692075430234,35.84409641492313,88022000,AAPL
2017-09-29,35.89767837524414,35.90000985304327,35.40388843698195,35.68572358636191,105199200,AAPL
2017-10-02,35.825462341308594,35.97453115605567,35.571580127050126,35.93027574081998,74795200,AAPL
2017-10-03,35.98152542114258,36.123606940273305,35.848762703901954,35.87205260046407,64921200,AAPL
2017-10-04,35.74859619140625,35.83710701682054,35.51102011384265,35.78353635863432,80655200,AAPL
2017-10-05,36.19346618652344,36.20511290619734,35.88135400210998,35.91163120836631,85135200,AAPL
2017-10-06,36.17250442504883,36.21675982760827,36.00014221352256,36.09564033966873,69630400,AAPL
2017-10-09,36.298282623291016,36.50558145631955,36.21676268684348,36.29129530171209,65051600,AAPL
2017-10-10,36.3122673034668,36.80140127367339,36.12593393775108,36.349535398242395,62468000,AAPL
2017-10-11,36.46366500854492,36.56381900777948,36.277328102020135,36.32857084016647,67622400,AAPL
2017-10-12,36.33556365966797,36.65466330578336,36.27267418896036,36.41708717925492,64500400,AAPL
2017-10-13,36.566162109375,36.633707437996726,36.431067898049534,36.50560055190516,65576800,AAPL
2017-10-16,37.239288330078125,37.26723762098803,36.719873646797474,36.778103705580264,96486000,AAPL
2017-10-17,37.376705169677734,37.46987182902115,37.08788283918476,37.215989661342135,75989200,AAPL
2017-10-18,37.21133804321289,37.43261512506398,37.17407350413148,37.36506626194702,65496800,AAPL
2017-10-19,36.330894470214844,36.58710813067184,36.107293052070986,36.510244032534736,170336800,AAPL
2017-10-20,36.39377975463867,36.74316004028321,36.32623446320929,36.47763116535656,95896400,AAPL
2017-10-23,36.375152587890625,36.72919233940038,36.219096457297425,36.542855441022574,87937200,AAPL
2017-10-24,36.591766357421875,36.66629897638764,36.38213603628996,36.40309800217904,71028800,AAPL
2017-10-25,36.43104934692383,36.69657823284768,36.16552046099998,36.54750944696201,84828400,AAPL
2017-10-26,36.663978576660156,36.76180465829536,36.51723767716681,36.62205108219874,68002000,AAPL
2017-10-27,37.97764205932617,38.1057488893798,36.96443769463346,37.10185976956351,177816800,AAPL
2017-10-30,38.83247375488281,39.14691759005471,38.13371283590687,38.17330886149236,178803200,AAPL
2017-10-31,39.37284469604492,39.514926216689624,38.88371421404958,39.107315704652706,144187200,AAPL
2017-11-01,38.872066497802734,39.58247408291886,38.57392881520999,39.56616795689383,134551200,AAPL
2017-11-02,39.15623474121094,39.24707352292862,38.49706981579001,38.80452634103878,165573600,AAPL
2017-11-03,40.178733825683594,40.58867209133476,39.85730281777248,40.528114119819975,237594400,AAPL
2017-11-06,40.58634567260742,40.75870790356975,39.9970578389901,40.14845455042654,140105200,AAPL
2017-11-07,40.7167854309082,40.81927090225437,40.43495393878697,40.50715864248612,97446000,AAPL
2017-11-08,41.04986572265625,41.04986572265625,40.60498719669403,40.68185130490328,97638000,AAPL
2017-11-09,40.96601104736328,41.01725378211168,40.327808339911776,40.78666147574387,117930400,AAPL
2017-11-10,40.83042907714844,40.99639849993857,40.736927487906414,40.93328296542886,100582000,AAPL
2017-11-13,40.66680908203125,40.790700322015965,40.5335655408074,40.55694272704739,67928400,AAPL
2017-11-14,40.052024841308594,40.5522659440664,40.01462277065098,40.449412033186846,99130000,AAPL
2017-11-15,39.523719787597656,39.813580380903474,39.36009024575425,39.731763826553525,116632400,AAPL
2017-11-16,39.99591064453125,40.17590135574992,39.80890392663494,40.01460810615006,94550000,AAPL
2017-11-17,39.77384567260742,40.063706318434406,39.654630606275354,39.98188974925974,87598000,AAPL
2017-11-20,39.73411178588867,39.869691608046615,39.63593403195173,39.80657606378088,65049600,AAPL
2017-11-21,40.472782135009766,40.60368579254124,39.92111417337202,39.92111417337202,100525200,AAPL
2017-11-22,40.898223876953125,40.907572609846746,40.451746085565624,40.524210357777335,102355600,AAPL
2017-11-24,40.90054702758789,41.02443820805289,40.82574292104352,40.93093664172856,56106800,AAPL
2017-11-27,40.69485855102539,40.92627985240134,40.51954035609574,40.91926740995278,82867200,AAPL
2017-11-28,40.45641326904297,40.87717392629052,40.17356511741134,40.74393400265719,105715200,AAPL
2017-11-29,39.61722946166992,40.421356022358474,39.07491378830195,40.35356790075893,166665600,AAPL
2017-11-30,40.17123031616211,40.239018425988334,39.374116335223185,39.8392915065516,166108800,AAPL
2017-12-01,39.98423385620117,40.12916241108595,39.38815132748786,39.727099097349935,159037200,AAPL
2017-12-04,39.6920280456543,40.35122240453448,39.652289694840306,40.31849649404904,130169600,AAPL
2017-12-05,39.65464401245117,40.09410949605073,39.36478326863001,39.51906415970539,109400800,AAPL
2017-12-06,39.50735855102539,39.785530580238316,38.911279707691186,39.15438596756534,114240000,AAPL
2017-12-07,39.5798225402832,39.84162980502884,39.48398110699008,39.51203086625384,102693200,AAPL
2017-12-08,39.591514587402344,39.97254053034316,39.46295079005944,39.85332546546157,93420800,AAPL
2017-12-11,40.362918853759766,40.41434580408775,39.455938348183324,39.55177980714525,141095200,AAPL
2017-12-12,40.13616943359375,40.29746270901659,40.08006990604287,40.241359614608676,77636800,AAPL
2017-12-13,40.2694091796875,40.566278663503006,40.2062936502376,40.323172410848755,95273600,AAPL
2017-12-14,40.25772476196289,40.470444984363944,40.12448124896759,40.29979940805167,81906000,AAPL
2017-12-15,40.66680908203125,40.713559887653396,40.31383639769752,40.587332355787815,160677200,AAPL
2017-12-18,41.239501953125,41.42183253648349,40.87484078640801,40.87951693560756,117684400,AAPL
2017-12-19,40.80004119873047,40.99873654293022,40.69485101462472,40.91458368227419,109745600,AAPL
2017-12-20,40.75563430786133,41.005753056380755,40.49849955063809,40.877185677769134,93902400,AAPL
2017-12-21,40.90990447998047,41.146001870600934,40.69718783621033,40.71354900872024,83799600,AAPL
2017-12-22,40.90990447998047,41.00574592435399,40.79068942247038,40.83276406623033,65397600,AAPL
2017-12-26,39.872032165527344,40.08241256095756,39.66398449497271,39.92579541025149,132742000,AAPL
2017-12-27,39.87904357910156,39.921118230359454,39.67099948077001,39.76216479201962,85992800,AAPL
2017-12-28,39.99124526977539,40.171239596342964,39.85098930185255,39.97254423626185,65920800,AAPL
2017-12-29,39.55878829956055,39.87669870309674,39.55645200818158,39.86033752972982,103999600,AAPL
2018-01-02,40.26707458496094,40.276426884472016,39.56580192963127,39.77618586634448,102223600,AAPL
2018-01-03,40.26005935668945,40.802378551359595,40.196947390215975,40.330187330739136,118071600,AAPL
2018-01-04,40.44706726074219,40.5499211500562,40.224998308918046,40.33252478094121,89738400,AAPL
2018-01-05,40.907569885253906,40.9940590344742,40.451743391332485,40.54290869011677,94640000,AAPL
2018-01-08,40.75563430786133,41.05016756597909,40.65745298829791,40.75563430786133,82271200,AAPL
2018-01-09,40.75096130371094,40.921603346574265,40.53590474782042,40.80238825912582,86336000,AAPL
2018-01-10,40.74160385131836,40.74394370972359,40.44005816620148,40.47746023211193,95839600,AAPL
2018-01-11,40.97303771972656,41.02212839218549,40.78837075865585,40.81174438189376,74670800,AAPL
2018-01-12,41.396121978759766,41.45923751339591,41.05951054984298,41.18340176092249,101672400,AAPL
2018-01-16,41.18574905395508,41.933772604993706,41.17406046145214,41.58547252280897,118263600,AAPL
2018-01-17,41.86597442626953,41.90103662850465,40.923931879747094,41.17638686955348,137547200,AAPL
2018-01-18,41.90338134765625,42.09974042023661,41.6672874824555,41.929094823419305,124773600,AAPL
2018-01-19,41.716392517089844,41.978199948268134,41.47094626693083,41.75145473845882,129700400,AAPL
2018-01-22,41.375091552734375,41.55742217931307,41.28158994771982,41.44521953992409,108434400,AAPL
2018-01-23,41.38443374633789,41.945453988337626,41.333010368506855,41.44521299016399,130756400,AAPL
2018-01-24,40.7252311706543,41.44520468515818,40.48679752641156,41.43351609700638,204420400,AAPL
2018-01-25,39.998252868652344,40.89588096747637,39.86267306723772,40.79302707903376,166116000,AAPL
2018-01-26,40.09176254272461,40.206305044653156,39.75281475426623,40.206305044653156,156572000,AAPL
2018-01-29,39.26192092895508,39.7761868421077,39.05387684544463,39.7761868421077,202561600,AAPL
2018-01-30,39.03049850463867,39.124000098125286,38.499867866116375,38.693887061115404,184192800,AAPL
2018-01-31,39.138023376464844,39.37412077565685,38.92063057543217,39.00711972420556,129915600,AAPL
2018-02-01,39.2198371887207,39.41619265332246,38.981403514928985,39.077244956052496,188923200,AAPL
2018-02-02,37.51808166503906,38.990754742832486,37.42458008451683,38.803748014931365,346375200,AAPL
2018-02-05,36.580726623535156,38.30819507475602,36.46618412011472,37.19083407744985,290954000,AAPL
2018-02-06,38.109500885009766,38.27079419819336,35.998670062167655,36.192689296369814,272975200,AAPL
2018-02-07,37.29367446899414,38.19597867026354,37.183811712279685,38.12351440723926,206434400,AAPL
2018-02-08,36.26747512817383,37.63495794612659,36.23942536923537,37.46898854974237,217562000,AAPL
2018-02-09,36.71108627319336,37.0584569628266,35.262922282513344,36.86599613070262,282690400,AAPL
2018-02-12,38.18976593017578,38.46672273816519,36.96926786105699,37.20163266035302,243278000,AAPL
2018-02-13,38.57234191894531,38.66857413140311,37.94096978650724,38.01138368785197,130196800,AAPL
2018-02-14,39.28351593017578,39.32341630642415,38.22966752219258,38.26721850010876,162579600,AAPL
2018-02-15,40.60259246826172,40.62606138201437,39.66609578151257,39.851515600178224,204588800,AAPL
2018-02-16,40.47114562988281,41.032107382495894,40.31623936113969,40.45471775078253,160704400,AAPL
2018-02-20,40.33502197265625,40.900671851907454,40.234094542494496,40.38196338095014,135722000,AAPL
2018-02-21,40.15194320678711,40.86780765643654,40.13785756271119,40.56503256469426,149886400,AAPL
2018-02-22,40.487579345703125,40.82790900653201,40.30215954364588,40.32328263855121,123967600,AAPL
2018-02-23,41.19172286987305,41.22692803805628,40.73168837767528,40.7622019110345,135249600,AAPL
2018-02-26,42.00617599487305,42.104754063163305,41.35837572550801,41.39123508160476,152648800,AAPL
2018-02-27,41.870033264160156,42.360577669613704,41.816050816738084,42.03667940368092,155712400,AAPL
2018-02-28,41.80664825439453,42.39342471689793,41.79022037577208,42.07421817804011,151128400,AAPL
2018-03-01,41.0743522644043,42.19626857117151,40.52513035651895,41.90522615725141,195208000,AAPL
2018-03-02,41.358367919921875,41.37949102026867,40.475853526050166,40.55800369148841,153816000,AAPL
2018-03-05,41.50153732299805,41.71747068327421,40.96170213160757,41.12365304716473,113605600,AAPL
2018-03-06,41.4663200378418,41.837163204570295,41.339577893430516,41.75736246248173,95154000,AAPL
2018-03-07,41.081390380859375,41.273854765458225,40.9030116386987,41.06026728930069,126814000,AAPL
2018-03-08,41.52969741821289,41.57194361047891,41.09078970758341,41.18701833932262,95096400,AAPL
2018-03-09,42.24321365356445,42.24790886845284,41.635314046604286,41.7691008104262,128740800,AAPL
2018-03-12,42.6516227722168,42.80887848962803,42.297210953699,42.315984655461044,128828400,AAPL
2018-03-13,42.24086380004883,43.06939186938944,42.06952607769264,42.855804379874634,126774000,AAPL
2018-03-14,41.88176727294922,42.369965835063375,41.73389842335402,42.3230244232332,117473600,AAPL
2018-03-15,41.931060791015625,42.304253487330115,41.79493175071051,41.8958556222127,90975200,AAPL
2018-03-16,41.78317642211914,42.04135589872213,41.6892900458461,41.931041644975714,157618800,AAPL
2018-03-19,41.1447639465332,41.654085457493494,40.75983875209598,41.61888030428851,133787200,AAPL
2018-03-20,41.13068389892578,41.49683183577984,41.060270007669395,41.13068389892578,78597600,AAPL
2018-03-21,40.19889831542969,41.095491231721496,40.196548916582934,41.083754981689786,148219600,AAPL
2018-03-22,39.630889892578125,40.529828421739076,39.57221223717389,39.900805674877645,165963200,AAPL
2018-03-23,38.713172912597656,39.88203087822492,38.713172912597656,39.5229238913069,164115200,AAPL
2018-03-26,40.55094528198242,40.62840019813181,39.06522697707837,39.44780634373773,150164800,AAPL
2018-03-27,39.51118850708008,41.10956740172063,39.177899826116274,40.76454247240878,163690400,AAPL
2018-03-28,39.074623107910156,39.90550071027378,38.77184798320467,39.25535128853273,166674000,AAPL
2018-03-29,39.37973403930664,40.311535167834855,39.173187618454456,39.38677506898127,153594000,AAPL
2018-04-02,39.121559143066406,39.65200736477822,38.60285074845011,39.11217229534909,150347200,AAPL
2018-04-03,39.52292251586914,39.60741848522696,38.69908950068041,39.34688954482369,121112000,AAPL
2018-04-04,40.2786865234375,40.37256933160999,38.6732668664508,38.69908517590817,138422000,AAPL
2018-04-05,40.55800247192383,40.89363699423224,40.389010511429944,40.50636584058401,107732800,AAPL
2018-04-06,39.52057647705078,40.482887897857516,39.478326701909054,40.12847614077942,140021200,AAPL
2018-04-09,39.91254425048828,40.62606300601005,39.8656028397066,39.872643872253846,116070800,AAPL
2018-04-10,40.66361618041992,40.839649150897934,40.25991361494503,40.60493852359392,113634400,AAPL
2018-04-11,40.47349166870117,40.82086231298436,40.29980455586002,40.424200872692495,89726400,AAPL
2018-04-12,40.87251281738281,41.074364121464306,40.61432966748776,40.70117504412537,91557200,AAPL
2018-04-13,41.01097869873047,41.27150758615567,40.80443582338923,41.02271494402695,100497200,AAPL
2018-04-16,41.266815185546875,41.35365695260684,41.03445042603608,41.0813918249496,86313600,AAPL
2018-04-17,41.83483123779297,41.99912799101432,41.40531028061391,41.42408756403929,106421600,AAPL
2018-04-18,41.740943908691406,41.970962939576346,41.51562367531091,41.7339028752358,83018000,AAPL
2018-04-19,40.55800247192383,41.165902217405765,40.52514312301671,40.78332269831539,139235200,AAPL
2018-04-20,38.896240234375,40.18714851166951,38.8281721559885,40.04162908827687,261964400,AAPL
2018-04-23,38.783592224121094,39.177904428859584,38.51367280600551,39.15678132819158,146062000,AAPL
2018-04-24,38.243751525878906,39.03942043706122,37.84004894625956,38.88451055807703,134768000,AAPL
2018-04-25,38.41039276123047,38.825831574734394,38.11935387520056,38.16864110139597,113528400,AAPL
2018-04-26,38.54417037963867,38.898582053680634,38.34466496108976,38.52069788990382,111852000,AAPL
2018-04-27,38.09821701049805,38.56998391202602,37.70155562030748,38.49252900316644,142623200,AAPL
2018-04-30,38.78828048706055,39.25770178412414,37.98557049884984,38.053638592508214,169709600,AAPL
2018-05-01,39.689571380615234,39.71304029620329,38.79062918324785,39.05819917447311,214277600,AAPL
2018-05-02,41.4428596496582,41.71981648729503,40.79271017052406,41.12834466848057,266157600,AAPL
2018-05-03,41.5179557800293,41.661129382006536,40.94291555554344,41.28089937538475,136272800,AAPL
2018-05-04,43.146854400634766,43.24543243285755,41.81839141046121,41.8371686901322,224805200,AAPL
2018-05-07,43.45901107788086,44.048133333878766,43.36277888225993,43.4637027107898,169805600,AAPL
2018-05-08,43.667911529541016,43.70781190513855,43.109299108375836,43.41911884558,113611200,AAPL
2018-05-09,43.97539138793945,43.984778238947406,43.47311069609928,43.78527631777293,92844800,AAPL
2018-05-10,44.604400634765625,44.68185556216297,44.04344244670562,44.064569122468185,111957200,AAPL
2018-05-11,44.43476867675781,44.781124079827364,44.1661668942968,44.646824986202176,104848800,AAPL
2018-05-14,44.331085205078125,44.656235967916004,44.262758245240285,44.53371481746541,83115200,AAPL
2018-05-15,43.92818832397461,44.076627354090526,43.612464172969005,44.008296792998124,94780800,AAPL
2018-05-16,44.338165283203125,44.40414099361598,43.82452472981287,43.84101955621875,76732400,AAPL
2018-05-17,44.05776596069336,44.51014751846301,43.90932697002195,44.29573644198409,69176000,AAPL
2018-05-18,43.8975715637207,44.250995202862086,43.8551624527251,44.104914582484554,73190800,AAPL
2018-05-21,44.20856857299805,44.59497812152537,44.038925005819245,44.29574521897252,73603200,AAPL
2018-05-22,44.09783172607422,44.503090985077776,44.00829661681228,44.385283144558365,60962800,AAPL
2018-05-23,44.38056564331055,44.41355169174006,43.76796349223717,43.90697946331335,80233600,AAPL
2018-05-24,44.331085205078125,44.493660586497064,43.87399384244604,44.47716935972642,92936000,AAPL
2018-05-25,44.43239974975586,44.68450662598143,44.21327532554309,44.34993283409535,69844000,AAPL
2018-05-29,44.272178649902344,44.47245338801161,44.02949482101763,44.20149683194327,90056400,AAPL
2018-05-30,44.17794418334961,44.295752034505206,44.00830059006872,44.229779925474894,74762000,AAPL
2018-05-31,44.029502868652344,44.349940351070494,43.8575044214986,44.11196979829037,109931200,AAPL
2018-06-01,44.823516845703125,44.82822656955289,44.236832657593474,44.29338170067204,93770000,AAPL
2018-06-04,45.19815444946289,45.57278250226014,45.0850599344167,45.15338689688778,105064800,AAPL
2018-06-05,45.54686737060547,45.69530640222667,45.32303318949462,45.49032190729074,86264000,AAPL
2018-06-06,45.70472717285156,45.72829017819991,45.219359462438206,45.62226384455202,83734400,AAPL
2018-06-07,45.582210540771484,45.756563841147845,45.3183185372882,45.74242747573462,85388800,AAPL
2018-06-08,45.16753005981445,45.23821549056052,44.71279347355301,45.04265402342088,106627200,AAPL
2018-06-11,45.05677795410156,45.23113482245507,44.81645258919325,45.08505427572146,73234000,AAPL
2018-06-12,45.304176330566406,45.38192992552389,45.037929498912845,45.0944785484845,67644400,AAPL
2018-06-13,44.931915283203125,45.44555940171566,44.870656492735385,45.337174592969205,86553600,AAPL
2018-06-14,44.95547866821289,45.13690377351365,44.818821123524955,45.132190452604284,86440400,AAPL
2018-06-15,44.49365997314453,44.80467436726028,44.35700246014303,44.774043181267466,246876800,AAPL
2018-06-18,44.4701042175293,44.5831987359482,44.107254061254174,44.26747459129005,73939600,AAPL
2018-06-19,43.7514762878418,43.90227017955534,43.223695869239414,43.62188694452313,134314000,AAPL
2018-06-20,43.94231414794922,44.10724436672811,43.76088910968787,43.90697324221414,82514800,AAPL
2018-06-21,43.69728469848633,44.37821385591246,43.57476354074038,44.119035175144084,102847600,AAPL
2018-06-22,43.5700569152832,43.8598632336105,43.51822117116477,43.852795049886204,108801600,AAPL
2018-06-25,42.92210388183594,43.570046939756935,42.58281675990922,43.211910133811,126652400,AAPL
2018-06-26,43.454593658447266,43.94938797353978,43.009280212947836,43.115310134188796,98276800,AAPL
2018-06-27,43.39098358154297,44.12610333725696,43.36035239331826,43.643090484345954,101141200,AAPL
2018-06-28,43.70670700073242,43.87399570915046,43.306161078797324,43.37684649918818,69460800,AAPL
2018-06-29,43.61481475830078,44.104895760187524,43.096461027816034,43.89283951007356,90950800,AAPL
2018-07-02,44.10253143310547,44.13080775314985,43.21661796791336,43.31086637604602,70925200,AAPL
2018-07-03,43.334442138671875,44.28397318836197,43.24490701595224,44.24627381087891,55819200,AAPL
2018-07-05,43.68313980102539,43.92111390698373,43.41925142512887,43.65015375403833,66416800,AAPL
2018-07-06,44.28868103027344,44.39706223311594,43.636024569780716,43.68786030860455,69940800,AAPL
2018-07-09,44.90363693237305,44.92719634335544,44.6020491482026,44.649171565377365,79026400,AAPL
2018-07-10,44.849456787109375,45.06857769589515,44.809398948202585,44.93427859588051,63756400,AAPL
2018-07-11,44.26747512817383,44.715143482285086,44.203857887887295,44.41355569937035,75326000,AAPL
2018-07-12,45.00965881347656,45.09919391389085,44.60439959451979,44.65623532684284,72164400,AAPL
2018-07-13,45.08034896850586,45.20051167231687,44.97903235551187,45.02144504787517,50055600,AAPL
2018-07-16,44.981388092041016,45.39135705389442,44.8659351203138,45.125113793493355,60172400,AAPL
2018-07-17,45.10862731933594,45.20758548689798,44.578491967618255,44.708081328191334,62138000,AAPL
2018-07-18,44.86123275756836,45.191096930839265,44.750493078817286,45.18638360966393,65573600,AAPL
2018-07-19,45.20993423461914,45.36779629624371,44.693935361208126,44.693935361208126,81147200,AAPL
2018-07-20,45.106266021728516,45.33952324227363,44.80703310367688,45.18637448948724,82704800,AAPL
2018-07-23,45.14632034301758,45.22878726865295,44.66330748260312,44.92719589230041,63957600,AAPL
2018-07-24,45.47383117675781,45.629338405290476,45.24999697549978,45.344241819647266,74791600,AAPL
2018-07-25,45.90264892578125,45.90971710862951,45.33952399399678,45.487963024230176,66839600,AAPL
2018-07-26,45.75891876220703,46.171246165870855,45.61754792858129,45.85316358781776,76304000,AAPL
2018-07-27,44.99787902832031,45.98982256720947,44.790539686327264,45.942700152902404,96096000,AAPL
2018-07-30,44.74578857421875,45.285347067408985,44.547872204287835,45.21466162237335,84118000,AAPL
2018-07-31,44.8353157043457,45.27120624316856,44.61148147976534,44.837674162581855,157492000,AAPL
2018-08-01,47.476566314697266,47.537825105988844,46.48933589897435,46.918158223646834,271742800,AAPL
2018-08-02,48.86433792114258,49.097598749071246,47.20560504150239,47.259795643672035,249616000,AAPL
2018-08-03,49.005706787109375,49.182418547865296,48.41430912684515,48.7795141514494,133789600,AAPL
2018-08-06,49.260169982910156,49.302579077921635,48.78893864166359,49.008059489642534,101701600,AAPL
2018-08-07,48.79836654663086,49.36148791169574,48.715899615615555,49.31907881246056,102349600,AAPL
2018-08-08,48.83134841918945,48.9632926213491,48.18811863605624,48.548610329531655,90102000,AAPL
2018-08-09,49.21540832519531,49.427461016071646,48.81957208162651,49.368557091360415,93970400,AAPL
2018-08-10,49.068809509277344,49.44002519266483,48.86546923859156,49.0286148009558,98444800,AAPL
2018-08-13,49.38563919067383,49.87743898167193,49.10900248470338,49.489674247514394,103563600,AAPL
2018-08-14,49.59370803833008,49.78522547543453,49.241408169898676,49.69065012134938,82992000,AAPL
2018-08-15,49.709564208984375,49.82778520144578,49.25795915190542,49.46839237417397,115230400,AAPL
2018-08-16,50.437801361083984,50.55365561413919,50.000382285694144,50.06658574681656,114001600,AAPL
2018-08-17,51.4450569152832,51.53253931119231,50.39998358384993,50.46618706310315,141708000,AAPL
2018-08-20,50.94380569458008,51.823366801630385,50.86104953392936,51.56801256244055,121150800,AAPL
2018-08-21,50.84447479248047,51.35282714419137,50.6056697243691,51.260614928998095,104639200,AAPL
2018-08-22,50.84686279296875,51.156601296459534,50.56076632942316,50.62224357048316,76072400,AAPL
2018-08-23,50.95089340209961,51.31974238483337,50.74046014360053,50.7522793586269,75532800,AAPL
2018-08-24,51.10930252075195,51.28426728810176,50.861037704362104,51.21333757583482,73905600,AAPL
2018-08-27,51.53017044067383,51.719324763645,51.1494986735286,51.34337923890554,82100400,AAPL
2018-08-28,51.94630813598633,52.14491855568263,51.761883659437096,51.783162574157686,91107200,AAPL
2018-08-29,52.72184371948242,52.84243146580002,51.87774753435485,52.05271233047196,109019200,AAPL
2018-08-30,53.206539154052734,53.97024574907113,52.58469558416517,52.785672712873435,195175200,AAPL
2018-08-31,53.821311950683594,54.114497821564086,53.43591020488056,53.55649436714723,173360400,AAPL
2018-09-04,53.993896484375,54.18777705269031,53.584852825321335,54.005719306205876,109560400,AAPL
2018-09-05,53.641597747802734,54.30363609852174,53.22309798700196,54.14285726319419,133332000,AAPL
2018-09-06,52.75021743774414,53.755096048130156,52.324621069428616,53.49027852572328,137160000,AAPL
2018-09-07,52.32463073730469,53.28694808475434,52.185130782082055,52.45467459718158,150479200,AAPL
2018-09-10,51.62239456176758,52.4546716097598,51.182612192934016,52.24187159449355,158066000,AAPL
2018-09-11,52.927547454833984,53.03394564193792,51.203883114038426,51.54672332040395,142996000,AAPL
2018-09-12,52.270240783691406,53.19945622059127,51.97941449205581,53.18527027618349,197114800,AAPL
2018-09-13,53.5328254699707,53.99152345339597,52.624889201976075,52.849508344260755,166825600,AAPL
2018-09-14,52.92517852783203,53.63450455616086,52.613076951433094,53.37678363174455,127997200,AAPL
2018-09-17,51.51598358154297,52.714742633075524,51.371753818722354,52.5255883134687,148780400,AAPL
2018-09-18,51.60110092163086,52.454656645298286,51.33628344092451,51.494699140442705,126286800,AAPL
2018-09-19,51.63184356689453,51.927396096554034,50.90596843011665,51.66258218448119,108495200,AAPL
2018-09-20,52.024330139160156,52.55632461019828,51.81626003598558,52.07398454389715,106435200,AAPL
2018-09-21,51.4639778137207,52.33881268301883,51.37649180131732,52.20167586016159,384986800,AAPL
2018-09-24,52.20402908325195,52.31515711505072,51.220433077107394,51.265357635641195,110773600,AAPL
2018-09-25,52.53505325317383,52.68401288099076,51.94631132173357,51.95813414435409,98217600,AAPL
2018-09-26,52.116554260253906,52.90390668996351,51.96050164726947,52.253691077014246,95938800,AAPL
2018-09-27,53.18763732910156,53.53993727515141,52.85425317959996,52.92046027142845,120724800,AAPL
2018-09-28,53.37442398071289,53.39806601850307,52.96774340940435,53.14980117088278,91717600,AAPL
2018-10-01,53.73381805419922,54.24453373923677,53.51865853436576,53.89696364312672,94403200,AAPL
2018-10-02,54.211421966552734,54.38166049673322,53.58485210395696,53.73144499079402,99152800,AAPL
2018-10-03,54.87109375,55.202111089246685,54.329639578452706,54.39347992524257,114619200,AAPL
2018-10-04,53.90642547607422,54.93731298129252,53.60850617745029,54.56609722279109,128168000,AAPL
2018-10-05,53.03157043457031,54.00571385150835,52.15437270372623,53.899315681414315,134322000,AAPL
2018-10-08,52.908626556396484,53.15216152411722,52.06452689730765,52.53977761918133,118655600,AAPL
2018-10-09,53.641597747802734,53.73617671665903,52.549236814198565,52.87789106435932,107564000,AAPL
2018-10-10,51.156593322753906,53.51865029661315,51.08329687705558,53.308217052458474,167962400,AAPL
2018-10-11,50.704994201660156,51.89902721215979,50.20137511528744,50.72154687603227,212497600,AAPL
2018-10-12,52.51612854003906,52.69818987558369,51.270078290079205,52.116541014929965,161351600,AAPL
2018-10-15,51.39303970336914,52.44993586441361,51.371760786579564,52.291520137503866,123164000,AAPL
2018-10-16,52.52559280395508,52.72420684082225,51.25117047250022,51.76424921811775,116736000,AAPL
2018-10-17,52.29860305786133,52.64144321335758,51.86118394400235,52.56105380461304,91541600,AAPL
2018-10-18,51.076202392578125,51.955766930543895,50.36214653480621,51.51125481132157,130325200,AAPL
2018-10-19,51.854095458984375,52.31515664645652,51.40958333577089,51.558542953192145,132314800,AAPL
2018-10-22,52.17093276977539,52.81169226211933,51.766618916580256,51.967592478519066,115168400,AAPL
2018-10-23,52.662723541259766,52.785674386526175,50.76409464590403,51.0312752497084,155071200,AAPL
2018-10-24,50.8563232421875,53.01740358672918,50.72627938398572,52.632005471465256,163702000,AAPL
2018-10-25,51.96995162963867,52.3435304176031,51.248802817676285,51.47578872209439,119423200,AAPL
2018-10-26,51.14241409301758,52.0621734864531,50.284128331310725,51.04783511210514,189033600,AAPL
2018-10-29,50.18245315551758,51.94394539631925,48.72833263934348,51.82572439213365,183742000,AAPL
2018-10-30,50.43307876586914,50.87758726765469,49.48021780499368,49.924726306779235,146640000,AAPL
2018-10-31,51.74768829345703,52.12363014967308,51.21805699622307,51.27953421575745,153435600,AAPL
2018-11-01,52.542152404785156,52.57525414732443,51.26300005412576,51.79263154257351,233292800,AAPL
2018-11-02,49.05698013305664,50.51582669093119,48.57227336106089,49.546416754757914,365314800,AAPL
2018-11-05,47.66434097290039,48.326379281390906,46.85570978180658,48.30510036768756,264654800,AAPL
2018-11-06,48.17979431152344,48.40441352241418,47.68799444752672,47.74237510519479,127531600,AAPL
2018-11-07,49.6410026550293,49.66701142221143,48.264911939279166,48.69996440139942,133697600,AAPL
2018-11-08,49.46781539916992,49.854558282278525,49.05496937172712,49.82134103550094,101450400,AAPL
2018-11-09,48.51399230957031,48.87938196083556,47.98725918732527,48.77024114907393,137463200,AAPL
2018-11-12,46.070133209228516,47.41781165926097,45.97997059020177,47.21613325998762,204542000,AAPL
2018-11-13,45.609840393066406,46.78431147340441,45.42477239836624,45.467482346593435,187531600,AAPL
2018-11-14,44.321468353271484,46.143676847768575,44.115043638518245,46.00606157806857,243204000,AAPL
2018-11-15,45.415287017822266,45.54815598687422,44.34521030270653,44.69873951139738,185915200,AAPL
2018-11-16,45.91828536987305,46.25995045257277,44.95261049624972,45.19936660019544,147713200,AAPL
2018-11-19,44.09844207763672,45.24681341876194,43.892020958745455,45.080727252963975,167701200,AAPL
2018-11-20,41.99151611328125,43.05684633458593,41.64273330485172,42.32131712569472,271300800,AAPL
2018-11-21,41.94405746459961,42.77212054847709,41.889487071573676,42.643994348703465,124496800,AAPL
2018-11-23,40.878726959228516,41.901350698379524,40.83364927354388,41.507486637209176,94496000,AAPL
2018-11-26,41.431575775146484,41.50987434490709,40.397091175910084,41.34141674787741,179994000,AAPL
2018-11-27,41.34140396118164,41.467155183306716,40.54418668522253,40.693662435434945,165549600,AAPL
2018-11-28,42.931087493896484,43.01412876378861,41.50511064186913,41.93219192550799,184250000,AAPL
2018-11-29,42.60129928588867,43.372417193579416,42.162353797963114,43.3391999516029,167080000,AAPL
2018-11-30,42.37113952636719,42.78635675904082,42.003374967632006,42.77686405200895,158126000,AAPL
2018-12-03,43.85169219970703,43.88016308346337,42.995158116098935,43.76627592803061,163210000,AAPL
2018-12-04,41.922706604003906,43.27512777330079,41.823054898940676,42.9334627157085,165377200,AAPL
2018-12-06,41.45529556274414,41.46953100520734,40.4350466147937,40.75298356449691,172393600,AAPL
2018-12-07,39.977134704589844,41.400737294698786,39.93205337663768,41.1634701963473,169126400,AAPL
2018-12-10,40.24048614501953,40.356744662283546,38.7528209859677,39.14905645625793,248104000,AAPL
2018-12-11,40.010345458984375,40.760106616561835,39.62359899291814,40.72926436066037,189126800,AAPL
2018-12-12,40.121856689453125,40.79094783925062,40.10287489238267,40.430300935727146,142510800,AAPL
2018-12-13,40.5608024597168,40.945177551940816,40.22863002980266,40.45166164149128,127594400,AAPL
2018-12-14,39.262943267822266,40.11710594038405,39.215490590548214,40.09812414539299,162814800,AAPL
2018-12-17,38.897552490234375,39.943900827275144,38.61045782776475,39.255824356252,177151600,AAPL
2018-12-18,39.40292739868164,39.749335147040604,39.00431700694578,39.23921261031191,135366000,AAPL
2018-12-19,38.173885345458984,39.73035619895045,37.746804045316345,39.386319792315824,196189200,AAPL
2018-12-20,37.2105827331543,38.463352159374345,36.847564525579564,38.05762401069301,259092000,AAPL
2018-12-21,35.76325607299805,37.52615187290748,35.50226452935719,37.21770403005254,382978400,AAPL
2018-12-24,34.837913513183594,35.957814025738095,34.78096813070543,35.15110406579586,148676800,AAPL
2018-12-26,37.291259765625,37.30549520857778,34.811819953403344,35.186702306259825,234330000,AAPL
2018-12-27,37.04924392700195,37.196351942081705,35.60666362348881,36.97569172966579,212468400,AAPL
2018-12-28,37.06822204589844,37.61156549819046,36.669615227461684,37.3695521467641,169165600,AAPL
2018-12-31,37.42649841308594,37.810869799996105,37.12753967179389,37.61393775275985,140014000,AAPL
2019-01-02,37.469200134277344,37.68986030291286,36.593684420142715,36.750281492025124,148158800,AAPL
2019-01-03,33.73698043823242,34.574532289412666,33.691899148838814,34.1616865880457,365248800,AAPL
2019-01-04,35.177207946777344,35.24601741169735,34.11899903898665,34.29220295413125,234428400,AAPL
2019-01-07,35.09891128540039,35.31245379240385,34.61725948663249,35.28160791885267,219111200,AAPL
2019-01-08,35.76800537109375,36.02188283523813,35.238900899053064,35.48565702140331,164101200,AAPL
2019-01-09,36.375404357910156,36.66487039683081,35.50226350768915,35.89612398881753,180396400,AAPL
2019-01-10,36.49166488647461,36.53199984154206,35.79409933557466,36.183217066092084,143122800,AAPL
2019-01-11,36.133384704589844,36.46793199596804,35.94831676050969,36.27337496621485,108092800,AAPL
2019-01-14,35.59005355834961,35.891383692191056,35.40498556947879,35.79173197667657,129756800,AAPL
2019-01-15,36.31846237182617,36.39438593118797,35.601914999486866,35.65411403047625,114843600,AAPL
2019-01-16,36.762149810791016,36.98518137158213,36.30185124837653,36.32083304295525,122278800,AAPL
2019-01-17,36.980430603027344,37.407511879044904,36.363535024290115,36.58656655845522,119284800,AAPL
2019-01-18,37.20821762084961,37.459720094996186,37.008910562862575,37.36955746448795,135004000,AAPL
2019-01-22,36.3730354309082,37.18685958381331,36.21169197229735,37.11093601889627,121576000,AAPL
2019-01-23,36.520137786865234,36.80960382903162,35.99340473442524,36.57470818551413,92522400,AAPL
2019-01-24,36.23067092895508,36.65300590810053,36.00289663164888,36.565218274806185,101766000,AAPL
2019-01-25,37.43124008178711,37.51903133240946,36.61504465459194,36.890271619149736,134142000,AAPL
2019-01-28,37.084842681884766,37.09196040414421,36.45845778019692,36.963834162658024,104768400,AAPL
2019-01-29,36.7004508972168,37.519024789086224,36.565210615346906,37.07296175472334,166348800,AAPL
2019-01-30,39.2083740234375,39.42191288765638,38.017292600660475,38.73383999592237,244439200,AAPL
2019-01-31,39.490718841552734,40.09812176355808,39.044655736776996,39.41242029951825,162958400,AAPL
2019-02-01,39.509708404541016,40.09338329388807,39.36971809982081,39.61410648111566,130672400,AAPL
2019-02-04,40.63197708129883,40.72925742817227,39.69002672443846,39.7208725954977,125982000,AAPL
2019-02-05,41.327171325683594,41.54071383411568,40.89297582806122,41.01398071522067,144406400,AAPL
2019-02-06,41.34140396118164,41.6569695100412,41.01160297138825,41.43868068103189,112958400,AAPL
2019-02-07,40.55841064453125,41.270211452977485,40.41604903467955,40.90481834388098,126966800,AAPL
2019-02-08,40.606082916259766,40.665654071185585,40.13189521411374,40.26771919259328,95280000,AAPL
2019-02-11,40.372554779052734,40.796704677929405,40.329665299757814,40.75857827237781,83973600,AAPL
2019-02-12,40.72045135498047,40.74666280397595,40.43689212564779,40.53220813832866,89134000,AAPL
2019-02-13,40.551265716552734,41.099320945808756,40.48931303829851,40.8395916413653,89960800,AAPL
2019-02-14,40.69901657104492,40.80862546752188,40.36065282411193,40.439287190333225,87342800,AAPL
2019-02-15,40.60845947265625,40.91346345759115,40.44880923334926,40.80623611906368,98507200,AAPL
2019-02-19,40.729976654052734,40.85150410234934,40.386849953980956,40.43927284620034,75891200,AAPL
2019-02-20,40.992095947265625,41.29948509114437,40.7442815842349,40.791937772979175,104457600,AAPL
2019-02-21,40.76097106933594,41.07312337466057,40.5798760468402,40.93730301677255,68998800,AAPL
2019-02-22,41.2160758972168,41.22322414232056,40.837204362983655,40.884860542319885,75652800,AAPL
2019-02-25,41.51633071899414,41.907117372895385,41.44961131242088,41.49965268531831,87493600,AAPL
2019-02-26,41.54014587402344,41.77128217748678,41.26373492448921,41.39241061710472,68280800,AAPL
2019-02-27,41.6688232421875,41.69980140101289,41.158894387635335,41.273273603636405,111341600,AAPL
2019-02-28,41.258975982666016,41.67835919496109,41.20417154412631,41.537772157173244,112861600,AAPL
2019-03-01,41.692649841308594,41.73553931695009,41.197017519159516,41.52823291281517,103544800,AAPL
2019-03-04,41.90235137939453,42.35509069759693,41.45437513566205,41.86422496802693,109744800,AAPL
2019-03-05,41.82610321044922,41.93809728384338,41.59020010429096,41.92380078697351,78949600,AAPL
2019-03-06,41.5854377746582,41.816574174024296,41.44723224254707,41.6211790174735,83241600,AAPL
2019-03-07,41.10409164428711,41.56636432916655,40.98971605951243,41.43054036805001,99185600,AAPL
2019-03-08,41.2017936706543,41.23992008169563,40.3892422605175,40.584637390153304,95997600,AAPL
2019-03-11,42.62911605834961,42.68153896438816,41.78320858604554,41.81656828662146,128044000,AAPL
2019-03-12,43.108062744140625,43.52744228144765,42.74110246755472,42.891222911242956,129870400,AAPL
2019-03-13,43.298702239990234,43.67757393364114,43.1104553438934,43.427374341932726,124130000,AAPL
2019-03-14,43.780029296875,43.86819707283481,43.50123674636694,43.82053724326323,94318000,AAPL
2019-03-15,44.349525451660156,44.63785139707803,43.7824106162076,44.04690664893718,156171600,AAPL
2019-03-18,44.802268981933594,44.890433115459594,44.27089173604565,44.273276908909104,104879200,AAPL
2019-03-19,44.44722366333008,45.03340534638429,44.30186992001534,44.88090335634377,126585600,AAPL
2019-03-20,44.83563232421875,45.15255128641642,44.018314235196435,44.375741144089886,124140800,AAPL
2019-03-21,46.4869384765625,46.782412668747526,45.228796167797555,45.278837530094265,204136800,AAPL
2019-03-22,45.52427291870117,47.10648249507304,45.45993505954188,46.546512238552936,169630800,AAPL
2019-03-25,44.97383499145508,45.74587473890536,44.46390611241121,45.63388069031745,175381200,AAPL
2019-03-26,44.50918197631836,45.96033805607303,43.98257500926579,45.66963053267575,199202000,AAPL
2019-03-27,44.90950012207031,45.21688566494624,44.45199411345279,44.97621952108113,119393600,AAPL
2019-03-28,44.96906661987305,45.169224796190974,44.685507385455566,45.02387105568849,83121600,AAPL
2019-03-29,45.26215362548828,45.2931317832796,44.92617150707696,45.233560640409536,94256000,AAPL
2019-04-01,45.569557189941406,45.67439938040992,44.88806295425262,45.664869594343756,111448000,AAPL
2019-04-02,46.23197937011719,46.33682517645646,45.52427381326158,45.533803597504026,91062800,AAPL
2019-04-03,46.54890060424805,46.822926454826096,46.02467154689668,46.0485014625707,93087200,AAPL
2019-04-04,46.629905700683594,46.79193745474998,46.02227935106706,46.415447417089275,76457200,AAPL
2019-04-05,46.94205093383789,46.96588084046188,46.687084749507655,46.8109937192725,74106400,AAPL
2019-04-08,47.68074417114258,47.71171869297622,46.7847918560636,46.803855058079535,103526800,AAPL
2019-04-09,47.53777313232422,48.33602791999754,47.47343527844449,47.73316823079818,143072800,AAPL
2019-04-10,47.80465316772461,47.833249790891394,47.22323818776864,47.34238048248308,86781200,AAPL
2019-04-11,47.40671920776367,47.89520335222447,47.28519537386603,47.85946211752939,83603200,AAPL
2019-04-12,47.38766098022461,47.690283464181285,46.753826657487316,47.4662953407457,111042800,AAPL
2019-04-15,47.47343826293945,47.62117718246721,47.18273076972158,47.31855473245824,70146400,AAPL
2019-04-16,47.47819900512695,47.98336111335143,47.31378207550533,47.52824036298592,102785600,AAPL
2019-04-17,48.40275573730469,48.46232689195172,47.32570824322464,47.54731119326293,115627200,AAPL
2019-04-18,48.576690673828125,48.6457915965976,48.257390235218836,48.400358790031696,96783200,AAPL
2019-04-22,48.73634338378906,48.834040931260986,48.214499587608906,48.33126033721687,77758000,AAPL
2019-04-23,49.43928909301758,49.50362695477499,48.58622976622122,48.712520316675125,93292000,AAPL
2019-04-24,49.363040924072266,49.677574720140036,49.3368294714054,49.41069711912076,70162400,AAPL
2019-04-25,48.91505432128906,49.50599901366292,48.87692791895943,49.28439611749792,74172800,AAPL
2019-04-26,48.681541442871094,48.84833992518488,48.16207915688333,48.8245100123111,74596400,AAPL
2019-04-29,48.75541305541992,49.079480262865886,48.576699602106366,48.70537168868094,88818800,AAPL
2019-04-30,47.81656265258789,48.467078489226644,47.44483931736575,48.386062610715946,186139600,AAPL
2019-05-01,50.16368103027344,51.30506280144106,49.856291823259944,50.01117901340884,259309200,AAPL
2019-05-02,49.837223052978516,50.671219159962654,49.59417537681596,50.00164001010491,127985200,AAPL
2019-05-03,50.456764221191406,50.4782089626399,50.0945706099009,50.25183931905875,83569600,AAPL
2019-05-06,49.67756271362305,49.76334529835149,48.49090665482442,48.6791498523468,129772400,AAPL
2019-05-07,48.33840560913086,49.42498261248666,47.85468824698724,49.05802599276639,155054800,AAPL
2019-05-08,48.34794616699219,48.92936120017659,48.073920318435675,48.109661555748396,105358000,AAPL
2019-05-09,47.8284912109375,48.057242419549205,46.861056195160906,47.75223838411033,139634400,AAPL
2019-05-10,47.165889739990234,47.56536064029775,46.11101077401089,47.223299584031466,164834800,AAPL
2019-05-13,44.42464065551758,45.32403977104099,43.73813138927743,44.90065443085275,229722400,AAPL
2019-05-14,45.127891540527344,45.37666024246978,44.35048432829495,44.58968654744338,146118800,AAPL
2019-05-15,45.668487548828125,45.86702583004832,44.496398127096036,44.55619868228515,106178800,AAPL
2019-05-16,45.467559814453125,46.039252991844464,45.17094773855048,45.4268958737944,132125600,AAPL
2019-05-17,45.209224700927734,45.663707510433305,44.673410353458074,44.714074297471804,131516400,AAPL
2019-05-20,43.795536041259766,44.09693319133087,43.123378349333606,43.89839489959819,154449200,AAPL
2019-05-21,44.635128021240234,44.97000961156489,44.18064169158754,44.30502784653766,113459200,AAPL
2019-05-22,43.72139358520508,44.42225818182763,43.6663780813545,44.17109505129822,118994400,AAPL
2019-05-23,42.97508239746094,43.185577921397595,42.53255672055004,43.00857057058294,146118800,AAPL
2019-05-24,42.81001663208008,43.568287143398116,42.72629440483175,43.10423430651815,94858800,AAPL
2019-05-28,42.63301467895508,43.197532117519515,42.55647185928589,42.79806481034798,111792800,AAPL
2019-05-29,42.4296875,42.900916127061286,42.09958729527348,42.20005178150852,113924800,AAPL
2019-05-30,42.649757385253906,42.87221370220988,42.259856591093225,42.56603514665155,84873600,AAPL
2019-05-31,41.877140045166016,42.575610183606656,41.858003426997364,42.15461188376971,108174400,AAPL
2019-06-03,41.4537467956543,42.558859919788816,40.72896433762629,42.00391264942133,161584400,AAPL
2019-06-04,42.97028350830078,43.01573251076257,41.74556939956014,41.96563498785348,123872000,AAPL
2019-06-05,43.663970947265625,44.250019297013125,43.32908930449805,44.080184117507756,119093600,AAPL
2019-06-06,44.30503845214844,44.36483901115955,43.57068583552247,43.79314581301077,90105200,AAPL
2019-06-07,45.484310150146484,45.90769918974606,44.436606690203384,44.613614033925494,122737600,AAPL
2019-06-10,46.06557083129883,46.73294351859347,45.83593505990151,45.88138407246512,104883600,AAPL
2019-06-11,46.59898376464844,46.8836349896468,46.309551123217446,46.61094460560243,107731600,AAPL
2019-06-12,46.450687408447266,46.87646713884036,46.259324870645045,46.393277552125554,73012800,AAPL
2019-06-13,46.441123962402344,47.07261787313972,46.30956562053246,46.572685954209575,86698400,AAPL
2019-06-14,46.10383224487305,46.30715192007323,45.520178306772145,45.81918104965697,75046000,AAPL
2019-06-17,46.378910064697266,46.634858146675334,45.96748202726741,46.14209859491775,58676400,AAPL
2019-06-18,47.46968078613281,47.90981200382238,46.69466791366559,46.89559690653218,106204000,AAPL
2019-06-19,47.33095169067383,47.81175058622258,47.196999004330465,47.76390721258255,84496800,AAPL
2019-06-20,47.711273193359375,47.98635426785553,47.369212143833636,47.9289444249456,86056000,AAPL
2019-06-21,47.54861831665039,48.04376867773491,47.397919745896615,47.553403383165076,191202400,AAPL
2019-06-24,47.50077438354492,47.87871430604713,47.402700603352024,47.491204251365325,72881600,AAPL
2019-06-25,46.78077697753906,47.66343004792434,46.713797002206945,47.464891779808674,84281200,AAPL
2019-06-26,47.79261016845703,48.07726142928263,47.206565387311976,47.30702989408513,104270000,AAPL
2019-06-27,47.77825164794922,48.21599213856582,47.737587709468265,47.90980994600214,83598800,AAPL
2019-06-28,47.3429069519043,47.720846929488616,47.13480217086817,47.524699340515674,124442400,AAPL
2019-07-01,48.21120834350586,48.91446345681218,47.99592415477376,48.59871477331292,109012000,AAPL
2019-07-02,48.493465423583984,48.5891485023053,48.165759547562075,48.177720388644275,67740800,AAPL
2019-07-03,48.89532470703125,48.90250048134883,48.48389661312159,48.625025041282115,45448000,AAPL
2019-07-05,48.85226821899414,49.05559156534589,48.534128829376186,48.641772747995475,69062000,AAPL
2019-07-08,47.84524154663086,48.17533821437869,47.46012572597742,48.03420974375056,101354400,AAPL
2019-07-09,48.13706588745117,48.201647872072776,47.555802476298,47.649091215132835,82312000,AAPL
2019-07-10,48.61306381225586,48.73266491650779,48.21359656204675,48.28296724647705,71588400,AAPL
2019-07-11,48.259037017822266,48.89053059042238,48.249470537148426,48.63219181300387,80767200,AAPL
2019-07-12,48.62981414794922,48.79725497916496,48.36669023465564,48.42649079222815,70380800,AAPL
2019-07-15,49.086692810058594,49.2445635130071,48.79725649643611,48.81878382184684,67789600,AAPL
2019-07-16,48.916847229003906,49.301962895972956,48.677645042065016,48.938374549843836,67467200,AAPL
2019-07-17,48.64177322387695,49.057982753514956,48.62263660815599,48.80921404901501,56430000,AAPL
2019-07-18,49.194332122802734,49.246956906066245,48.725494140074105,48.797255539973115,74162400,AAPL
2019-07-19,48.45998001098633,49.39526162771868,48.40496451880691,49.22542643455206,83717200,AAPL
2019-07-22,49.56748580932617,49.56987651762095,48.7039656231899,48.71353210630533,89111600,AAPL
2019-07-23,49.954994201660156,49.971740110187,49.58423000504602,49.864099833734244,73420800,AAPL
2019-07-24,49.914329528808594,50.029145578681785,49.5555261792605,49.67512729577653,59966400,AAPL
2019-07-25,49.519649505615234,50.050678778547585,49.450278810987754,49.96695653329002,55638400,AAPL
2019-07-26,49.691864013671875,50.16787403340951,49.548341240422246,49.62966910862703,70475600,AAPL
2019-07-29,50.15592956542969,50.385565347597584,49.85932109046995,49.8641061577897,86693600,AAPL
2019-07-30,49.940635681152344,50.27073588947548,49.58900815053056,49.93585061510733,135742800,AAPL
2019-07-31,50.959632873535156,52.95218755117396,50.54342339953186,51.768137442475606,277125600,AAPL
2019-08-01,49.85691833496094,52.15326117014312,49.452669637980264,51.165354806371035,216071600,AAPL
2019-08-02,48.80204391479492,49.378518561545334,48.23035068507519,49.163237997191345,163448400,AAPL
2019-08-05,46.247352600097656,47.51751570162563,46.065560241571106,47.359645023139706,209572000,AAPL
2019-08-06,47.122840881347656,47.3787890279519,46.4148006509655,46.957790753154114,143299200,AAPL
2019-08-07,47.610809326171875,47.735195505332065,46.36217706782614,46.742507730135785,133457600,AAPL
2019-08-08,48.66090393066406,48.684825611688794,47.694528606203654,47.888281812721345,108038000,AAPL
2019-08-09,48.259918212890625,48.6849121066314,47.85172652260763,48.33435204748465,98478800,AAPL
2019-08-12,48.1374626159668,48.514438725738295,47.818114477569125,47.93096696496544,89927600,AAPL
2019-08-13,50.17600631713867,50.9371579045492,48.13746218750722,48.26712420599327,188874000,AAPL
2019-08-14,48.68252182006836,49.568532297848215,48.64410316767906,48.78096824288931,146189600,AAPL
2019-08-15,48.44001007080078,49.256386268391125,47.94297838198592,48.85300141700887,108909600,AAPL
2019-08-16,49.58293151855469,49.74140568988817,48.944235250189195,49.04988469774485,110481600,AAPL
2019-08-19,50.50736618041992,51.07882804853604,50.43052887765902,50.57219353284465,97654400,AAPL
2019-08-20,50.509761810302734,51.2276951856261,50.50015898015101,50.634620585098965,107537200,AAPL
2019-08-21,51.05721664428711,51.29972750063154,50.807502749106995,51.14125698244228,86141600,AAPL
2019-08-22,51.013999938964844,51.489418835377954,50.6034083940143,51.18927999555581,89014800,AAPL
2019-08-23,48.65610885620117,50.91555498677708,48.26232683356407,50.286461469002404,187272000,AAPL
2019-08-26,49.580535888671875,49.74861290398016,49.23717515529538,49.429264742992345,104174400,AAPL
2019-08-27,49.021080017089844,50.07516753420753,48.86980886104783,49.90949029926712,103493200,AAPL
2019-08-28,49.350032806396484,49.39565450041869,48.81938934092808,49.00667570095276,63755200,AAPL
2019-08-29,50.18561553955078,50.260053051987526,49.621356699521705,50.0631602076527,83962000,AAPL
2019-08-30,50.120784759521484,50.53137262674945,49.75101166966507,50.46174203034494,84573600,AAPL
2019-09-03,49.39085388183594,49.69819580509852,49.035490470026964,49.5661339637424,80092000,AAPL
2019-09-04,50.22882843017578,50.29845901885149,49.779821963278366,50.03673886776175,76752400,AAPL
2019-09-05,51.21088790893555,51.3765651308316,50.7858902958723,50.90354603728645,95654800,AAPL
2019-09-06,51.20608139038086,51.48461108870742,51.0259981022255,51.39577117230135,77449200,AAPL
2019-09-09,51.424591064453125,51.96964425782235,50.680248893016675,51.58546505309072,109237600,AAPL
2019-09-10,52.032066345214844,52.05127566981013,50.833914491991756,51.3501518092004,127111600,AAPL
2019-09-11,53.68643569946289,53.71525152055803,52.27938461882768,52.3610251708255,177158400,AAPL
2019-09-12,53.566383361816406,54.36595374868243,53.51115883577232,53.97697494678176,128906800,AAPL
2019-09-13,52.52429962158203,53.01412462083623,52.10890847215429,52.8244384765625,159053200,AAPL
2019-09-16,52.80042266845703,52.855650852329696,52.238563645662204,52.27938208778277,84632400,AAPL
2019-09-17,52.99250793457031,53.02132375192014,52.61313203639829,52.81482810263167,73274800,AAPL
2019-09-18,53.48954391479492,53.508753239988586,52.6899736146539,53.07895237436418,101360000,AAPL
2019-09-19,53.05493927001953,53.72724727960935,52.91327096589523,53.307052941713785,88242400,AAPL
2019-09-20,52.279380798339844,53.43911767399923,52.2169532408371,53.155788377866706,221652400,AAPL
2019-09-23,52.517093658447266,52.78601688512093,52.2601730542611,52.572318178824,76662000,AAPL
2019-09-24,52.267372131347656,53.42230937106519,52.14972006049818,53.071745622463716,124763200,AAPL
2019-09-25,53.07174301147461,53.18459549366252,52.13771121007937,52.476268656643114,87613600,AAPL
2019-09-26,52.79802322387695,53.050140581036125,52.54350607497872,52.82443558822323,75334000,AAPL
2019-09-27,52.54111099243164,53.05494858356497,52.17133785844145,52.95409870061891,101408000,AAPL
2019-09-30,53.77767562866211,53.92414352515708,53.01412053525755,53.04053289901251,103909600,AAPL
2019-10-01,53.926544189453125,54.79814854366671,53.832901018952796,54.04180014068749,139223200,AAPL
2019-10-02,52.574729919433594,53.684042068079286,52.32741210702432,53.55918326581723,138449200,AAPL
2019-10-03,53.02130889892578,53.054924289913934,51.65507682268785,52.4474401336662,114426000,AAPL
2019-10-04,54.507606506347656,54.622862444828854,53.75846122523863,54.17865555013315,138478800,AAPL
2019-10-07,54.519622802734375,55.20874044968746,54.22668698362583,54.32993665616627,122306000,AAPL
2019-10-08,53.880916595458984,54.75972389234403,53.86411072762326,54.22187750074084,111820000,AAPL
2019-10-09,54.51240921020508,54.69489228194408,54.17865501059328,54.51240921020508,74770400,AAPL
2019-10-10,55.247161865234375,55.33120221536916,54.57725351139381,54.728521012309976,113013600,AAPL
2019-10-11,56.71663284301758,57.059989886560345,55.78019754791175,55.93386847365883,166795600,AAPL
2019-10-14,56.6349983215332,57.17765169810714,56.34686576310509,56.40209028471779,96427600,AAPL
2019-10-15,56.5029411315918,57.062396724114954,56.39729167013194,56.75985808213798,87360000,AAPL
2019-10-16,56.274837493896484,56.48373664287502,55.993907945757734,56.03472639321673,73903200,AAPL
2019-10-17,56.49333190917969,56.70222736637808,56.070737747547255,56.447710219951496,67585200,AAPL
2019-10-18,56.76466369628906,57.04559323208137,56.255625693832314,56.32765975363138,97433600,AAPL
2019-10-21,57.749107360839844,57.864363302867055,56.983156188347394,57.03117766562347,87247200,AAPL
2019-10-22,57.617042541503906,58.15488888679274,57.53540200940533,57.90517503559485,82293600,AAPL
2019-10-23,58.390201568603516,58.40461130875165,57.91958597693626,58.130884866797174,75828800,AAPL
2019-10-24,58.48625946044922,58.77919528194411,58.06126180732885,58.70956101444865,69275200,AAPL
2019-10-25,59.206581115722656,59.242596306464485,58.318170993988126,58.385401792575365,73477200,AAPL
2019-10-28,59.799659729003906,59.84768120784419,59.24020052419486,59.408277532037836,96572800,AAPL
2019-10-29,58.4166145324707,59.967733495416816,58.24373795075097,59.7804471734003,142839600,AAPL
2019-10-30,58.4094123840332,58.89924097507983,57.917187665272955,58.76957895706002,124522000,AAPL
2019-10-31,59.73003005981445,59.82847648047376,56.96875268058943,59.365063861542914,139162000,AAPL
2019-11-01,61.42521667480469,61.45162537567779,59.826076043549875,59.91731576023175,151125200,AAPL
2019-11-04,61.8286018371582,61.91264217896342,61.31956753037255,61.78777973024419,103272000,AAPL
2019-11-05,61.7397575378418,61.99427467320338,61.545268167001495,61.72054454973453,79897600,AAPL
2019-11-06,61.76616668701172,61.826194451970366,61.31716017753835,61.65331419578515,75864400,AAPL
2019-11-07,62.47903823852539,62.70060689193552,62.16113826391426,62.31286358586997,94940400,AAPL
2019-11-08,62.6500358581543,62.72228251352526,61.857696572744686,62.300826541440614,69986400,AAPL
2019-11-11,63.146141052246094,63.2111630337341,62.20207656212333,62.2068905553272,81821200,AAPL
2019-11-12,63.08832931518555,63.2882239296663,62.83786940371136,62.98958734351304,87388800,AAPL
2019-11-13,63.69282531738281,63.76748263298455,62.8739981675004,62.88844749635185,102734400,AAPL
2019-11-14,63.25210952758789,63.79157076632971,63.12205821124544,63.51942947548323,89182800,AAPL
2019-11-15,64.00348663330078,64.0083006253325,63.34119892343502,63.50255217696832,100206400,AAPL
2019-11-18,64.32622528076172,64.40569660274649,63.635038653115814,64.01313928749168,86703200,AAPL
2019-11-19,64.13116455078125,64.54298527205155,63.914417189565846,64.51890059866975,76167200,AAPL
2019-11-20,63.38456726074219,64.08056783760952,62.71264400137363,63.95052386452542,106234400,AAPL
2019-11-21,63.10037612915039,63.58203998760828,62.900481512110325,63.50497200634929,121395200,AAPL
2019-11-22,63.04497528076172,63.38213847508004,62.81859270394661,63.24004853424612,65325200,AAPL
2019-11-25,64.15039825439453,64.16725825293672,63.22319387946589,63.26895253287637,84020400,AAPL
2019-11-26,63.64946746826172,64.3406538731176,63.21837629203759,64.28767055900286,105207600,AAPL
2019-11-27,64.50443267822266,64.53815268116317,63.89512810024147,63.9601500849875,65235600,AAPL
2019-11-29,64.36233520507812,64.54295915794552,64.03721061999535,64.20579591584789,46617600,AAPL
2019-12-02,63.6181640625,64.60316578278984,63.44717544860708,64.3671478434843,94487200,AAPL
2019-12-03,62.48384094238281,62.50310426103313,61.722811237581595,62.20928904177194,114430400,AAPL
2019-12-04,63.03533935546875,63.41344720358199,62.78005812862185,62.87398609773291,67181600,AAPL
2019-12-05,63.960147857666016,64.03481252591874,63.273782660423635,63.52906394668115,74424400,AAPL
2019-12-06,65.19561767578125,65.26546100190234,64.37437981221761,64.41773515061479,106075600,AAPL
2019-12-09,64.28287506103516,65.2172969657752,63.798800431426635,65.02463432244109,128042400,AAPL
2019-12-10,64.65855407714844,65.04147593348435,64.02756829699055,64.68745273051618,90420400,AAPL
2019-12-11,65.2100601196289,65.28953877362453,64.66337427533851,64.73803158690569,78756800,AAPL
2019-12-12,65.37623596191406,65.64115256416365,64.3791955584024,64.48997619221315,137310400,AAPL
2019-12-13,66.26490783691406,66.30103115854632,65.2485967405498,65.37623737672222,133587600,AAPL
2019-12-16,67.39922332763672,67.62320261796066,66.70563351279964,66.71044750574998,128186000,AAPL
2019-12-17,67.53166961669922,67.8591974518186,67.14392646084711,67.32937171566562,114158400,AAPL
2019-12-18,67.37031555175781,67.89051335467951,67.22100094482415,67.38476487826064,116028400,AAPL
2019-12-19,67.43778228759766,67.71714832390705,67.18009760161088,67.31255227805633,98369200,AAPL
2019-12-20,67.29808044433594,68.07114894305518,67.08614715319112,67.97000364021376,275978000,AAPL
2019-12-23,68.39628601074219,68.45649400899109,67.5220647002308,67.5605987010632,98572000,AAPL
2019-12-24,68.46129608154297,68.61061806486987,68.13617882730028,68.562448734815,48478800,AAPL
2019-12-26,69.81959533691406,69.83645533824492,68.5648628664668,68.59376152611499,93121200,AAPL
2019-12-27,69.79310607910156,70.7973786870116,69.38851010956454,70.11100606214161,146266000,AAPL
2019-12-30,70.20731353759766,70.48909009721564,68.69007549241081,69.71120040665178,144114400,AAPL
2019-12-31,70.72029876708984,70.72752343141342,69.72566166410049,69.82440364292783,100805600,AAPL
2020-01-02,72.33387756347656,72.39408555090253,71.0911838210517,71.34405442839761,135480400,AAPL
2020-01-03,71.63064575195312,72.38926493117573,71.40667380039741,71.56321309934685,146322800,AAPL
2020-01-06,72.20142364501953,72.23995764322866,70.5035611498287,70.75402846338375,118387200,AAPL
2020-01-07,71.86183166503906,72.46631471524569,71.64267376172208,72.21103349810856,108872000,AAPL
2020-01-08,73.0178451538086,73.31888511458335,71.56562867701548,71.56562867701548,132079200,AAPL
2020-01-09,74.56880187988281,74.76146451044018,73.74275001069596,73.99320996049889,170108400,AAPL
2020-01-10,74.73736572265625,75.30091887725054,74.23643856809193,74.80239504412852,140644800,AAPL
2020-01-13,76.33409118652344,76.36058652225458,74.93485817482635,75.05287082554342,121532000,AAPL
2020-01-14,75.30332946777344,76.48100118582082,75.18051017572739,76.27147857331117,161954400,AAPL
2020-01-15,74.9806137084961,75.98247543934815,74.54952248725758,75.10344034713454,121923600,AAPL
2020-01-16,75.91985321044922,76.03064118697364,75.16123412136378,75.52248200660513,108829200,AAPL
2020-01-17,76.7603759765625,76.76277929851412,75.86207008807327,76.16792404225187,137816400,AAPL
2020-01-21,76.24017333984375,76.8302072165908,76.10289736234121,76.38948797518701,110843200,AAPL
2020-01-22,76.51231384277344,77.06381371935198,76.41838585398544,76.72423978617735,101832400,AAPL
2020-01-23,76.88080596923828,76.96027729950708,76.01862324900956,76.56531662094284,104472000,AAPL
2020-01-24,76.65922546386719,77.86819933392093,76.46896614550444,77.12644008388187,146537600,AAPL
2020-01-27,74.40503692626953,75.08417746726008,73.42484908589569,74.67235687385795,161940000,AAPL
2020-01-28,76.50989532470703,76.68088393464757,75.18531972883665,75.28406170066347,162234000,AAPL
2020-01-29,78.11143493652344,78.95675744540253,77.39857441186852,78.13793027321145,216229200,AAPL
2020-01-30,77.99823760986328,78.05122092954578,76.76517927864235,77.19627050016777,126743200,AAPL
2020-01-31,74.5398941040039,77.71164655303768,74.24607885109228,77.29019066933044,199588400,AAPL
2020-02-03,74.3351821899414,75.49839714349714,72.78422401879573,73.2851511845041,173788400,AAPL
2020-02-04,76.78925323486328,76.97951249486786,75.53211041551288,75.93670624597806,136616400,AAPL
2020-02-05,77.41543579101562,78.21258898353346,76.81335589638837,77.91395235806485,118826800,AAPL
2020-02-06,78.32093811035156,78.32334878116308,77.12882464602528,77.68514573263211,105425600,AAPL
2020-02-07,77.25636291503906,78.06989154294402,76.76631409771366,77.82124622907054,117684000,AAPL
2020-02-10,77.623291015625,77.623291015625,75.7644885208781,75.8441484328751,109348800,AAPL
2020-02-11,77.15495300292969,78.1905758646545,76.93769137166434,78.11815777658227,94323200,AAPL
2020-02-12,78.9872055053711,78.99203092184983,77.60396119473592,77.60396119473592,113730400,AAPL
2020-02-13,78.42475891113281,78.7506551305069,78.05782821966719,78.26060628866534,94747600,AAPL
2020-02-14,78.44407653808594,78.6927218682662,77.93712767417983,78.39337649475979,80113600,AAPL
2020-02-18,77.00772857666016,77.18878123005356,75.94796350927948,76.12901616267288,152531200,AAPL
2020-02-19,78.12300872802734,78.35234502696264,77.24912913343354,77.24912913343354,93984000,AAPL
2020-02-20,77.32154083251953,78.37164756799683,76.81700838375629,77.88401513292217,100566000,AAPL
2020-02-21,75.57135009765625,77.35774159273006,74.95577422235982,76.91596913601705,129554000,AAPL
2020-02-24,71.98170471191406,73.43012593023869,69.82114748147725,71.75961758398634,222195200,AAPL
2020-02-25,69.54351043701172,73.03179362770307,69.07277807692655,72.65037937541128,230673600,AAPL
2020-02-26,70.646728515625,71.90927139616765,69.16209855410392,69.16934036398257,198054800,AAPL
2020-02-27,66.0286865234375,69.04140503149553,65.89350114490772,67.85852928583456,320605600,AAPL
2020-02-28,65.99007415771484,67.20916656577968,61.88862999768775,62.10348270400579,426510000,AAPL
2020-03-02,72.13378143310547,72.76867383608672,67.04258234775999,68.14338175177791,341397200,AAPL
2020-03-03,69.84285736083984,73.38665871766685,68.99311238709194,73.3069988099028,319475600,AAPL
2020-03-04,73.0824966430664,73.24182384454771,70.76261243598904,71.56165746891385,219178400,AAPL
2020-03-05,70.7119140625,72.31241302487865,70.34739243241086,71.33955724756618,187572800,AAPL
2020-03-06,69.77286529541016,70.20497969740977,67.88992061879122,68.07579869358199,226176800,AAPL
2020-03-09,64.25437927246094,67.1319051551366,63.48912685930832,63.670179502443226,286744800,AAPL
2020-03-10,68.882080078125,69.14762542571471,65.0268655374001,66.90257561810807,285290000,AAPL
2020-03-11,66.4897689819336,67.88749740945617,65.62795665733853,66.96292517997638,255598800,AAPL
2020-03-12,59.9235954284668,65.17895115078981,59.86807364961435,61.78481820985721,418474000,AAPL
2020-03-13,67.10291290283203,67.57365254636639,61.062997947439406,63.94535922482895,370732000,AAPL
2020-03-16,58.4703369140625,62.54280864814437,57.93683361708763,58.40756965352153,322423600,AAPL
2020-03-17,61.04129409790039,62.187957132183904,57.55059758461941,59.74978379495811,324056000,AAPL
2020-03-18,59.54698944091797,60.35086338320519,57.241585722974655,57.88130708495126,300233600,AAPL
2020-03-19,59.090755462646484,61.03646731467495,58.56691024737155,59.72081881991735,271857200,AAPL
2020-03-20,55.33934020996094,60.79264444451166,55.03999854094989,59.67011594836406,401693200,AAPL
2020-03-23,54.163700103759766,55.160697700443244,51.32479637531141,55.05930867623348,336752800,AAPL
2020-03-24,59.59770202636719,59.793238287645494,56.56084531140466,57.05813597182242,287531200,AAPL
2020-03-25,59.26939010620117,62.34245572079971,58.974877532799404,60.53192941719469,303602000,AAPL
2020-03-26,62.388336181640625,62.44627067816228,59.472180756044146,59.51080620940923,252087200,AAPL
2020-03-27,59.8053092956543,61.76791740598874,59.638740277699725,61.014739603264104,204216800,AAPL
2020-03-30,61.51203155517578,61.68342967850782,60.20603760216864,60.529521124828726,167976400,AAPL
2020-03-31,61.38649368286133,63.366001623216455,60.83368129501873,61.702735358357586,197002000,AAPL
2020-04-01,58.15651321411133,60.04187380235648,57.726815314664734,59.505957782413006,176218400,AAPL
2020-04-02,59.1269645690918,59.18007364013517,57.1884945265853,58.018923255417455,165934000,AAPL
2020-04-03,58.2772216796875,59.31284110700112,57.68819653151743,58.61277240805976,129880000,AAPL
2020-04-06,63.36117935180664,63.51567376682207,60.201208300554335,60.568138982385115,201820400,AAPL
2020-04-07,62.627323150634766,65.58934951590757,62.52352138900803,65.37208042052816,202887200,AAPL
2020-04-08,64.230224609375,64.54404618126709,63.06183266990903,63.42634690897305,168895200,AAPL
2020-04-09,64.69373321533203,65.19585671097452,63.89952086210519,64.86513503536223,161834800,AAPL
2020-04-13,65.96351623535156,66.07215077341053,64.17229875609489,64.77098217772529,131022800,AAPL
2020-04-14,69.29485321044922,69.58454027985593,67.12222229104349,67.59296193706734,194994800,AAPL
2020-04-15,68.66241455078125,69.12107985304799,67.74508394624776,68.17236560618718,131154400,AAPL
2020-04-16,69.2079849243164,69.57250664535655,68.16029439249986,69.3745539645896,157125200,AAPL
2020-04-17,68.26893615722656,69.2707670058968,66.83499816235295,68.72519250425604,215250000,AAPL
2020-04-20,66.85186767578125,67.99853426971617,66.83255863780644,67.09810395402242,130015200,AAPL
2020-04-21,64.78546905517578,66.92913374203486,64.07574203406564,66.69497200558625,180991600,AAPL
2020-04-22,66.6514892578125,67.08601248995713,65.71001734346707,66.05038970065308,116862400,AAPL
2020-04-23,66.39321899414062,68.01545116760279,66.35459354155203,66.59599709494192,124814400,AAPL
2020-04-24,68.3099365234375,68.31959472449138,66.86875759043463,66.91704122865521,126161200,AAPL
2020-04-27,68.35823822021484,68.68895986495261,67.58091858862758,68.02750920842628,117087600,AAPL
2020-04-28,67.25018310546875,69.00035846269303,67.15845596472252,68.81930583953189,112004800,AAPL
2020-04-29,69.45904541015625,69.92736888191205,68.53205667132409,68.73483476728254,137280800,AAPL
2020-04-30,70.92434692382812,71.10057413486881,69.60870223992275,69.99735834734561,183064000,AAPL
2020-05-01,69.78251647949219,72.17965163700352,69.00519685948858,69.1017567929507,240616800,AAPL
2020-05-04,70.76985931396484,70.89780288941466,69.11866006272429,69.80666159250394,133568000,AAPL
2020-05-05,71.83201599121094,72.66244451792257,71.08366376030753,71.2285073158129,147751200,AAPL
2020-05-06,72.57315063476562,73.20321036598678,72.14827802802382,72.53210878963873,142333600,AAPL
2020-05-07,73.32389068603516,73.66910326152602,72.89660917840814,73.19836352852457,115215200,AAPL
2020-05-08,75.06913757324219,75.12239040799929,73.65552559886389,73.98230402182824,133838400,AAPL
2020-05-11,76.2503662109375,76.74415709638575,74.36957888241814,74.57775171164975,145946400,AAPL
2020-05-12,75.37897491455078,77.3832066763356,75.25794640867731,76.93297679324957,162301200,AAPL
2020-05-13,74.46880340576172,76.47788009711478,73.39407018460184,75.558059449884,200622400,AAPL
2020-05-14,74.92633056640625,74.98684482021679,72.98745151047878,73.7087840752181,158929200,AAPL
2020-05-15,74.48334503173828,74.52933644505968,72.66791783323735,72.70180935336562,166348400,AAPL
2020-05-18,76.23825073242188,76.61102048338427,75.11511038710799,75.80497413426188,135178400,AAPL
2020-05-19,75.7977294921875,77.0999898949941,75.76626090152799,76.25521336264156,101729600,AAPL
2020-05-20,77.27183532714844,77.34202651721908,76.61585573751951,76.6545857322091,111504800,AAPL
2020-05-21,76.69574737548828,77.67365953830173,76.45852890117943,77.1338698714014,102688800,AAPL
2020-05-22,77.18955993652344,77.27185842972254,76.33267609193112,76.43433589476804,81803200,AAPL
2020-05-26,76.66670227050781,78.48454498542678,76.6110265113562,78.3054252019707,125522000,AAPL
2020-05-27,77.00076293945312,77.14599864366396,75.7856392344452,76.52391765293576,112945200,AAPL
2020-05-28,77.03462982177734,78.29090607267398,76.4004417495467,76.67638285095582,133560800,AAPL
2020-05-29,76.9596176147461,77.73661866221555,76.60379346248526,77.27671175329887,153532400,AAPL
2020-06-01,77.9060287475586,78.02705721931588,76.78288098389504,76.91359380175058,80791200,AAPL
2020-06-02,78.26670837402344,78.29091555107586,77.1992361328535,77.6397816394303,87642800,AAPL
2020-06-03,78.69757080078125,78.9589964979716,78.0149682866651,78.58622664893751,104491200,AAPL
2020-06-04,78.01980590820312,78.81859097042819,77.6470360985682,78.5208656190316,87560400,AAPL
2020-06-05,80.24189758300781,80.3024118345787,78.24008880036028,78.26913445919533,137250400,AAPL
2020-06-08,80.71632385253906,80.75021537775042,79.23009773769596,79.93932296340279,95654400,AAPL
2020-06-09,83.26517486572266,83.65730597576551,80.36533708864444,80.3968056767083,147712400,AAPL
2020-06-10,85.40737915039062,85.87454732273147,83.77349462695621,84.21161714524366,166651600,AAPL
2020-06-11,81.30695343017578,84.97653882509627,81.20529361612985,84.5529390302518,201662400,AAPL
2020-06-12,82.00889587402344,84.18740853476542,80.90027823694467,83.44187634114364,200146000,AAPL
2020-06-15,83.02313232421875,83.67426627857331,80.50331793854433,80.66549938713932,138808800,AAPL
2020-06-16,85.22342681884766,85.4945368687229,83.4418908130573,85.07335265810912,165428800,AAPL
2020-06-17,85.10481262207031,86.02704912393895,84.98378413219785,85.96653487900272,114406400,AAPL
2020-06-18,85.13872528076172,85.55506368475906,84.5311597469356,85.06126525513555,96820400,AAPL
2020-06-19,84.65216064453125,86.30782937031772,83.54595856056092,85.84308414219812,264476000,AAPL
2020-06-22,86.86697387695312,87.00978658675993,84.99829398313842,85.04428539322777,135445200,AAPL
2020-06-23,88.72114562988281,90.13718045697547,87.68998051908838,88.1087417587427,212155600,AAPL
2020-06-24,87.15502166748047,89.26818142371512,86.78225190963218,88.35078354810454,192623200,AAPL
2020-06-25,88.31206512451172,88.35079512662277,86.55231359048508,87.3099530977363,137522400,AAPL
2020-06-26,85.59860229492188,88.42824869367755,85.4509437109353,88.20797597788908,205256800,AAPL
2020-06-29,87.57136535644531,87.66577111516035,85.02976731524565,85.50661981464565,130646000,AAPL
2020-06-30,88.3023910522461,88.58802392767775,87.14052040168764,87.15988171149978,140223200,AAPL
2020-07-01,88.13536071777344,88.92204587845694,88.08695375546539,88.37984062385425,110737200,AAPL
2020-07-02,88.13536071777344,89.67484690422407,88.02160103220285,89.04065881814572,114041600,AAPL
2020-07-06,90.49300384521484,90.9601720457748,89.52961440129422,89.56108299075036,118655600,AAPL
2020-07-07,90.21221160888672,91.64760765010688,90.10086747244101,90.87060685450933,112424400,AAPL
2020-07-08,92.31328582763672,92.34475442259624,91.10057777662374,91.18772214628044,117092000,AAPL
2020-07-09,92.71023559570312,93.25727928434208,91.66454778966232,93.20402645939578,125642800,AAPL
2020-07-10,92.87242126464844,92.93051996359854,91.69602787555728,92.30600881208682,90257200,AAPL
2020-07-13,92.44398498535156,96.77922651804644,92.23097365442625,94.17469096863013,191649200,AAPL
2020-07-14,93.97380828857422,94.16502803355267,90.89484241185615,91.82675611607858,170989200,AAPL
2020-07-15,94.62007141113281,96.09419752364778,93.42430934647335,95.84487913129125,153198000,AAPL
2020-07-16,93.45577239990234,94.31023318785083,92.85789140298706,93.49450240060445,110577600,AAPL
2020-07-17,93.2669677734375,94.06091431617955,92.79495374103925,93.90600170117715,92186800,AAPL
2020-07-20,95.23247528076172,95.37044953138843,93.01039399095433,93.35411815070974,90318000,AAPL
2020-07-21,93.9180908203125,96.09660323624759,93.66877247263514,96.02156617732469,103433200,AAPL
2020-07-22,94.18196105957031,94.86214066616996,93.53325004616464,93.62038702393836,89001600,AAPL
2020-07-23,89.8951187133789,93.99314144318696,89.08664931990235,93.91568143989768,197004400,AAPL
2020-07-24,89.67242431640625,90.01614846898383,86.31267234298356,88.09663844239333,185438800,AAPL
2020-07-27,91.7977066040039,91.88968945823548,90.50996880574512,90.73265713883738,121214000,AAPL
2020-07-28,90.28968048095703,91.54595685387366,90.28483461346657,91.36925259131361,103625600,AAPL
2020-07-29,92.0203857421875,92.20435141750036,90.73506372270917,90.77137079362801,90329200,AAPL
2020-07-30,93.13384246826172,93.23792519284922,90.78830982976133,91.19496376791191,158130000,AAPL
2020-07-31,102.88390350341797,103.03397765297315,97.62157959922047,99.61613418906329,374336800,AAPL
2020-08-03,105.47633361816406,108.09054616095987,104.4645371706777,104.76226254133908,308151200,AAPL
2020-08-04,106.18070983886719,107.26996618839969,104.94379489849536,105.6651273181697,173071600,AAPL
2020-08-05,106.56558990478516,106.88510690463526,105.43760344433963,105.90235611566642,121776800,AAPL
2020-08-06,110.28357696533203,110.77737527223312,106.30900549573542,106.89720218347466,202428800,AAPL
2020-08-07,107.77621459960938,110.26177241107233,106.98083639595373,109.80588355038324,198045600,AAPL
2020-08-10,109.34271240234375,110.35876045671141,106.69710821737102,109.21903838608283,212403600,AAPL
2020-08-11,106.09085845947266,109.10504953060087,105.83138875527999,108.60794103965802,187902400,AAPL
2020-08-12,109.6167221069336,109.87376452711321,106.98566715289093,107.17965891895842,165598000,AAPL
2020-08-13,111.55667114257812,112.55817011651827,110.50667052619417,110.99408465160128,210082000,AAPL
2020-08-14,111.4572525024414,111.54697388434195,109.65067355223327,111.38208013380518,165565200,AAPL
2020-08-17,111.16627502441406,112.6018395628826,110.54064515413064,112.57758873683466,119561600,AAPL
2020-08-18,112.09259033203125,112.51695384329368,110.58428087027461,110.91892299463439,105633600,AAPL
2020-08-19,112.23323059082031,113.64454412496903,112.13866200158594,112.49997484302729,145538000,AAPL
2020-08-20,114.7236328125,114.83760501028006,112.25747159683876,112.27444791147464,126907200,AAPL
2020-08-21,120.63563537597656,121.11819493819868,115.66936721789659,115.68148892938783,338054800,AAPL
2020-08-24,122.07844543457031,124.91804835697145,120.21609797723066,124.83316679017967,345937600,AAPL
2020-08-25,121.07696533203125,121.42130925505194,119.35768781992573,120.95329871627834,211495600,AAPL
2020-08-26,122.7234878540039,123.17937664467517,121.32672345710665,122.39127306939878,163022400,AAPL
2020-08-27,121.25640869140625,123.65709200762272,120.11425938434616,123.32487721481381,155552400,AAPL
2020-08-28,121.05998992919922,122.64589153107447,120.83689273182479,122.22880256231407,187630000,AAPL
2020-08-31,125.16539001464844,127.06654483126823,122.21667670793738,123.74923681098468,225702700,AAPL
2020-09-01,130.15103149414062,130.75242510254097,126.61063429258002,128.77367095981276,151948100,AAPL
2020-09-02,127.45453643798828,133.8369650688364,123.18665813924054,133.4586759232684,200119000,AAPL
2020-09-03,117.25040435791016,124.97139321089942,116.88181705951085,123.09935129507485,257599600,AAPL
2020-09-04,117.32799530029297,119.98572065509111,107.56036231574582,116.46471946533688,332607200,AAPL
2020-09-08,109.43244171142578,115.41717816603585,109.29664597406735,110.52850942019397,231366600,AAPL
2020-09-09,113.79730987548828,115.56266164657546,111.79916649731042,113.73911382379356,176940500,AAPL
2020-09-10,110.08229064941406,116.88180696925608,109.12201895469966,116.74601127102618,182274400,AAPL
2020-09-11,108.63704681396484,111.77006490232608,106.69709954942977,111.12987875287997,180860300,AAPL
2020-09-14,111.89616394042969,112.44904864015743,109.41303369608222,111.27538137934282,140150100,AAPL
2020-09-15,112.07076263427734,115.26197700807842,110.19871308977739,114.77699015613865,184642000,AAPL
2020-09-16,108.76314544677734,112.51694623083202,108.6758513682307,111.77006975767836,154679000,AAPL
2020-09-17,107.02687072753906,108.83102200073318,105.44581661191643,106.42549190334795,178011000,AAPL
2020-09-18,103.6319808959961,107.5506753180143,102.9045006607274,107.08509211161683,287104900,AAPL
2020-09-21,106.77470397949219,106.88140167582651,100.0042844680874,101.40104892896447,195713800,AAPL
2020-09-22,108.45274353027344,109.47121874863322,105.88231946545223,109.29662320835186,183055400,AAPL
2020-09-23,103.90354919433594,108.74371419829318,103.56405259741194,108.26842932303282,150718700,AAPL
2020-09-24,104.97055053710938,106.93959588038079,101.84723417179123,102.01212791770884,167743300,AAPL
2020-09-25,108.90863800048828,109.0638373334494,104.43705897382922,105.17424100477153,149981400,AAPL
2020-09-28,111.50817108154297,111.85736219121794,109.39362820642745,111.55667272467461,137672400,AAPL
2020-09-29,110.66429901123047,111.84766814275456,110.1599159291002,111.11049343812664,99382200,AAPL
2020-09-30,112.33263397216797,113.73910005377913,110.20839693905525,110.37329066576835,142675200,AAPL
2020-10-01,113.28324890136719,114.18532489437773,112.3520748763746,114.10772520888335,116120400,AAPL
2020-10-02,109.62642669677734,111.90587086149135,108.85045216012577,109.50033277715342,144712000,AAPL
2020-10-05,113.0019302368164,113.14742776439395,110.14051092914185,110.4897020352033,106243800,AAPL
2020-10-06,109.76221466064453,112.63333559022071,108.87953514429641,112.22594105943094,161498200,AAPL
2020-10-07,111.62456512451172,112.08045390652613,110.70308575226879,111.1783781507114,96849000,AAPL
2020-10-08,111.51786804199219,112.90493061170089,111.1492733309645,112.7594330889432,83477200,AAPL
2020-10-09,113.45783996582031,113.48693799664116,111.4693906561813,111.81858182665755,100506900,AAPL
2020-10-12,120.66473388671875,121.42131221454332,115.69846570876324,116.45504403658781,240226800,AAPL
2020-10-13,117.46379089355469,121.62497815056649,116.0573322604358,121.5085786649449,262330500,AAPL
2020-10-14,117.55110168457031,119.33584953717633,116.02824344500344,117.36680433445795,150712000,AAPL
2020-10-15,117.08551025390625,117.56079523723751,114.60238025084043,115.15526489684527,112559200,AAPL
2020-10-16,115.4462661743164,117.90030584427576,115.24257258596,117.63840880188037,115393800,AAPL
2020-10-19,112.4975357055664,116.80421323996534,112.18714446524658,116.358026294525,120639300,AAPL
2020-10-20,113.98159790039062,115.40746025257594,112.15804282671203,112.71092747344602,124423700,AAPL
2020-10-21,113.36080932617188,115.14555707254407,112.95341481857757,113.1668101796244,89946000,AAPL
2020-10-22,112.27445220947266,114.49569279996962,111.14927920105526,113.92340448698165,101988000,AAPL
2020-10-23,111.58576965332031,113.05043193781697,110.84858760677534,112.89523260157101,82572600,AAPL
2020-10-26,111.59548950195312,113.05045021305911,109.49064071564872,110.58671585421544,111850700,AAPL
2020-10-27,113.09892272949219,113.75850508779021,111.10077943831497,112.02225141814819,92276800,AAPL
2020-10-28,107.86105346679688,111.9640447506843,107.76405759395712,111.5954574737689,143937800,AAPL
2020-10-29,111.85736083984375,113.41901900582575,108.83104039265947,108.99594153712782,146129200,AAPL
2020-10-30,105.5913314819336,108.6273463236584,104.48556211975591,107.72527053869118,190272600,AAPL
2020-11-02,105.5040512084961,107.35670479307674,104.09759210211661,105.8338461619083,122866900,AAPL
2020-11-03,107.1239013671875,108.14236934595198,105.46524717293197,106.3673230400161,107624400,AAPL
2020-11-04,111.49848937988281,112.11927204229539,108.97655888879257,110.71281294158537,138235500,AAPL
2020-11-05,115.45596313476562,116.02825144019144,113.36082388514865,114.40838980980128,126387100,AAPL
2020-11-06,115.32479858398438,115.82033327578648,112.83737692583377,114.96528648231298,114457900,AAPL
2020-11-09,113.02197265625,118.53120907039039,112.75963124213385,117.08345719402648,154515300,AAPL
2020-11-10,112.6819076538086,114.25597110360664,110.89407325748324,112.27381767890381,138023400,AAPL
2020-11-11,116.10211944580078,116.2381494579348,113.1385999950758,113.86733537997074,112295000,AAPL
2020-11-12,115.83006286621094,117.11263688524541,115.2082092456536,116.22844178007917,103162300,AAPL
2020-11-13,115.8786392211914,116.27701069114,114.52805029862242,116.0535360017511,81581900,AAPL
2020-11-16,116.88914489746094,117.55957633149036,114.80010222486767,115.54826720324448,91183000,AAPL
2020-11-17,116.00495910644531,117.2486663416219,115.58715051215194,116.16042621738232,74271000,AAPL
2020-11-18,114.6834945678711,116.42274359265693,114.65434634387621,115.24705160870013,76322100,AAPL
2020-11-19,115.27620697021484,115.68429695756758,113.49809106564801,114.25597458875419,74113000,AAPL
2020-11-20,114.01306915283203,115.40252482669361,113.96449124482857,115.27621337018954,73604300,AAPL
2020-11-23,110.62199401855469,114.28510684830934,110.5248308147396,113.85757985583024,127959300,AAPL
2020-11-24,111.90457916259766,112.56529939521855,109.39772821414678,110.68030932430327,113874200,AAPL
2020-11-25,112.7402114868164,113.43979858279869,111.90459439029078,112.27382503154757,76499200,AAPL
2020-11-27,113.2843246459961,114.15880846315034,112.92481998616722,113.26489496698315,46691300,AAPL
2020-11-30,115.67459106445312,117.54015173092947,113.49809620715159,113.65356330256418,169410200,AAPL
2020-12-01,119.24053192138672,119.96926723797301,116.60736920035771,117.57901628913943,127728200,AAPL
2020-12-02,119.59031677246094,119.87209529729249,117.46240743053765,118.56036589233359,89004200,AAPL
2020-12-03,119.45428466796875,120.27046459048226,118.74497909552679,120.01783429457547,78967600,AAPL
2020-12-04,118.78386688232422,119.37657225081612,118.07456118438024,119.12394191020984,78260400,AAPL
2020-12-07,120.2413330078125,121.038083362331,118.7838623046875,118.84215876062711,86712000,AAPL
2020-12-08,120.85346221923828,121.43645640289948,119.6000365852931,120.84375108576852,82225500,AAPL
2020-12-09,118.32719421386719,122.37896123763355,117.56931058790569,120.99922399995596,115089200,AAPL
2020-12-10,119.74578094482422,120.35792333365181,116.7433951040976,117.08347009062476,81312200,AAPL
2020-12-11,118.93932342529297,119.27939842297663,117.13205925122674,118.95875310526962,86939800,AAPL
2020-12-14,118.32719421386719,119.85268001340195,118.0940009627436,119.12394461719592,79184500,AAPL
2020-12-15,124.25421142578125,124.27364851643785,120.61053530086464,120.8145802742906,157243700,AAPL
2020-12-16,124.18622589111328,124.73034594931227,122.97166689471923,123.79757294273104,98208600,AAPL
2020-12-17,125.05097198486328,125.90602613060179,124.40968137555939,125.24529842903367,94359800,AAPL
2020-12-18,123.06880187988281,125.43962272597196,122.54411165592484,125.30359275084334,192541500,AAPL
2020-12-21,124.59429168701172,124.67202522679207,119.94982017477122,121.47530568083864,121251600,AAPL
2020-12-22,128.14080810546875,130.599073771845,125.9740246713456,127.8784592702847,168904800,AAPL
2020-12-23,127.24693298339844,128.6752408300138,127.07202876522139,128.41290674198933,88223700,AAPL
2020-12-24,128.22828674316406,129.67604646021374,127.38295839338778,127.59672197110412,54930100,AAPL
2020-12-28,132.81443786621094,133.44600251933943,129.72459253226933,130.19099379190865,124486200,AAPL
2020-12-29,131.04605102539062,134.8549062093824,130.53107920371312,134.13589678161503,121047300,AAPL
2020-12-30,129.9286346435547,132.13427742745725,129.6177004950943,131.735898609551,96452100,AAPL
2020-12-31,128.92788696289062,130.91976696038572,127.98538786397091,130.27847616245157,99116600,AAPL
2021-01-04,125.74083709716797,129.82175137838865,123.1659711614339,129.73430670995643,143301900,AAPL
2021-01-05,127.2954330444336,128.00474583374896,124.78858269629163,125.23554671659785,97664900,AAPL
2021-01-06,123.010498046875,127.33433126965235,122.79673453932533,124.09874526118351,155088000,AAPL
2021-01-07,127.20803833007812,127.89791430422592,124.23480053472447,124.72062409151188,109578200,AAPL
2021-01-08,128.30599975585938,128.86955684085643,126.53759495540402,128.67521556411702,105158200,AAPL
2021-01-11,125.32304382324219,126.47930629071162,124.85665734789745,125.52709624591981,100384500,AAPL
2021-01-12,125.14813995361328,126.0129052139805,123.26314235039197,124.85664288048969,91951100,AAPL
2021-01-13,127.17889404296875,127.72301407124303,124.84694682860504,125.10928088256377,88636800,AAPL
2021-01-14,125.25502014160156,127.2857588427231,125.10926419379747,127.09143240514113,90221800,AAPL
2021-01-15,123.53520965576172,126.52788445335536,123.39917965706009,125.12871028033413,111598500,AAPL
2021-01-19,124.2056655883789,125.06071988412404,123.34090015787666,124.15708026227341,90757300,AAPL
2021-01-20,128.2865753173828,128.7335395413519,124.90524730001776,125.01212908230433,104319500,AAPL
2021-01-21,132.98931884765625,135.70993338633443,129.80231790485385,130.00637029637122,120150900,AAPL
2021-01-22,135.12696838378906,135.88485193048166,131.19179469063414,132.4160646907934,114459400,AAPL
2021-01-25,138.86776733398438,140.97623923925303,132.66865562808596,139.01352325855314,157611700,AAPL
2021-01-26,139.10096740722656,140.20864422957436,137.3617112330404,139.52849439587914,98390600,AAPL
2021-01-27,138.0322265625,140.2087220647341,136.4290142912036,139.36337874928745,140843800,AAPL
2021-01-28,133.2030792236328,137.96415826033868,132.8241374993332,135.564189064389,142621100,AAPL
2021-01-29,128.21856689453125,132.86303917443942,126.51818434944722,131.97883669271752,177523800,AAPL
2021-02-01,130.33673095703125,131.54157860190338,127.21773749244758,129.9577892114423,106239800,AAPL
2021-02-02,131.16262817382812,132.44519444855226,130.7933975854858,131.8816374338767,83305400,AAPL
2021-02-03,130.1424560546875,131.92057258848567,129.82181063126527,131.9108466256723,89880900,AAPL
2021-02-04,133.4945831298828,133.5042942626405,130.7739685158837,132.43549143917588,84183100,AAPL
2021-02-05,133.0810546875,133.72330378796144,132.20527125837398,133.6551945582066,75693800,AAPL
2021-02-08,133.22695922851562,133.27561713779653,131.29048728628555,132.37062753976116,71297200,AAPL
2021-02-09,132.35118103027344,134.1708861386868,132.19549648512387,132.94477197557092,76774200,AAPL
2021-02-10,131.74789428710938,133.30485887781032,130.78452077617774,132.80856880476307,73046600,AAPL
2021-02-11,131.494873046875,132.72097244544923,130.17145780866096,132.24414858851415,64280000,AAPL
2021-02-12,131.7283935546875,131.88409294253404,130.09359452723146,130.7358433658653,60145100,AAPL
2021-02-16,129.60708618164062,132.35121823326722,129.21783758857316,131.8452173347529,80576300,AAPL
2021-02-17,127.32025909423828,128.66314035492906,125.98711832566399,127.71923321492339,97918500,AAPL
2021-02-18,126.2206802368164,126.50287241895496,123.98254952435698,125.72439023440656,96856700,AAPL
2021-02-19,126.37641143798828,127.19382620002692,125.33520282491251,126.73646830461514,87668800,AAPL
2021-02-22,122.61048889160156,126.2304187991235,122.22124775949521,124.56641277376495,103916400,AAPL
2021-02-23,122.4742431640625,123.30137584564321,115.20519230196524,120.43073670834654,158273000,AAPL
2021-02-24,121.97795867919922,122.18230857916163,118.94189453786483,121.57899194807914,111039900,AAPL
2021-02-25,117.7352523803711,123.05810538980377,117.29736077604736,121.32599026278942,148199500,AAPL
2021-02-26,117.99797058105469,121.49139194672976,117.93957960066368,119.29218643059886,164560400,AAPL
2021-03-01,124.35233306884766,124.48856634693102,119.4868376397081,120.42101187120407,116307900,AAPL
2021-03-02,121.75415802001953,125.25731317881322,121.6471165286429,124.95565484356455,102260900,AAPL
2021-03-03,118.7764663696289,122.32827934815643,118.56238339310273,121.45248872789318,112966300,AAPL
2021-03-04,116.89837646484375,120.2750310748952,115.42900236715201,118.47479946720621,178155000,AAPL
2021-03-05,118.15367889404297,118.65969453198089,114.40724922583529,117.72552038212189,153766600,AAPL
2021-03-08,113.22978973388672,117.74496808125187,113.08382341259126,117.67685145453473,154376600,AAPL
2021-03-09,117.83257293701172,118.77648030379827,115.5944493383936,115.82799105647607,129525800,AAPL
2021-03-10,116.75242614746094,118.88350799775948,116.23667741969722,118.41642461584055,111943300,AAPL
2021-03-11,118.67915344238281,119.89552719538874,117.99798711036199,119.24355264557505,103026500,AAPL
2021-03-12,117.77416229248047,117.9103955487277,115.95447204511132,117.16111263936789,88105100,AAPL
2021-03-15,120.65454864501953,120.6642817142442,117.18058534747087,118.14395874848536,92403800,AAPL
2021-03-16,122.19204711914062,123.79766203262986,121.36491441345117,122.31854732264155,115227900,AAPL
2021-03-17,121.40386199951172,122.47426966755624,119.04895622082427,120.71296243719065,111932600,AAPL
2021-03-18,117.2876205444336,119.86633436304555,117.08327064661763,119.57440169521924,121229700,AAPL
2021-03-19,116.76216125488281,118.16342636251116,116.46050290360724,116.67458589773459,185549500,AAPL
2021-03-22,120.0707015991211,120.53779245026008,117.02490398115997,117.09302062360135,111912300,AAPL
2021-03-23,119.24356842041016,120.89783397367995,118.85432728312398,120.01231762490714,95467100,AAPL
2021-03-24,116.85946655273438,119.5938800533793,116.8400078374971,119.51603034411634,88530500,AAPL
2021-03-25,117.34601593017578,118.38723908571315,115.79879193762964,116.32426633816141,98844700,AAPL
2021-03-26,117.9493179321289,118.21205879522662,115.72092053842741,117.1124522760085,94071200,AAPL
2021-03-29,118.1244888305664,119.28247903408416,117.48224734126221,118.37749665321657,80819200,AAPL
2021-03-30,116.67456817626953,117.16111766205535,115.66254435493632,116.87891806940085,85671900,AAPL
2021-03-31,118.86404418945312,120.19718506636265,117.89094519064328,118.3774946900482,118323800,AAPL
2021-04-01,119.6911849975586,120.8394421912494,119.19490239563412,120.33343394406754,75089100,AAPL
2021-04-05,122.51317596435547,122.76618380455446,119.75930377924526,120.53778601486208,88651200,AAPL
2021-04-06,122.81483459472656,123.71008397089403,122.26990148299974,123.09703422020135,80171300,AAPL
2021-04-07,124.45936584472656,124.47882455845117,121.7736104771957,122.4450511751175,83466700,AAPL
2021-04-08,126.85321044921875,126.88240223692625,125.06271151102148,125.48113703370569,88844600,AAPL
2021-04-09,129.4221649169922,129.4610823431084,125.987126690143,126.3082511367721,106686700,AAPL
2021-04-12,127.70951843261719,129.27620842056396,127.11592744716376,128.95508396794366,91420000,AAPL
2021-04-13,130.81370544433594,131.03752892907758,128.380957683949,128.87724772998885,91266500,AAPL
2021-04-14,128.478271484375,131.36837696548068,128.1182295730411,131.3099933958929,87222800,AAPL
2021-04-15,130.88182067871094,131.36837019796266,130.04495491166549,130.22012045971883,89347100,AAPL
2021-04-16,130.5509490966797,131.0472241792983,129.6946173321828,130.68718234573052,84922400,AAPL
2021-04-19,131.21266174316406,131.82571884662076,129.75301328602865,129.91843832937323,94264200,AAPL
2021-04-20,129.52915954589844,131.88405645438604,128.26412835418347,131.38778149727852,94812300,AAPL
2021-04-21,129.90872192382812,130.15199668398512,127.76790700410929,128.7993896114448,68847100,AAPL
2021-04-22,128.3907012939453,130.54124205126504,127.87495994409139,129.46110142550572,84566500,AAPL
2021-04-23,130.70664978027344,131.4851170121257,128.60475261832673,128.60475261832673,78657500,AAPL
2021-04-26,131.09588623046875,131.42673629598994,129.96708793224363,131.20292770440926,66905100,AAPL
2021-04-27,130.77474975585938,131.76731470925472,130.50228327427,131.37806627247733,66015800,AAPL
2021-04-28,129.9865264892578,131.38779099688364,129.49997713790484,130.69688438470698,107760100,AAPL
2021-04-29,129.88922119140625,133.38265710155315,128.88693063436986,132.79879189335512,151101000,AAPL
2021-04-30,127.92362213134766,129.96712145874997,127.5441140528076,128.23500614148355,109839500,AAPL
2021-05-03,128.97451782226562,130.4633727552625,128.283625938946,128.48796838679135,75135100,AAPL
2021-05-04,124.41069793701172,127.95278490720769,123.2916326716947,127.66085225567952,137564700,AAPL
2021-05-05,124.65399932861328,126.94077328039651,124.52749169549318,125.72439941828402,84000900,AAPL
2021-05-06,126.24987030029297,126.25959594495404,123.71007387822482,124.44963120105919,78128300,AAPL
2021-05-07,126.92243194580078,127.94590938474946,126.2108524591679,127.54627247102638,78973300,AAPL
2021-05-10,123.64727020263672,126.26934761190338,123.6082792363769,126.14263998590019,88071200,AAPL
2021-05-11,122.73101043701172,123.0819142652862,119.67028275042819,120.38185488141869,126142800,AAPL
2021-05-12,119.67028045654297,121.49306907963458,119.1634127705143,120.28437887697672,112172300,AAPL
2021-05-13,121.81474304199219,122.96495055227784,121.12267010296466,121.43459040557941,105861300,AAPL
2021-05-14,124.23211669921875,124.66100988052594,122.67251527187383,123.06241748790161,81918000,AAPL
2021-05-17,123.08190155029297,123.72524128199667,122.00967610088587,123.6180179933794,74244600,AAPL
2021-05-18,121.69776153564453,123.78372980629568,121.62952920667057,123.36458623209384,63342900,AAPL
2021-05-19,121.54183197021484,121.76602077062454,119.75803398561095,120.0504625668393,92612000,AAPL
2021-05-20,124.09565734863281,124.49530918227134,121.94145662294912,122.06817912472063,76857100,AAPL
2021-05-21,122.26313781738281,124.76825004025154,122.04869119774337,124.59279439116175,79295400,AAPL
2021-05-24,123.8909683227539,124.70976380781524,122.76025995557121,122.82849229292907,63092900,AAPL
2021-05-25,123.69601440429688,125.08016771850949,123.13065653206684,124.59278434432386,72009500,AAPL
2021-05-26,123.64727020263672,124.17363709199465,123.22812661130169,123.75449350065962,56575900,AAPL
2021-05-27,122.1169204711914,124.41733561849655,121.92197306010468,123.24763627844212,94625600,AAPL
2021-05-28,121.46383666992188,122.62379382802953,121.4053539348129,122.39959761550023,71311100,AAPL
2021-06-01,121.1421890258789,122.18517346875952,120.81077688364034,121.92199367561527,67637100,AAPL
2021-06-02,121.90247344970703,122.07792909380578,120.91797935921073,121.14216813753484,59278900,AAPL
2021-06-03,120.42086029052734,121.69778300232346,120.02120840977952,121.5320769508381,76229200,AAPL
2021-06-04,122.71151733398438,122.97470451422886,120.72302254551224,120.93746915555829,75169300,AAPL
2021-06-07,122.72127532958984,123.13066937489863,121.67829101219802,122.9844550910691,71057600,AAPL
2021-06-08,123.5400390625,125.21662075817993,123.02342180669262,123.40357440763638,74403800,AAPL
2021-06-09,123.9201889038086,124.52453767386459,123.32558973367314,123.99817082964145,56877900,AAPL
2021-06-10,122.92595672607422,124.95344236430199,122.7602506959565,123.81297704481983,71186400,AAPL
2021-06-11,124.1346664428711,124.22239799050632,122.91622643570359,123.33537009563992,53522400,AAPL
2021-06-14,127.18566131591797,127.24414406742741,123.86176022221218,124.59282436315625,96906500,AAPL
2021-06-15,126.36685180664062,127.30262029411195,126.1231638006209,126.65928038857137,62746300,AAPL
2021-06-16,126.86396789550781,127.58528973592168,125.21664949570912,127.07841452715692,91815000,AAPL
2021-06-17,128.46255493164062,129.20337594415264,126.37658632134162,126.52280804022224,96721700,AAPL
2021-06-18,127.16613006591797,128.1896075868194,126.95168347380675,127.40981802299594,108953300,AAPL
2021-06-21,128.95965576171875,129.06687904605207,125.94767651117064,127.0101523182265,79663300,AAPL
2021-06-22,130.59725952148438,130.69474066397615,128.29684436989922,128.7939773736595,74783600,AAPL
2021-06-23,130.3243408203125,130.92869718078555,129.86620618552573,130.3925806003398,60214200,AAPL
2021-06-24,130.04168701171875,131.24062798342803,129.57379527397197,131.05542269642876,68711000,AAPL
2021-06-25,129.7491912841797,130.50949637284592,129.4567628177243,130.09036030729925,70783700,AAPL
2021-06-28,131.37705993652344,131.83519451956099,129.98317185834844,130.04165459260284,62111300,AAPL
2021-06-29,132.887939453125,133.04390333984907,130.95793469390316,131.39657011097157,64556100,AAPL
2021-06-30,133.5019989013672,133.94063419010044,132.43950824826416,132.73193673192986,63261400,AAPL
2021-07-01,133.80421447753906,133.86269721920397,132.33232940247316,133.15113240638843,52485800,AAPL
2021-07-02,136.4263153076172,136.46529884864614,134.27210654572147,134.41831341650158,78852600,AAPL
2021-07-06,138.4342498779297,139.53570925876045,136.53348691022637,136.53348691022637,108181800,AAPL
2021-07-07,140.91990661621094,141.2318195282519,139.0581266890823,139.91589835234652,104911600,AAPL
2021-07-08,139.62347412109375,140.42276298269945,137.11835448019005,138.0053823208354,105575500,AAPL
2021-07-09,141.44627380371094,141.972633378387,139.04837716154248,139.14585831818513,99890800,AAPL
2021-07-12,140.85165405273438,142.62570970674338,140.364278087154,142.51848639937432,76299700,AAPL
2021-07-13,141.962890625,143.73694652851253,140.00364432229037,140.39353920017592,100827100,AAPL
2021-07-14,145.38426208496094,145.79367103404422,143.95137538377713,144.36078433286042,127050800,AAPL
2021-07-15,144.7311553955078,146.21278242197315,143.37625087333885,145.47197634550716,106820300,AAPL
2021-07-16,142.6939697265625,145.97887978350332,142.1968514737954,144.71171385995527,93251400,AAPL
2021-07-19,138.85342407226562,140.43253247911716,138.09311867670348,140.12060468938105,121434600,AAPL
2021-07-20,142.4599609375,143.3859869898834,139.350515378791,139.83789124908492,96350000,AAPL
2021-07-21,141.72891235351562,142.44049190950972,140.97836414159778,141.85563485293181,74993500,AAPL
2021-07-22,143.0935516357422,144.4581980577568,142.12854210433372,142.2552645840674,77338200,AAPL
2021-07-23,144.8091583251953,144.96512221870486,143.21056560056124,143.8246641352954,71447400,AAPL
2021-07-26,145.22828674316406,146.04707474588002,143.97084849928373,144.5264642055409,72434100,AAPL
2021-07-27,143.06436157226562,145.44275893789174,141.87516288945258,145.35501995009983,104818600,AAPL
2021-07-28,141.31951904296875,143.25928057886588,138.94112214929507,141.15381301329907,118931200,AAPL
2021-07-29,141.962890625,142.84991857675627,140.92965581242072,141.03687913486968,56699500,AAPL
2021-07-30,142.17733764648438,142.63547230965827,140.47152152252852,140.73470874624329,70440600,AAPL
2021-08-02,141.84591674804688,143.2398049839172,141.58272954059322,142.66470486730785,62880000,AAPL
2021-08-03,143.6394500732422,144.30227426975748,141.51448305654833,142.12858155366985,64786600,AAPL
2021-08-04,143.2397918701172,144.058579914417,142.58670986762564,143.5517196242508,56368300,AAPL
2021-08-05,143.34703063964844,144.10733603044793,142.4795019309908,143.2690486927029,46397700,AAPL
2021-08-06,142.66366577148438,143.61059289976055,142.16580285802874,142.86867690985883,54126800,AAPL
2021-08-09,142.6148681640625,143.21035833317768,142.05843483321482,142.72225212556916,48908700,AAPL
2021-08-10,142.13653564453125,144.196344465899,141.84366893661831,142.9565505100319,69023100,AAPL
2021-08-11,142.39035034179688,143.22989365517753,142.06819844175104,142.57583309295842,48493500,AAPL
2021-08-12,145.3482666015625,145.50446416374155,142.37081574173467,142.71249604702388,72282600,AAPL
2021-08-13,145.5532684326172,145.88517705910473,144.7430103885552,145.42635605950554,59375000,AAPL
2021-08-16,147.5251922607422,147.59353426907154,142.9858112009547,145.0065628373872,103296000,AAPL
2021-08-17,146.61732482910156,148.07187159409528,145.5434853619502,146.65636676617194,92229700,AAPL
2021-08-18,142.87843322753906,147.134719463398,142.67342208980006,146.23660593235846,86326000,AAPL
2021-08-19,143.21034240722656,144.4794213850425,141.0626783117476,141.5800696426097,86960300,AAPL
2021-08-20,144.66488647460938,144.9675098694575,143.28842371499448,143.93272733385453,60549600,AAPL
2021-08-23,146.14877319335938,146.61735100093347,144.37205937525184,144.78206681885666,60131800,AAPL
2021-08-24,146.06089782714844,147.27140659304087,145.60207679709836,145.89494350289067,48606400,AAPL
2021-08-25,144.83082580566406,146.74420805011133,144.28414942034036,146.24633035248027,58991300,AAPL
2021-08-26,144.03033447265625,145.57275146160703,144.00104929973693,144.82107882892396,48597200,AAPL
2021-08-27,145.06517028808594,145.2115961914639,143.33727014912955,143.97180225819312,55802400,AAPL
2021-08-30,149.4776153564453,149.83882401907485,145.07490345956626,145.45562564226032,90956700,AAPL
2021-08-31,148.2183074951172,149.16523456794167,147.69114453920625,149.02856544896787,86453100,AAPL
2021-09-01,148.88217163085938,151.29341783710504,148.71621728375123,149.19456679893693,80313700,AAPL
2021-09-02,149.99502563476562,151.0395800272227,148.77476016459727,150.20979354918074,71115500,AAPL
2021-09-03,150.62957763671875,150.95172951907767,149.44835406806936,150.10241459437898,57808700,AAPL
2021-09-07,152.9627227783203,153.51915609845358,150.71743128739138,151.28363626481305,82278300,AAPL
2021-09-08,151.42027282714844,153.30435519689405,150.31714828986404,153.24578484904103,74420200,AAPL
2021-09-09,150.405029296875,152.39649574316758,150.2878736971047,151.7912489116524,57305700,AAPL
2021-09-10,145.42640686035156,151.7815461639163,145.1628252609746,151.31296823955344,140893200,AAPL
2021-09-13,145.99252319335938,147.81803506194143,145.21155053067017,147.04683405361763,102404300,AAPL
2021-09-14,144.59654235839844,147.4763801866019,143.4153339702326,146.7735062300835,109296300,AAPL
2021-09-15,145.48492431640625,145.8851749521173,142.88819590848047,145.02610332343372,83281300,AAPL
2021-09-16,145.2506561279297,145.4263821295721,143.71801019803328,144.9089906791146,68034100,AAPL
2021-09-17,142.5855712890625,145.27992686740734,142.29270460935308,145.27992686740734,129868800,AAPL
2021-09-20,139.53982543945312,141.3946233415319,137.90955225490944,140.37936883525987,123478900,AAPL
2021-09-21,140.01817321777344,141.1603551264203,139.38364095370108,140.50627954269768,75834000,AAPL
2021-09-22,142.3805389404297,142.94672884294354,140.2816740145179,141.0138330802469,76404300,AAPL
2021-09-23,143.3372802734375,143.58133339351843,142.17558503852095,143.16155428115266,64838200,AAPL
2021-09-24,143.42510986328125,143.96202960944674,142.09746053449825,142.1950877231893,53477900,AAPL
2021-09-27,141.9119873046875,142.48796392317834,140.39887004950094,142.00961449990794,74150700,AAPL
2021-09-28,138.53428649902344,141.30672576458994,138.31951860844126,139.84240736288436,108972300,AAPL
2021-09-29,139.4324188232422,141.013878143942,138.65144592439347,139.08098176355122,74602000,AAPL
2021-09-30,138.13401794433594,140.94551367693097,137.91925008166186,140.2426397437822,89056700,AAPL
2021-10-01,139.25665283203125,139.5202342750178,135.80086848455736,138.52449374270236,94639600,AAPL
2021-10-04,135.8302001953125,138.82717957779718,134.98090012736012,138.3878720570302,98322000,AAPL
2021-10-05,137.75332641601562,138.8564511470798,136.0449547897289,136.17186716291496,80861100,AAPL
2021-10-06,138.62216186523438,138.76858776803195,135.07850605934124,136.15234566592073,83221100,AAPL
2021-10-07,139.8814697265625,140.78935501402486,139.32503639848235,139.6569450430087,61732700,AAPL
2021-10-08,139.50071716308594,140.7502675851044,139.16880859069704,140.60384171370225,58773200,AAPL
2021-10-11,139.4128875732422,141.36531233280488,138.43667519346084,138.88573944232053,64452200,AAPL
2021-10-12,138.143798828125,139.84241361250955,137.68497785008697,139.82288519545196,73035900,AAPL
2021-10-13,137.55807495117188,138.0364094315763,135.88874541033104,137.88022678873125,78762700,AAPL
2021-10-14,140.34030151367188,140.45745714105692,138.14382342191217,138.72955687137625,69907100,AAPL
2021-10-15,141.39456176757812,141.45313211222725,140.09619784320086,140.3500225311004,67940300,AAPL
2021-10-18,143.06390380859375,143.34699879821167,139.75454497889402,140.03763996851194,85589200,AAPL
2021-10-19,145.22134399414062,145.62159463310732,143.06392303976392,143.51297237963328,76378900,AAPL
2021-10-20,145.70947265625,146.1878221446277,144.59659100003023,145.16279603857302,58418800,AAPL
2021-10-21,145.92417907714844,146.0803765865811,144.3524770160413,145.27011876419027,61421000,AAPL
2021-10-22,145.1530303955078,146.60757740087539,145.1042167942401,146.12924283758312,58883400,AAPL
2021-10-25,145.1042022705078,145.8168331110648,144.10846150842693,145.14324421012236,50720600,AAPL
2021-10-26,145.7680206298828,147.25185252804923,145.4653823192533,145.77777738990952,60893400,AAPL
2021-10-27,145.30918884277344,146.168245431377,144.95775186240334,145.80705169170784,56094900,AAPL
2021-10-28,148.94070434570312,149.52642273545615,146.15849358297356,146.25612076250718,100077900,AAPL
2021-10-29,146.23658752441406,146.3732566337639,142.927228830471,143.7179583128391,124953200,AAPL
2021-11-01,145.41659545898438,146.1389830509936,144.28418557941234,145.44588063726485,74588300,AAPL
2021-11-02,146.4513702392578,147.96450225059075,145.11394928812004,145.12372094423125,69122000,AAPL
2021-11-03,147.8864288330078,148.35500663634056,146.25615583539988,146.8125891838913,54511500,AAPL
2021-11-04,147.3690185546875,148.80403696262286,147.0566234619275,147.97426542713765,60394600,AAPL
2021-11-05,147.89694213867188,148.79636649786093,146.70422366033108,148.49330137784227,65463900,AAPL
2021-11-08,147.07571411132812,148.18044870579655,146.80197694204415,148.02402320404659,55020900,AAPL
2021-11-09,147.4374237060547,148.04355383183062,146.7041960051751,146.84106457930375,56787900,AAPL
2021-11-10,144.61209106445312,146.77267581374304,144.54366421842147,146.6651351263565,65187100,AAPL
2021-11-11,144.56317138671875,146.0882826457482,144.37741797894228,145.6288070022433,41000000,AAPL
2021-11-12,146.63577270507812,147.03659252052734,144.18189439318962,145.11064651980587,63804000,AAPL
2021-11-15,146.64556884765625,148.483531417499,146.08830852560698,147.00728981052836,59222800,AAPL
2021-11-16,147.62319946289062,148.102247003654,146.00031832566742,146.58690654221206,59256200,AAPL
2021-11-17,150.05752563476562,151.53375230300938,147.61343285568483,147.6232038564801,88807000,AAPL
2021-11-18,154.33956909179688,155.12168178008048,149.627365877677,150.2726099643279,137827700,AAPL
2021-11-19,156.95965576171875,157.41914644005507,153.02955003283444,154.12449892543512,117305600,AAPL
2021-11-22,157.41917419433594,161.99450994585177,157.3996172699315,158.06440352405775,117467900,AAPL
2021-11-23,157.8004150390625,158.18169292863084,155.502961782972,157.51689191338718,96041900,AAPL
2021-11-24,158.3185577392578,158.51408217991857,156.06998937776268,157.15516717862224,69463600,AAPL
2021-11-26,153.3032989501953,156.8618980401627,152.86336515925657,156.00158738073347,76959800,AAPL
2021-11-29,156.6565399169922,157.5852919747901,155.23895449884512,155.80598568259293,88748200,AAPL
2021-11-30,161.60342407226562,161.8185054389282,156.34373142534065,156.41217318635103,174048100,AAPL
2021-12-01,161.08526611328125,166.49159798116264,160.85062784337472,163.7346542506034,152052500,AAPL
2021-12-02,160.09783935546875,160.52800204808736,154.27113083970096,155.19011206164845,136739200,AAPL
2021-12-03,158.22076416015625,161.27100166043388,156.14817855062066,160.35202051883033,118023100,AAPL
2021-12-06,161.62294006347656,164.12568814988214,160.60618932990224,160.61596032861834,107497000,AAPL
2021-12-07,167.35189819335938,167.74296195252498,164.5754126322905,165.29886939857903,120405400,AAPL
2021-12-08,171.16468811035156,172.02501344578044,166.8826332677211,168.280661937793,116998900,AAPL
2021-12-09,170.6563262939453,172.79735388590385,170.03063915946248,170.9985052389604,108923700,AAPL
2021-12-10,175.4369659423828,175.61294836881706,170.78341894665584,171.29179439045112,115402700,AAPL
2021-12-13,171.8099365234375,178.0570365302883,171.6046261840087,177.06961358561998,153237000,AAPL
2021-12-14,170.4314727783203,173.76521877848376,168.35888695654498,171.33089709564845,139380400,AAPL
2021-12-15,175.2903289794922,175.48585340924998,168.4566405154073,171.19402728468987,131063300,AAPL
2021-12-16,168.40774536132812,177.08916675225177,166.9315188519041,175.27076132354634,150185800,AAPL
2021-12-17,167.3127899169922,169.59068583995455,165.89521929851176,166.12984262332955,195432700,AAPL
2021-12-20,165.9539031982422,166.76534380811088,163.71512072913166,164.51677542044033,107499100,AAPL
2021-12-21,169.12144470214844,169.3267401361631,165.3379790393109,167.72341591348743,91185900,AAPL
2021-12-22,171.71217346191406,171.9272548095711,168.300214735498,169.17031112645324,92135300,AAPL
2021-12-23,172.3378448486328,172.89510508509778,171.35043687369296,171.91746810959268,68356600,AAPL
2021-12-27,176.29730224609375,176.3852860059842,173.1102106304085,173.12975263201184,74919600,AAPL
2021-12-28,175.28053283691406,177.27492068975482,174.5375340801528,176.1310871789595,79144300,AAPL
2021-12-29,175.3685302734375,176.59057652650236,174.1562550200767,175.31964543980357,62348900,AAPL
2021-12-30,174.21490478515625,176.53191454419968,174.10736412193012,175.4565079119385,59773000,AAPL
2021-12-31,173.59901428222656,175.22188041192248,173.29593427269404,174.1073747963206,64062300,AAPL
2022-01-03,177.9397430419922,178.79029755777358,173.73591497728762,173.8532266687499,104487900,AAPL
2022-01-04,175.68138122558594,178.84893075193062,175.1143499260673,178.54586564233023,99310400,AAPL
2022-01-05,171.00827026367188,176.14086475419518,170.73453308424857,175.59339039534856,94537600,AAPL
2022-01-06,168.15357971191406,171.3797850968752,167.80162976232634,168.83792269234627,96904000,AAPL
2022-01-07,168.3197784423828,170.24572473108867,167.2052727402814,169.02367835082143,86709100,AAPL
2022-01-10,168.33935546875,168.6424206204467,164.40924966346103,165.29890311477462,106765600,AAPL
2022-01-11,171.16468811035156,171.26244286002324,166.99995985190662,168.46641535499305,76138300,AAPL
2022-01-12,171.6046600341797,173.2177554801649,170.91054596180936,172.18146241376857,74805200,AAPL
2022-01-13,168.33935546875,172.6702811972984,167.9482916298187,171.84906951188285,84505800,AAPL
2022-01-14,169.19964599609375,169.89375992557677,167.26391395832079,167.50832321300913,80440800,AAPL
2022-01-18,166.00277709960938,168.6814931182034,165.6214992398613,167.67452813175186,90956700,AAPL
2022-01-19,162.51260375976562,167.25414945182573,162.22909557704548,166.19829964047344,94815000,AAPL
2022-01-20,160.83106994628906,165.8854518373375,160.50844792121475,163.24583471657064,91420500,AAPL
2022-01-21,158.77801513671875,162.61035005803072,158.67047447923693,160.74305996791702,122848900,AAPL
2022-01-24,158.0057373046875,158.6705384327714,151.2404889080489,156.44152655886694,162294600,AAPL
2022-01-25,156.20684814453125,159.1202024043847,153.5085752311325,155.4247355135648,115798400,AAPL
2022-01-26,156.11886596679688,160.7137572085088,154.29068942101793,159.84366081362626,108275300,AAPL
2022-01-27,155.6593475341797,160.1760252131081,154.7403664665498,158.81711052646853,121954600,AAPL
2022-01-28,166.52093505859375,166.54049197821774,159.15932862262193,162.00425626677838,179935700,AAPL
2022-01-31,170.87142944335938,171.08651082179728,165.71927719769477,166.3547503312831,115541600,AAPL
2022-02-01,170.70518493652344,170.93003725349797,168.4566170141108,170.11859681152686,86213900,AAPL
2022-02-02,171.90769958496094,171.94681342176997,169.45383589849953,170.84207875406224,84914300,AAPL
2022-02-03,169.03341674804688,172.29873538364427,168.27086114724798,170.57808486487306,89418100,AAPL
2022-02-04,168.74961853027344,170.4235148216532,167.07572223889366,168.05460511567154,82465400,AAPL
2022-02-07,168.0349884033203,170.27662295458384,167.3399751947351,169.20964451994723,77251200,AAPL
2022-02-08,171.13804626464844,171.64706939744136,167.80983647215697,168.1035042386361,74829200,AAPL
2022-02-09,172.5574188232422,172.9196005956565,171.20655609241282,172.33228001362485,71285000,AAPL
2022-02-10,168.48529052734375,171.7743370940817,167.92733513885554,170.462637822063,90865900,AAPL
2022-02-11,165.07875061035156,169.4249914689082,164.4914151129285,168.69082956541044,98670700,AAPL
2022-02-14,165.313720703125,165.9989356288058,163.04270559336564,163.83559821712237,86185500,AAPL
2022-02-15,169.1411590576172,169.29778389652108,166.65480322042677,167.3596000589275,62527400,AAPL
2022-02-16,168.90621948242188,169.67953027359678,166.45901263665095,168.22100455291906,61177400,AAPL
2022-02-17,165.313720703125,168.2797341887302,164.91237519788157,167.41831260412283,69589300,AAPL
2022-02-18,163.76708984375,166.93866044821442,162.68052937533312,166.23387859788448,82772700,AAPL
2022-02-22,160.84999084472656,163.16993775264925,158.72580252665216,161.4960419882263,91162800,AAPL
2022-02-23,156.6897735595703,162.64136771002168,156.3765239008277,162.04424861753867,90009200,AAPL
2022-02-24,159.30337524414062,159.4110529381091,148.7901697172211,149.3579234730035,141147500,AAPL
2022-02-25,161.3688201904297,161.6331077669388,157.47285626304333,160.38013909716133,91974200,AAPL
2022-02-28,161.633056640625,161.9267243470873,158.9998606023944,159.61656129230923,95056600,AAPL
2022-03-01,159.753662109375,163.08187242749526,158.54964050687724,161.2219862371019,83474400,AAPL
2022-03-02,163.04266357421875,163.82577254598857,159.50889722189146,160.91849038376492,79724800,AAPL
2022-03-03,162.7196502685547,165.3430634011942,162.05401727070716,164.91235266773373,76678400,AAPL
2022-03-04,159.7242889404297,162.0540345545001,158.67689221468046,161.01642127862274,83737200,AAPL
2022-03-07,155.93600463867188,161.53521443024337,155.68148559760553,159.91026569329455,96418800,AAPL
2022-03-08,154.1152801513672,159.44040392728598,152.50991327214726,155.46614292973925,131148300,AAPL
2022-03-09,159.5089111328125,159.959203685233,156.04367342146804,158.06995256595388,91454900,AAPL
2022-03-10,155.17250061035156,157.00300660733848,152.6861300144377,156.81701649151432,105342000,AAPL
2022-03-11,151.46253967285156,155.9164596416208,151.23740079888486,155.57384466842046,96970100,AAPL
2022-03-14,147.43930053710938,150.86538982544317,146.9302923114544,148.25177493215907,108732100,AAPL
2022-03-15,151.81488037109375,152.2847547162285,147.204352250739,147.7133603864597,92964300,AAPL
2022-03-16,156.21990966796875,156.62125521924412,151.1982508293672,153.73355381345266,102300200,AAPL
2022-03-17,157.22811889648438,157.60009906528276,154.30126947324382,155.2605702418383,75615400,AAPL
2022-03-18,160.51718139648438,161.00662274780382,156.38629519642316,157.1204572234023,123511700,AAPL
2022-03-21,161.8876190185547,162.83713639325782,159.56765695852218,160.05709828830467,95811400,AAPL
2022-03-22,165.2549591064453,165.8422796739602,161.42752475473955,162.01484532225444,81532000,AAPL
2022-03-23,166.61561584472656,168.9942934206818,164.1096638130363,164.4424952526729,98062700,AAPL
2022-03-24,170.39413452148438,170.4626485498089,166.6156463524789,167.44768776251115,90131400,AAPL
2022-03-25,171.03036499023438,171.578536843318,169.10196511927478,170.20810721060892,80546200,AAPL
2022-03-28,171.8917999267578,172.0190445148475,168.36781639958284,168.53422465828777,90371900,AAPL
2022-03-29,175.18084716796875,175.22977935165113,172.6161644453855,172.95877935054617,100589400,AAPL
2022-03-30,174.01597595214844,175.81711647524634,172.96856432856262,174.77950323773482,92633200,AAPL
2022-03-31,170.9226837158203,174.2704602652505,170.71711180695456,174.08447018974397,103049300,AAPL
2022-04-01,170.6290283203125,171.18699858724577,168.30908127405286,170.35494237968112,78751300,AAPL
2022-04-04,174.6718292236328,174.72077634534207,170.75629847192283,170.88355800105404,76468400,AAPL
2022-04-05,171.36318969726562,174.53477477488693,170.73670541562527,173.7516656886956,73401800,AAPL
2022-04-06,168.201416015625,169.9634078617043,166.537318414103,168.7202226513366,89058800,AAPL
2022-04-07,168.5048828125,169.69912101079552,166.2632477962957,167.5455818608837,77594700,AAPL
2022-04-08,166.4981231689453,168.15243700693318,165.6269183292227,168.15243700693318,76575500,AAPL
2022-04-11,162.2498016357422,165.4605355802755,162.00508096962494,165.14730089465874,72246700,AAPL
2022-04-12,164.1194610595703,166.28278325109693,163.1209966207163,164.47185939466212,79265200,AAPL
2022-04-13,166.80157470703125,167.4280589196407,163.24824133176645,163.85514371182387,70618900,AAPL
2022-04-14,161.79954528808594,167.65327568742538,161.55482456714066,167.01699285102723,75329400,AAPL
2022-04-18,161.58416748046875,163.08185675186522,160.11584349387897,160.45844346214486,69023900,AAPL
2022-04-19,163.8649444580078,164.2760883021938,160.44865367684753,161.53521398147984,67723800,AAPL
2022-04-20,163.69854736328125,165.31371275678185,162.59242008519655,165.19623667762264,67929800,AAPL
2022-04-21,162.90565490722656,167.90774603308134,162.4064301142371,165.34307817395856,87227800,AAPL
2022-04-22,158.37342834472656,164.3250370614869,158.08955892864606,162.94482378114378,84882400,AAPL
2022-04-25,159.44039916992188,159.72426854560663,155.113739965227,157.71755627231695,96046400,AAPL
2022-04-26,153.4888153076172,158.91181906878418,153.4105028966986,158.82372320771267,95623200,AAPL
2022-04-27,153.26368713378906,156.41567600749497,152.0988142121799,152.61762090114706,88063200,AAPL
2022-04-28,160.1843719482422,161.04579354437072,155.57382764277364,155.88707729102597,130216800,AAPL
2022-04-29,154.3208465576172,162.69029635210208,153.92929946524063,158.42236732431553,131747600,AAPL
2022-05-02,154.62432861328125,154.8886162063275,150.03336604127583,153.40072515321864,123055300,AAPL
2022-05-03,156.1122283935547,157.31626501989302,153.01897002538345,154.81031244687898,88966500,AAPL
2022-05-04,162.5141143798828,162.96439206944154,155.89685759161674,156.29820309411934,108256500,AAPL
2022-05-05,153.45945739746094,160.6150881198339,151.67788357069364,160.38994926297363,130525300,AAPL
2022-05-06,154.1848602294922,156.30235682996496,151.1458596477854,152.93984857664353,116124600,AAPL
2022-05-09,149.06761169433594,152.76342612282588,148.5088364921623,151.88112823098254,131577900,AAPL
2022-05-10,151.46939086914062,153.6555174482576,149.92048190900607,152.45952464307157,115366700,AAPL
2022-05-11,143.61700439453125,152.39087300235883,142.9405806152843,150.47925033829725,142689800,AAPL
2022-05-12,139.7545623779297,143.32293029647687,136.0685607235715,139.96043637411066,182602000,AAPL
2022-05-13,144.2150115966797,145.18553469561974,140.2937279042498,141.74459868206603,113990900,AAPL
2022-05-16,142.6759033203125,144.616949555646,141.34266624082053,142.68571610317943,86643800,AAPL
2022-05-17,146.3031005859375,146.8226694807634,143.7934664467187,145.9305738468132,78336300,AAPL
2022-05-18,138.04879760742188,144.46008977155722,137.14688920750964,143.9601314929513,109742900,AAPL
2022-05-19,134.64706420898438,138.87224434894858,133.91182362893935,137.127274568989,136095600,AAPL
2022-05-20,134.88235473632812,137.93115346240322,130.00036063657,136.3528361484188,137426100,AAPL
2022-05-23,140.29373168945312,140.44077384848245,134.94117272312687,135.07841705772444,117726300,AAPL
2022-05-24,137.5978240966797,139.1761411372566,134.62745335548652,138.0389654521871,104132700,AAPL
2022-05-25,137.7546844482422,138.99968110716551,135.61757730341805,135.70580258630076,92482700,AAPL
2022-05-26,140.9505157470703,141.49949297179577,134.4411865880973,134.68626677474316,90601500,AAPL
2022-05-27,146.6952362060547,146.7344424649416,142.40142537012454,142.52887188890233,90978500,AAPL
2022-05-31,145.9109344482422,147.69512536408004,143.95029298038025,146.13641898717157,103718400,AAPL
2022-06-01,145.78350830078125,148.753879037452,144.77376414576858,146.95007745203338,74286600,AAPL
2022-06-02,148.23435974121094,148.29317661370146,143.9699569834941,144.92086964479174,72348100,AAPL
2022-06-03,142.51904296875,145.05807025566116,141.61714962601158,144.00911981753086,88570300,AAPL
2022-06-06,143.26409912109375,145.64628674294468,142.04849579123675,144.13658414441952,71598400,AAPL
2022-06-07,145.78350830078125,146.06779474236185,141.26422895235845,141.5093091448792,67808200,AAPL
2022-06-08,145.04827880859375,146.9206802540853,144.55811838609154,145.6560729457736,53950200,AAPL
2022-06-09,139.83299255371094,145.0384948829892,139.72515664096548,144.18562036487367,69473000,AAPL
2022-06-10,134.43141174316406,137.9899664897166,134.36278209908923,137.51941663931075,91437900,AAPL
2022-06-13,129.28469848632812,132.53935542645704,128.853354985689,130.25520640425938,122207100,AAPL
2022-06-14,130.14739990234375,131.25516732822615,128.89259032192393,130.5101288143863,84784300,AAPL
2022-06-15,132.76483154296875,134.63724775917188,129.5591934714462,131.64726649009233,91533000,AAPL
2022-06-16,127.50054931640625,129.78469908531477,126.50061768881059,129.48080196283757,108123900,AAPL
2022-06-17,128.97097778320312,130.46106930716064,127.25541670605972,127.51030963953596,134520300,AAPL
2022-06-21,133.19619750976562,134.36278178825876,130.69639115129178,130.79441426737327,81000500,AAPL
2022-06-22,132.68643188476562,135.04899374439105,131.27476747959807,132.13743964836019,73409200,AAPL
2022-06-23,135.5489501953125,135.86264504741038,132.9609040918498,134.12748814246305,72433800,AAPL
2022-06-24,138.87225341796875,139.117333627322,137.01944763359853,137.1468791706762,89116800,AAPL
2022-06-27,138.87225341796875,140.66624234545563,138.19582964679236,139.89178050713437,70207900,AAPL
2022-06-28,134.73529052734375,140.59760460905184,134.61765682035212,139.33299738336785,67083400,AAPL
2022-06-29,136.49009704589844,137.90176176618252,133.9804775247322,134.75493953918553,66242400,AAPL
2022-06-30,134.02944946289062,135.64697266058235,131.13750634293814,134.54901824559195,98964500,AAPL
2022-07-01,136.1959686279297,136.3038045198631,132.9903302157903,133.36284196732555,71051600,AAPL
2022-07-05,138.7742462158203,138.82326526029516,134.23535494237336,135.05883599741875,73353800,AAPL
2022-07-06,140.107421875,141.28380363283725,138.30363551574916,138.5683262727769,74064300,AAPL
2022-07-07,143.469970703125,143.66603189279604,140.4603783389641,140.47017616296918,66253700,AAPL
2022-07-08,144.14634704589844,144.64632016905765,142.14649942878123,142.40137742200497,64547800,AAPL
2022-07-11,142.01904296875,143.75421464886333,140.9504970864819,142.80330245388922,63141600,AAPL
2022-07-12,142.98959350585938,145.5286208059207,142.19553604555907,142.89155544175705,77588800,AAPL
2022-07-13,142.62692260742188,143.5680224891842,139.32323031975335,140.17611985083454,71185600,AAPL
2022-07-14,145.54824829101562,146.01879814456234,140.4309718883509,141.244640047542,78140700,AAPL
2022-07-15,147.2147674560547,147.89119117713278,145.28353435270415,146.83244295612025,76259900,AAPL
2022-07-18,144.17581176757812,148.58725611818477,143.8130828380742,147.77358792071823,81420900,AAPL
2022-07-19,148.02847290039062,148.25394254490203,144.01896354895925,145.0090823866063,82982400,AAPL
2022-07-20,150.0283203125,150.69494637561027,147.41086501912858,148.14610577429508,64823400,AAPL
2022-07-21,152.29286193847656,152.50853373902038,148.94996398855773,151.45958316742,65086600,AAPL
2022-07-22,151.05763244628906,153.2045374479934,150.3910214648786,152.3320525114364,66675400,AAPL
2022-07-25,149.94009399414062,151.98896129458768,149.28328071900498,150.97923186102722,53623900,AAPL
2022-07-26,148.6166534423828,150.07732200029463,147.83239373585778,149.2636538636445,55138700,AAPL
2022-07-27,153.7045135498047,154.2338952339947,149.1656377708993,149.5773707705413,78620700,AAPL
2022-07-28,154.25347900390625,154.53776544520662,151.37133354934207,153.89075014754778,81378700,AAPL
2022-07-29,159.31192016601562,160.40988958103017,156.36116008489938,158.0669235799792,101786900,AAPL
2022-08-01,158.33163452148438,160.37070393464464,157.72384030664722,157.84147403635484,67829400,AAPL
2022-08-02,156.86114501953125,159.21392420256825,156.48863324172908,156.94938527079637,59907000,AAPL
2022-08-03,162.86070251464844,163.3116417148104,157.58657171952117,157.67479700322565,82507500,AAPL
2022-08-04,162.54701232910156,163.89986001020398,161.19416464799912,162.74307352499065,55474100,AAPL
2022-08-05,162.3212127685547,162.81205403488926,160.01425282506756,160.22041274781424,56697000,AAPL
2022-08-08,161.85000610351562,164.73615535552312,161.1922805564501,163.32253000929188,60276900,AAPL
2022-08-09,161.8990936279297,162.78261696114208,160.25968547297944,161.0155852740051,63135500,AAPL
2022-08-10,166.13995361328125,166.23811287684435,163.8428051524665,164.60851631297595,70170500,AAPL
2022-08-11,165.4036865234375,167.85789272456063,165.10917878344554,166.94492022851418,57149200,AAPL
2022-08-12,168.94760131835938,169.01631131920942,166.2970460032489,166.70936592550703,68039400,AAPL
2022-08-15,170.01759338378906,170.21392688656005,168.21130119143814,168.37818541775778,54091700,AAPL
2022-08-16,169.8605499267578,170.52810192661653,168.51564947224608,169.61512926108554,56377100,AAPL
2022-08-17,171.35269165039062,172.92337473871223,169.40896440067246,169.6052979143018,79542000,AAPL
2022-08-18,170.9600067138672,171.69626861182405,169.94887490568271,170.5673396933382,62290100,AAPL
2022-08-19,168.37820434570312,170.55754092380556,168.1720444080825,169.86053968443733,70346300,AAPL
2022-08-22,164.50057983398438,166.74862666169574,164.07844847706937,166.58174239756778,69026800,AAPL
2022-08-23,164.16677856445312,165.6196796113523,163.5974008535258,164.0195321647684,54147100,AAPL
2022-08-24,164.4612579345703,165.03063554714507,163.20470561002094,164.25511301062056,53841500,AAPL
2022-08-25,166.91549682617188,167.0234825149317,165.26627719342727,165.68839353539587,51218200,AAPL
2022-08-26,160.62290954589844,167.91681938586046,160.56401098389765,167.44561591056575,78961000,AAPL
2022-08-29,158.42393493652344,159.91608162954805,156.89251255304256,158.19813716461735,73314000,AAPL
2022-08-30,155.9991912841797,159.58232691391927,154.83098655063566,159.1602105704912,77906200,AAPL
2022-08-31,154.3401336669922,157.63858767600124,154.2615972644816,157.3735291899389,87991100,AAPL
2022-09-01,155.06661987304688,155.5181855673853,151.8368751102563,153.77079140207798,74229900,AAPL
2022-09-02,152.95599365234375,157.4226533584457,152.13138370086696,156.82382625526336,76957800,AAPL
2022-09-06,151.69940185546875,154.21250676362826,150.8747921160952,153.60386838160778,73714800,AAPL
2022-09-07,153.10321044921875,153.80019664109167,150.7962505650505,151.98409298992328,87449600,AAPL
2022-09-08,151.63070678710938,153.49589780674214,149.88329791132227,151.8074024718103,84923800,AAPL
2022-09-09,154.48739624023438,154.92916542303703,151.91539245059826,152.62220516793604,68028800,AAPL
2022-09-12,160.43638610839844,161.25118449428555,156.38204700518378,156.66672837890903,104956000,AAPL
2022-09-13,151.02203369140625,157.5993035102858,150.5606417135221,156.97102730327344,122656600,AAPL
2022-09-14,152.46511840820312,154.22233860679495,150.79626102566698,151.95463927472932,87965400,AAPL
2022-09-15,149.5789794921875,152.3964188629796,148.60712326254628,151.81721471946022,90481100,AAPL
2022-09-16,147.9395751953125,148.57767791761873,145.6522527794473,148.4402429431555,162278800,AAPL
2022-09-19,151.6503448486328,151.7288812650201,146.368901915373,146.57504690151106,81474200,AAPL
2022-09-20,154.02603149414062,155.18442503374376,150.27601083725375,150.5901415565976,107689800,AAPL
2022-09-21,150.9042205810547,155.83227045116655,150.78642348575858,154.45790609581144,101696800,AAPL
2022-09-22,149.94219970703125,151.6405063427645,148.14571882351763,149.58879338602387,86652500,AAPL
2022-09-23,147.6745147705078,148.69547312127722,145.83877299693037,148.4206031759059,96029900,AAPL
2022-09-26,148.00828552246094,150.95333323742267,146.8989794231201,146.91861726875362,93339400,AAPL
2022-09-27,148.9801483154297,151.88593544780034,147.20330517830297,149.9422080635759,84442700,AAPL
2022-09-28,147.0953369140625,147.88068609523327,142.18692325585735,144.93563790031018,146691400,AAPL
2022-09-29,139.87014770507812,144.0324877695267,138.10311583907216,143.42384928540386,128138200,AAPL
2022-09-30,135.66851806640625,140.4787712884576,135.47218456289696,138.69210195416497,124925300,AAPL
2022-10-03,139.84066772460938,140.44932105441077,135.16786446408517,135.67834355315813,114311700,AAPL
2022-10-04,143.42385864257812,143.54165578156733,141.61755096209856,142.37345088895668,87830100,AAPL
2022-10-05,143.71835327148438,144.68041318278895,140.39044924017614,141.43104557154376,79471000,AAPL
2022-10-06,142.76608276367188,144.8374334955695,142.5599378213271,143.13912691743977,68402200,AAPL
2022-10-07,137.52392578125,140.47880029356153,136.8956494527264,139.9290453992253,85925600,AAPL
2022-10-10,137.84788513183594,139.29095992216133,136.03178109548642,137.84788513183594,74899000,AAPL
2022-10-11,136.43423461914062,138.76083241469453,135.68816128454225,137.33738075448184,77033700,AAPL
2022-10-12,135.80593872070312,137.78894134975735,135.6292430799311,136.58147619996143,70433700,AAPL
2022-10-13,140.37078857421875,140.95978909716513,131.90867508719168,132.51732843397534,113224000,AAPL
2022-10-14,135.84524536132812,141.87277603175662,135.65872326737428,141.66661609125816,88598000,AAPL
2022-10-17,139.80145263671875,140.282467627112,137.70065202144465,138.48600126569377,85250900,AAPL
2022-10-18,141.11688232421875,144.0128431743189,138.03439937209953,142.825015544548,99136600,AAPL
2022-10-19,141.224853515625,142.2948839097448,138.9080820775627,139.09460416043055,61758300,AAPL
2022-10-20,140.76345825195312,143.21766459219867,140.0370077826972,140.40024050696854,64522000,AAPL
2022-10-21,144.5723876953125,145.14176534962488,140.03700430524796,140.25297565616944,86548600,AAPL
2022-10-24,146.7124481201172,147.47815927955588,143.32564645655586,144.49385104011358,75981900,AAPL
2022-10-25,149.5495147705078,149.69677613929844,146.62410499116672,147.3407290522299,74732300,AAPL
2022-10-26,146.6143035888672,149.20594507644813,145.32828678897533,148.19481318791426,88194300,AAPL
2022-10-27,142.14764404296875,146.31979510961392,141.48991849585923,145.35775035197634,109180200,AAPL
2022-10-28,152.88726806640625,154.6150242142885,145.11234293200243,145.48537216958695,164762400,AAPL
2022-10-31,150.53118896484375,151.4147121907347,149.1372016307876,150.35449330723716,97943200,AAPL
2022-11-01,147.89048767089844,152.60256746450293,146.39834080336652,152.23934967138234,80379300,AAPL
2022-11-02,142.37342834472656,149.3826416112209,142.34397906464244,146.22162239502856,93604600,AAPL
2022-11-03,136.3361053466797,140.18429993575015,136.20848179558848,139.4578493069626,97918500,AAPL
2022-11-04,136.0706024169922,140.28900066971147,132.13735779737468,139.71867839937045,140814800,AAPL
2022-11-07,136.60157775878906,136.8277351131925,133.40581664759068,134.82178704829124,83374600,AAPL
2022-11-08,137.171875,139.06965789658196,135.19542542837,138.06669154902085,89908500,AAPL
2022-11-09,132.61915588378906,136.23774833279379,132.3438299914245,136.18857977969958,74917800,AAPL
2022-11-10,144.41891479492188,144.41891479492188,137.17191586897493,138.88288280173376,118854000,AAPL
2022-11-11,147.20166015625,147.50648417895965,141.96061049585242,143.38642351170455,93979700,AAPL
2022-11-14,145.80535888671875,147.77198095425382,144.96953850636208,146.48384590068005,73374100,AAPL
2022-11-15,147.53599548339844,151.02675299903876,146.0806992107757,149.67962155098414,89868300,AAPL
2022-11-16,146.3068389892578,147.36881668355312,144.83187247009243,146.6411761367448,64218300,AAPL
2022-11-17,148.20465087890625,148.95196191687904,143.71091192910288,143.98623783804743,80389400,AAPL
2022-11-18,148.76513671875,150.15160903599656,147.46717380781297,149.76811828911318,74829600,AAPL
2022-11-21,145.53985595703125,147.86047052115927,145.25470236836378,147.65398361312236,58724100,AAPL
2022-11-22,147.67364501953125,147.9096450709946,144.47788413446048,145.65786938764137,51804100,AAPL
2022-11-23,148.54881286621094,149.29612388958984,146.84767388557262,146.95583870512687,58301400,AAPL
2022-11-25,145.63821411132812,146.3953678932279,144.66473067745702,145.83487333926465,35195900,AAPL
2022-11-28,141.81312561035156,144.19273663104678,140.98714790150922,142.71777000634125,69246000,AAPL
2022-11-29,138.8140106201172,142.39326202258005,138.00770341068628,141.8819361067611,83763800,AAPL
2022-11-30,145.55955505371094,146.23804217919428,138.20439151332914,139.04019702693043,111380900,AAPL
2022-12-01,145.8348846435547,146.64120704597443,144.16325857031342,145.73656252403373,71250400,AAPL
2022-12-02,145.34320068359375,145.53003217962117,143.21924526160134,143.52408428382984,65447400,AAPL
2022-12-05,144.18292236328125,148.40132070138284,143.33727415278167,145.30389650239576,68826400,AAPL
2022-12-06,140.52496337890625,144.84169760083205,139.5514801929375,144.615540296504,64727200,AAPL
2022-12-07,138.5878448486328,140.97728320609625,137.6635301739463,139.8169835109002,69721100,AAPL
2022-12-08,140.26931762695312,141.12480845757423,138.7451974772698,139.9841640195035,62128300,AAPL
2022-12-09,139.78750610351562,143.14060047218985,138.54852454565471,139.96449489513216,76097000,AAPL
2022-12-12,142.07862854003906,142.08845624970894,138.70586361029962,140.31849324023466,70462700,AAPL
2022-12-13,143.04226684570312,147.4671667934874,141.83279839446703,147.00500937638787,93886200,AAPL
2022-12-14,140.81996154785156,144.21238117508022,138.80417118832523,142.92424628798724,82291200,AAPL
2022-12-15,134.2219696044922,139.43352160827794,133.7598121718234,138.75503452609877,98931900,AAPL
2022-12-16,132.2651824951172,135.35277902524194,131.4982009688156,134.4088086870883,160156900,AAPL
2022-12-19,130.16087341308594,132.94364536804903,129.12840885731634,132.8551509782634,79592600,AAPL
2022-12-20,130.09207153320312,131.02621414919912,127.72228799900502,129.19725476241064,77432800,AAPL
2022-12-21,133.18951416015625,134.5268181441457,130.53457661956926,130.76073402008618,85928000,AAPL
2022-12-22,130.02322387695312,132.31434056379908,128.12544063659777,132.10785363301125,77852100,AAPL
2022-12-23,129.65939331054688,130.21004508793624,127.47644161865645,128.73507853958517,63814900,AAPL
2022-12-27,127.85993957519531,129.21691367798962,126.57180445054807,129.18741554567987,69007800,AAPL
2022-12-28,123.93653106689453,128.84325132058044,123.76936998157427,127.50594763388183,85438400,AAPL
2022-12-29,127.44696044921875,128.30243635978945,125.59833816334043,125.85399366425621,75703700,AAPL
2022-12-30,127.76161193847656,127.78128236285382,125.30334153820444,126.26698977683235,77034200,AAPL
2023-01-03,122.98271942138672,128.7154174535332,122.09773792777466,128.10576937065363,112117500,AAPL
2023-01-04,124.2511978149414,126.51281646624362,122.99256074022561,124.77235152537197,89113600,AAPL
2023-01-05,122.93353271484375,125.63763785036865,122.67787726715527,125.0083194371755,80962700,AAPL
2023-01-06,127.4567642211914,128.11558077623516,122.80570749443298,123.90701849100518,87754700,AAPL
2023-01-09,127.9779281616211,131.18353181246084,127.72227268810083,128.2925949020793,70790800,AAPL
2023-01-10,128.54827880859375,129.06943258413017,125.98183578009913,128.08612130890833,63896200,AAPL
2023-01-11,131.26222229003906,131.2818777117784,128.2827904454057,129.05959971999454,69458900,AAPL
2023-01-12,131.18356323242188,132.0193688291939,129.24643878440378,131.64572074057682,71379600,AAPL
2023-01-13,132.51101684570312,132.66835024455597,129.46276101465787,129.82658137088367,57809700,AAPL
2023-01-17,133.6713104248047,134.99877137842552,131.89151977321038,132.5798345273993,63646600,AAPL
2023-01-18,132.9534912109375,136.29674271738915,132.7764874230637,134.53662257229425,69672800,AAPL
2023-01-19,133.01251220703125,133.9761529962307,131.5375453850544,131.84236946093412,58280400,AAPL
2023-01-20,135.56907653808594,135.71658218378784,131.97999755468973,133.02230476612493,80223600,AAPL
2023-01-23,138.75503540039062,140.92815961902411,135.59860004292767,135.81492969380113,81760300,AAPL
2023-01-24,140.1513214111328,140.77081216801105,137.95854199183503,137.9683697007518,66435100,AAPL
2023-01-25,139.49252319335938,140.05300275817604,136.49342112366645,138.53871015801215,65799300,AAPL
2023-01-26,141.55747985839844,141.8426334902846,139.53184628445516,140.78065564701856,54105100,AAPL
2023-01-27,143.49459838867188,144.77290596887224,140.69217042868402,140.7708371263728,70555800,AAPL
2023-01-30,140.6134796142578,143.12092578303154,140.46598895897412,142.54077586673455,64015300,AAPL
2023-01-31,141.88194274902344,141.93111130163894,139.9054929686203,140.31848180314623,65874500,AAPL
2023-02-01,143.00289916992188,144.1632138517995,138.96150571314269,141.56727363630213,77663600,AAPL
2023-02-02,148.30299377441406,148.65697138188685,145.6972102432423,146.41502317640206,118339000,AAPL
2023-02-03,151.9215545654297,154.75349514117664,145.36287177724367,145.5595309829737,154357300,AAPL
2023-02-06,149.19776916503906,150.54491539574025,148.26362674506663,150.0237617823619,69858300,AAPL
2023-02-07,152.06906127929688,152.63938353904294,148.12598902287087,148.12598902287087,83322600,AAPL
2023-02-08,149.38462829589844,152.00023955919008,148.64714493246836,151.3119247541495,64120100,AAPL
2023-02-09,148.3521270751953,151.75438976697808,147.9096401221254,151.21356571138807,56007100,AAPL
2023-02-10,148.71652221679688,149.04151212756338,146.95371454850684,147.19007494553122,57450700,AAPL
2023-02-13,151.51341247558594,151.91717418893083,148.62790397291747,148.65744714640496,62199000,AAPL
2023-02-14,150.8732452392578,151.4345954776921,148.56878800441328,149.80964612462722,61707600,AAPL
2023-02-15,152.9709014892578,153.1383177826238,150.55811427879883,150.78461690781828,65573800,AAPL
2023-02-16,151.3755340576172,153.95573796607766,151.02100096105386,151.17855953849067,68167900,AAPL
2023-02-17,150.23312377929688,150.6762863218937,148.55894582557343,150.03616431892533,59144100,AAPL
2023-02-21,146.2249298095703,149.0021077790729,146.15600076088242,147.91880821074704,58867200,AAPL
2023-02-22,146.64842224121094,147.67262055430007,144.9250004924314,146.60902132895072,51011300,AAPL
2023-02-23,147.13096618652344,148.05669224456878,145.00378282832062,147.81048914517564,48394200,AAPL
2023-02-24,144.4818572998047,144.9545631210652,143.5068874555982,144.87577631301392,55469600,AAPL
2023-02-27,145.67344665527344,146.90446214048941,145.21058363066865,145.46664446890208,44998500,AAPL
2023-02-28,145.17123413085938,146.81586942805245,144.60004099931746,144.81670098117985,50547000,AAPL
2023-03-01,143.10305786132812,144.9938954752606,142.80761119698582,144.59997660749858,55479000,AAPL
2023-03-02,143.69398498535156,144.481837933212,141.71450238763347,142.1872231725768,52238100,AAPL
2023-03-03,148.73622131347656,148.81500811176437,145.09241829817535,145.79162671403117,70732300,AAPL
2023-03-06,151.4936981201172,153.92618602775224,151.1293223291666,151.4542972077173,87558000,AAPL
2023-03-07,149.2975616455078,151.69064849711955,148.83469862838186,151.3656586110283,56182000,AAPL
2023-03-08,150.5482635498047,151.1391569879468,149.5240652876753,150.48917721139935,47204800,AAPL
2023-03-09,148.30291748046875,152.19292402611515,147.94838436334126,151.22781194000862,53833600,AAPL
2023-03-10,146.24465942382812,148.64760438030467,145.3681768808884,147.92869544727571,68572400,AAPL
2023-03-13,148.18472290039062,150.81417020284252,145.4567883472071,145.56511831219402,84457100,AAPL
2023-03-14,150.2725372314453,151.07023295988367,147.82036369988242,148.98243524821328,73695900,AAPL
2023-03-15,150.6664276123047,150.9224733808993,147.6430468705848,148.89376260307495,77167900,AAPL
2023-03-16,153.48301696777344,154.08375312665916,149.33695019463687,149.84905684492745,76161100,AAPL
2023-03-17,152.64590454101562,154.3594833307599,151.936838491952,153.7095036146111,98944600,AAPL
2023-03-20,155.0094757080078,155.42311016638172,151.80883520237765,152.71487589238697,73641400,AAPL
2023-03-21,156.86093139648438,156.9791040860205,154.16253977805687,154.93070734117964,73938300,AAPL
2023-03-22,155.43295288085938,159.67749219321786,155.41325242402124,156.88062840402722,75701800,AAPL
2023-03-23,156.51625061035156,159.09646969740976,155.28523492873595,156.41777837205046,67622100,AAPL
2023-03-24,157.8162078857422,157.9048374069247,155.4526638252611,156.44731907052963,59196500,AAPL
2023-03-27,155.8760986328125,158.3282868109909,155.4723219600322,157.5108907515981,52390300,AAPL
2023-03-28,155.25567626953125,156.0829301456233,153.6110412861723,155.57082346557496,45992200,AAPL
2023-03-29,158.3282928466797,158.60403911493316,156.92986104995282,156.94954647836764,51305700,AAPL
2023-03-30,159.89414978027344,160.00247975071784,158.82070781762587,159.07675364456477,49501700,AAPL
2023-03-31,162.3955535888672,162.4940408365555,159.45097422374334,159.9729235769942,68749800,AAPL
2023-04-03,163.6462860107422,163.76445869825218,161.7259047034759,161.77514833228696,56976200,AAPL
2023-04-04,163.11448669433594,164.30610131295074,162.60238002597387,164.06975594835677,46278300,AAPL
2023-04-05,161.27288818359375,162.54330471265868,159.34266411557562,162.2380152446489,51511700,AAPL
2023-04-06,162.1592254638672,162.45467221127325,159.53962067833683,159.96308282888376,45390100,AAPL
2023-04-10,159.5691680908203,159.5691680908203,157.6487867222166,158.96843186504725,47716900,AAPL
2023-04-11,158.35784912109375,159.89415417908276,158.07224508795338,159.88431146406083,47644200,AAPL
2023-04-12,157.66847229003906,159.59869619161648,157.35332510698044,158.77145737665472,50133100,AAPL
2023-04-13,163.04554748535156,163.28190788405584,158.96842452673738,159.1752417539843,68445600,AAPL
2023-04-14,162.70089721679688,163.79403981032135,161.33200829581108,162.09030318280583,49386500,AAPL
2023-04-17,162.7205352783203,162.8781088558677,161.53876350080176,162.58266215472722,41516200,AAPL
2023-04-18,163.9417266845703,164.8674527745674,163.13417327770642,163.5773508935462,49923000,AAPL
2023-04-19,165.08412170410156,165.60607111909823,163.02585218946155,163.2819130529251,47720200,AAPL
2023-04-20,164.11898803710938,165.32046042282218,163.04554607797024,163.56749547193866,52456400,AAPL
2023-04-21,162.51377868652344,163.9220534848416,161.9918292131701,162.54332186221907,58337300,AAPL
2023-04-24,162.8190460205078,163.0849495926161,161.40091367199096,162.49405610505224,41949600,AAPL
2023-04-25,161.28274536132812,163.78416246885476,161.24334444666383,162.68117729099055,48714100,AAPL
2023-04-26,161.27288818359375,162.7698073781101,160.32747660698578,160.58352244501583,45498800,AAPL
2023-04-27,165.85227966308594,165.99999552987848,162.68118215487013,162.68118215487013,64902300,AAPL
2023-04-28,167.10296630859375,167.27039764589344,165.33031595199535,165.93105213681218,55275900,AAPL
2023-05-01,167.0143585205078,167.86129792357815,166.07878959348815,166.70906903109534,52472900,AAPL
2023-05-02,165.9802703857422,167.76279339985444,164.99545801480568,167.50673256610264,48425700,AAPL
2023-05-03,164.90684509277344,168.32414556576836,164.6212560883793,166.925713661642,65136000,AAPL
2023-05-04,163.2720184326172,164.50303376107877,161.8145004912906,162.38569340694187,81235400,AAPL
2023-05-05,170.9339141845703,171.65282310766082,168.1665784150509,168.3832383689214,113453200,AAPL
2023-05-08,170.86495971679688,171.20965008439242,169.49607101524845,169.86044681233003,55962800,AAPL
2023-05-09,169.16122436523438,170.90433143409618,168.99380806621033,170.42178299192224,45326900,AAPL
2023-05-10,170.9240264892578,171.38688948895523,169.28923440637098,170.39223444016065,53724500,AAPL
2023-05-11,171.11114501953125,171.9383837832071,169.55513971049686,171.2096322648924,49514700,AAPL
2023-05-12,170.18414306640625,171.6535334613317,168.63584185680983,171.2196142676148,45533100,AAPL
2023-05-15,169.69107055664062,170.81530899814229,169.09935977781652,170.7659972586019,37266700,AAPL
2023-05-16,169.69107055664062,170.74626955321972,169.42479920138675,169.61217478294208,42110300,AAPL
2023-05-17,170.30252075195312,170.53919306240596,168.06389984598047,169.33607370599472,57951600,AAPL
2023-05-18,172.62986755371094,172.81724313624747,170.19401507639674,170.60820660461047,65496700,AAPL
2023-05-19,172.73834228515625,173.9513327998332,172.5213826746833,173.9513327998332,55809500,AAPL
2023-05-22,171.79161071777344,172.2945693897219,171.05197977463047,171.57465110395842,43570900,AAPL
2023-05-23,169.1881103515625,170.9829553293692,168.9119826700276,170.7364116817252,50747300,AAPL
2023-05-24,169.46426391601562,170.03624707165045,168.16252108250686,168.724632860117,45143500,AAPL
2023-05-25,170.59832763671875,171.49573497151061,169.31629781123684,170.02634463618594,56058300,AAPL
2023-05-26,173.00457763671875,173.33988838819255,170.7166607230928,170.92376397994929,54835000,AAPL
2023-05-30,174.84873962402344,176.5153769153671,174.12883646161984,174.51344390978926,55964400,AAPL
2023-05-31,174.7994384765625,176.87041104464083,174.3162075312564,174.87833424607143,99625300,AAPL
2023-06-01,177.60018920898438,177.62977324467488,174.4838737017158,175.24323239604442,68901800,AAPL
2023-06-02,178.44830322265625,179.26683000310032,176.7816656255451,178.52719900186148,61996900,AAPL
2023-06-05,177.0972137451172,182.3929658521557,175.57849662924414,180.10504889865823,121946500,AAPL
2023-06-06,176.7323760986328,177.62978364684957,174.97697127382227,177.48186345973468,64848400,AAPL
2023-06-07,175.361572265625,178.70470351330488,174.8684849721747,175.97299569419778,61944600,AAPL
2023-06-08,178.07357788085938,178.33983422301452,175.00657387447097,175.44047811466785,50214900,AAPL
2023-06-09,178.4581756591797,179.71060666093933,178.13273621096323,178.99070336218668,48900000,AAPL
2023-06-12,181.24900817871094,181.34763164971682,178.46800386072707,178.76385922591572,54274900,AAPL
2023-06-13,180.7756805419922,181.60406367252176,179.91771337450308,180.27273686584886,54929100,AAPL
2023-06-14,181.4068145751953,181.84073380664427,179.50350482104812,180.83483150172444,57462900,AAPL
2023-06-15,183.43832397460938,183.94128262941163,181.23915892536104,181.41667817053525,65433200,AAPL
2023-06-16,182.3634033203125,184.40479194393566,181.72239585614398,184.14837692000424,101256200,AAPL
2023-06-20,182.4521484375,183.52709013546678,181.8604527350327,181.8604527350327,49799100,AAPL
2023-06-21,181.41671752929688,182.8466679379569,180.06564786023924,182.3437091740366,49515700,AAPL
2023-06-22,184.4146728515625,184.4639845971855,181.13070922445527,181.19974867789384,51245300,AAPL
2023-06-23,184.0990753173828,184.96691381940127,182.45216546765664,182.98470820219737,53117000,AAPL
2023-06-26,182.70858764648438,185.45015206010262,182.66913223239737,184.2470177435845,48088700,AAPL
2023-06-27,185.46002197265625,185.7854614474672,183.10306491069133,183.32002456056532,50730800,AAPL
2023-06-28,186.633544921875,187.27455239917202,185.00636283468697,185.33178721386028,51216800,AAPL
2023-06-29,186.96884155273438,187.4422162021352,186.32783407243755,186.4658979165552,46347300,AAPL
2023-06-30,191.28829956054688,191.79124321876165,188.61575961709715,188.98065447297634,85213200,AAPL
2023-07-03,189.79916381835938,191.19952989799955,189.10882958307744,191.10090642215079,31458200,AAPL
2023-07-05,188.6847686767578,190.311950580781,187.98457816150727,188.92145597370774,46920300,AAPL
2023-07-06,189.1581573486328,189.36526064633148,186.5842409083175,187.21539208287066,45094300,AAPL
2023-07-07,188.0437774658203,190.0062704618662,187.60987325439862,188.76369580404943,46815000,AAPL
2023-07-10,186.0023956298828,187.36332142042107,184.4540942539423,186.6434031135775,59922200,AAPL
2023-07-11,185.47970581054688,186.68283993061024,184.02017173211044,186.5447760995126,46638100,AAPL
2023-07-12,187.1463623046875,189.04967210294507,185.86433228601203,187.05759515232103,60750200,AAPL
2023-07-13,187.9056854248047,188.5467078881079,187.15619821079162,187.86624506525828,41342300,AAPL
2023-07-14,188.0536346435547,188.53685056119244,187.00829198764853,187.59998771190843,41616200,AAPL
2023-07-17,191.30801391601562,191.63345333608896,189.15814548736353,189.24689758888442,50520200,AAPL
2023-07-18,191.05162048339844,191.6433313227349,189.75973403360663,190.67688432979497,48288200,AAPL
2023-07-19,192.40269470214844,195.4894113562338,189.9865545896983,190.4303452538346,80507300,AAPL
2023-07-20,190.45989990234375,193.75371936128715,189.83860510668907,192.39279363664537,59581200,AAPL
2023-07-21,189.28634643554688,192.2744541324422,188.58615588066942,191.4164870851642,71951700,AAPL
2023-07-24,190.08514404296875,192.21528467718613,189.59205676918674,190.73602285584008,45377800,AAPL
2023-07-25,190.943115234375,191.75178560391285,190.2527960456413,190.65713123041024,37283200,AAPL
2023-07-26,191.81097412109375,192.93521264770516,190.64729522856234,190.9924473358141,47471900,AAPL
2023-07-27,190.54867553710938,194.4736466049838,189.88794029801272,193.3099676892758,47460200,AAPL
2023-07-28,193.1226043701172,193.91154718487954,191.45596662398776,191.97863804110338,48291400,AAPL
2023-07-31,193.73399353027344,193.77344894031904,192.56044337061044,193.34938604539337,38824100,AAPL
2023-08-01,192.9055938720703,194.0101044929012,192.58015448246934,193.52688862020202,35175100,AAPL
2023-08-02,189.91749572753906,192.48154051645844,189.19759252290805,192.34347668203839,50389300,AAPL
2023-08-03,188.52699279785156,189.7103992851957,188.05363321247987,188.92147165885288,61235200,AAPL
2023-08-04,179.47393798828125,184.7894189873242,179.40489853673822,182.95513345446872,115956800,AAPL
2023-08-07,176.3773193359375,180.59814508763776,174.89805755245857,179.61197056531847,97576100,AAPL
2023-08-08,177.31419372558594,177.77769698523286,175.12488493894773,177.205713919119,67823000,AAPL
2023-08-09,175.72645568847656,178.42856448196,174.56276182695083,178.3693964131728,60378500,AAPL
2023-08-10,175.50949096679688,178.25105509162734,175.14461118800062,176.99860916334498,54686900,AAPL
2023-08-11,175.5687713623047,176.38840355314576,174.34427296435433,175.10465717699176,52036700,AAPL
2023-08-14,177.2178955078125,177.44501774834183,175.09474782272636,175.74650562753334,43675600,AAPL
2023-08-15,175.23300170898438,177.23763842738072,174.8380051896738,176.64514364841483,43622600,AAPL
2023-08-16,174.364013671875,176.30938743269644,174.29488099061055,174.91701484938284,46964900,AAPL
2023-08-17,171.8261260986328,175.29226839022536,171.31261851419777,174.92689581745674,66062900,AAPL
2023-08-18,172.3100128173828,172.91239237884375,169.8116226038202,170.14737119397137,61172200,AAPL
2023-08-21,173.6431121826172,173.92949746098708,171.56935789788312,172.88274314562352,46311900,AAPL
2023-08-22,175.0157470703125,175.46012191641384,174.04799506153495,174.8478727981476,42038900,AAPL
2023-08-23,178.85711669921875,179.28175219727777,176.1019810531239,176.28960964053493,52722800,AAPL
2023-08-24,174.1763458251953,178.83737622633825,173.810958290209,178.41274073112407,54945800,AAPL
2023-08-25,176.3784942626953,176.91174101480664,173.62335841851225,175.16386577811136,51449600,AAPL
2023-08-28,177.9387664794922,178.33376298082638,176.31925671498092,177.8400098200833,43820700,AAPL
2023-08-29,181.81964111328125,182.58989476243158,177.25736718090633,177.4548654120463,53003900,AAPL
2023-08-30,185.30557250976562,185.5030858470339,182.43194029759772,182.62943856671393,60813900,AAPL
2023-08-31,185.52279663085938,186.75717945843076,185.1376697913831,185.49317264844964,60794500,AAPL
2023-09-01,187.09295654296875,187.54720101813678,185.92769123419916,187.12258052751662,45766500,AAPL
2023-09-05,187.32997131347656,187.60647191514923,185.26608644093676,185.92771395695013,45280000,AAPL
2023-09-06,180.62481689453125,186.49060789475487,179.20280512864025,186.04621791679895,81755800,AAPL
2023-09-07,175.34164428710938,175.98353252575788,171.37186410651492,172.99137409505227,112488800,AAPL
2023-09-08,175.95387268066406,177.98814840122637,175.56874581023814,176.12176201867752,65551300,AAPL
2023-09-11,177.11915588378906,178.0474143493556,175.12438865362392,177.82029208697838,58953100,AAPL
2023-09-12,174.0973663330078,177.87951732730735,172.6358612060169,177.24751388848827,90370200,AAPL
2023-09-13,172.0334930419922,175.0848841389881,171.80635572558617,174.30474566083996,84267900,AAPL
2023-09-14,173.54440307617188,173.89990602984025,171.4113853541615,171.82613628874898,60895800,AAPL
2023-09-15,172.82345581054688,174.29484548306786,171.64833608181547,174.2750911398521,109259500,AAPL
2023-09-18,175.7465057373047,177.13889330258442,173.96899129951683,174.27511585610648,67257600,AAPL
2023-09-19,176.83274841308594,177.38574949277796,174.91698390976052,175.30211073798526,51826900,AAPL
2023-09-20,173.2974853515625,177.45487842056565,173.20859833310675,177.0203732393163,58436200,AAPL
2023-09-21,171.75698852539062,174.0973890433764,171.68787090976878,172.36925276684747,63149100,AAPL
2023-09-22,172.6062469482422,174.86764517240317,171.87550181385268,172.48775099523908,56725400,AAPL
2023-09-25,173.88011169433594,174.75899170155245,171.97421669351675,172.02359502231215,46172700,AAPL
2023-09-26,169.8115692138672,173.01107959102313,169.51531434646242,172.63583748924898,64588900,AAPL
2023-09-27,168.30067443847656,170.87806622328196,166.93792612877573,170.46331542744704,66921800,AAPL
2023-09-28,168.55746459960938,169.8807195182162,165.5258128129139,167.2243249736919,56294400,AAPL
2023-09-29,169.07095336914062,170.90771561508154,168.21181267677895,169.870831028669,51861100,AAPL
2023-10-02,171.5792236328125,172.12235512412923,168.79444856905252,169.0808338409062,52164500,AAPL
2023-10-03,170.24612426757812,171.4607681808177,168.68587716870323,170.10787395243145,49594600,AAPL
2023-10-04,171.49034118652344,172.03347264460572,168.83394692911625,168.95244285882518,53020300,AAPL
2023-10-05,172.7247314453125,173.2579782200924,170.52258153582127,171.61871413723316,48527900,AAPL
2023-10-06,175.27252197265625,175.76627518846593,171.01635659512883,171.62862082907643,57266700,AAPL
2023-10-09,176.75375366210938,176.81300162773064,173.60360623261292,174.60098214625398,42390800,AAPL
2023-10-10,176.1612548828125,177.47464011941017,175.72674968355904,175.8748846750232,43698000,AAPL
2023-10-11,177.5536346435547,177.60301297187604,175.3811238107674,175.9736185461729,47551100,AAPL
2023-10-12,178.45228576660156,180.0619109305439,176.80313684087554,177.8202822818536,56743100,AAPL
2023-10-13,176.61549377441406,179.65699967721181,175.9143577270369,179.1533769286896,51427100,AAPL
2023-10-16,176.48712158203125,176.84262444155877,174.3047260977915,174.5417330268598,52517000,AAPL
2023-10-17,174.93673706054688,176.19087429527403,172.61610626933813,174.44298390478113,57549400,AAPL
2023-10-18,173.6431121826172,175.36137864838344,172.9222367694585,173.3863659573123,54764400,AAPL
2023-10-19,173.26788330078125,175.6181383369893,173.0012523479638,173.84062376512662,59302900,AAPL
2023-10-20,170.7200927734375,173.22835212793277,170.4830858385587,173.11972583296543,64244000,AAPL
2023-10-23,170.83859252929688,171.8359684831129,167.80694090892598,168.77470794688867,55980100,AAPL
2023-10-24,171.2731170654297,171.50023932449824,169.30797385167378,170.88799016172553,43816600,AAPL
2023-10-25,168.96237182617188,170.89787616980513,168.51798183705213,169.732625707354,57157000,AAPL
2023-10-26,164.80494689941406,169.23885617849143,163.6001878537521,168.24146504420852,70625300,AAPL
2023-10-27,166.1183319091797,166.8490920877316,164.74569858206283,164.8247009041889,58499100,AAPL
2023-10-30,168.16244506835938,169.03145545417337,166.7601878982554,166.90832288755587,51131000,AAPL
2023-10-31,168.63645935058594,168.76482492650203,165.80230595130433,167.23420217717043,44846000,AAPL
2023-11-01,171.7964630126953,172.0532092124064,167.99455793411695,168.86356825336904,56934900,AAPL
2023-11-02,175.35150146484375,175.5588693503195,173.26786256268767,173.32711052996643,77334800,AAPL
2023-11-03,174.4429931640625,174.61088250590672,171.18423421755685,172.06311427874405,79829200,AAPL
2023-11-06,176.99073791503906,177.18823614800198,174.00847994055556,174.17635419198152,63841300,AAPL
2023-11-07,179.54840087890625,180.1606499568927,176.73400192517136,176.9413698079054,70530000,AAPL
2023-11-08,180.60501098632812,181.1580120556029,179.3212498937122,180.07176426042716,49340300,AAPL
2023-11-09,180.13101196289062,181.81963914926845,179.5385022077218,180.67414339377055,53763500,AAPL
2023-11-10,184.31365966796875,184.48177017271385,181.47578777634308,181.91086536697577,66133400,AAPL
2023-11-13,182.73159790039062,183.94782669363863,182.1482051958573,183.74018560328048,43627500,AAPL
2023-11-14,185.34205627441406,186.0045554032819,184.21481647353394,185.59914075952597,60108400,AAPL
2023-11-15,185.9056396484375,187.3789678351275,185.67821821290843,185.74744196041772,53790500,AAPL
2023-11-16,187.58665466308594,188.82266388785246,186.5385061665612,187.4482222334322,54412900,AAPL
2023-11-17,187.56686401367188,188.24914348244,186.4594046371221,188.12059370194675,50922700,AAPL
2023-11-20,189.3071746826172,189.76203272766995,187.75475490242272,187.7646375447921,46505100,AAPL
2023-11-21,188.5062255859375,189.37638084971888,187.61630503925363,189.2676114417462,38134500,AAPL
2023-11-22,189.16873168945312,190.77059476808083,188.69410838615653,189.34672485819107,39617700,AAPL
2023-11-24,187.84371948242188,188.76330300712377,187.13177703645835,188.73363999587542,24048300,AAPL
2023-11-27,187.6657257080078,188.53588093642713,186.78568783853885,187.79427548166112,40552600,AAPL
2023-11-28,188.26890563964844,188.9413024556769,187.2800983304318,187.65584993609482,38415400,AAPL
2023-11-29,187.25042724609375,189.9399842182602,186.85491037465812,188.7633011569372,43014200,AAPL
2023-11-30,187.8239288330078,188.18979776505014,186.08363355367433,187.71515943504943,48794400,AAPL
2023-12-01,189.09951782226562,189.4159283197641,187.11200544734405,188.19969953750024,45704800,AAPL
2023-12-04,187.30975341796875,187.92282418358675,185.35191925319242,187.85360043262926,43389500,AAPL
2023-12-05,191.25509643554688,192.2241233156588,188.05135551468544,188.081033613139,66628400,AAPL
2023-12-06,190.16744995117188,192.5801273781731,189.95979375458376,192.2735994925461,41089700,AAPL
2023-12-07,192.09559631347656,192.81742141001197,191.42319951100376,191.46276025185608,47477700,AAPL
2023-12-08,193.5194854736328,193.79635031367135,191.50231010992096,192.02637677770835,53406400,AAPL
2023-12-11,191.01779174804688,191.3243346926335,189.27749628821252,190.9485830810774,60943700,AAPL
2023-12-12,192.5306854248047,192.54056806660662,189.57414602172835,190.9189246189266,52696900,AAPL
2023-12-13,195.74429321289062,195.7838388648497,192.66910200901862,192.90640609677627,70404200,AAPL
2023-12-14,195.8926239013672,197.3857175620074,193.964452594447,195.8036348613561,66831600,AAPL
2023-12-15,195.35867309570312,196.1793699091571,194.79504567055722,195.3191123528845,128538400,AAPL
2023-12-18,193.6974639892578,194.4291868327445,192.21425301938103,193.8952224343076,55751900,AAPL
2023-12-19,194.73573303222656,194.74561567460933,193.6974822378966,193.964464462268,40714100,AAPL
2023-12-20,192.6493377685547,195.46742966263125,192.6493377685547,194.69616113684165,52242800,AAPL
2023-12-21,192.5009765625,194.8741228719849,191.33419132020353,193.9050960501454,46482500,AAPL
2023-12-22,191.43310546875,193.2228443252002,190.81015202156473,192.9954077755279,37149600,AAPL
2023-12-26,190.88925170898438,191.719846217368,190.6717128965979,191.44298138124012,28919300,AAPL
2023-12-27,190.9881134033203,191.3342019743918,188.9511728919884,190.33551208827305,48087700,AAPL
2023-12-28,191.41334533691406,192.48125917871982,191.0079306668944,191.96707508718282,34049900,AAPL
2023-12-29,190.3750762939453,192.2241411947973,189.5840274029703,191.72973752393827,42672100,AAPL
2024-01-02,183.56216430664062,186.3308274284663,181.83175174149957,185.05525771688224,82488700,AAPL
2024-01-03,182.18775939941406,183.79952025374087,181.37693010719954,182.15809638511382,58414500,AAPL
2024-01-04,179.8739471435547,181.04073256447913,178.85547678867908,180.1112512492328,71983600,AAPL
2024-01-05,179.15208435058594,180.71440156415224,178.15339449300276,179.95303087035154,62379700,AAPL
2024-01-08,183.48306274414062,183.52262348166371,179.46850790157933,180.0519005320401,59144500,AAPL
2024-01-09,183.0677947998047,183.07767744176536,180.68476543102267,181.8614486084712,42841800,AAPL
2024-01-10,184.10601806640625,184.31365913260458,181.8614214601624,182.28661640904596,46792900,AAPL
2024-01-11,183.51272583007812,184.9563909902637,181.56477442626638,184.45208965863696,49128400,AAPL
2024-01-12,183.8390655517578,184.64989484239166,183.11724039185432,183.97749798089004,40477800,AAPL
2024-01-16,181.57467651367188,182.19761480887055,178.90488492167398,180.1211286782067,65603000,AAPL
2024-01-17,180.63531494140625,180.8825167727283,178.281963767062,179.24110807963172,47317400,AAPL
2024-01-18,186.5187225341797,187.02300881659582,183.75005912545993,184.0071435872404,78005800,AAPL
2024-01-19,189.4159393310547,189.80157360580037,186.70661676571424,187.21090309791916,68903000,AAPL
2024-01-22,191.7198486328125,193.14373357255337,190.10808789018887,190.14764863184953,60133900,AAPL
2024-01-23,192.9954071044922,193.55903452389106,191.66052626402544,192.83720939883855,42355600,AAPL
2024-01-24,192.32302856445312,194.18199120084623,192.16481576816378,193.23272951111284,53631300,AAPL
2024-01-25,191.9967041015625,194.07320538533628,190.9485708187439,193.0349547434494,54822100,AAPL
2024-01-26,190.26629638671875,192.58010181757646,189.7916731135176,192.09559590318426,44594000,AAPL
2024-01-29,189.5840301513672,190.04877081575225,187.45810037105477,189.86089500402176,47145600,AAPL
2024-01-30,185.935302734375,189.65322753238257,185.37169046557113,188.80285272092348,55859400,AAPL
2024-01-31,182.3360595703125,185.00585134318092,182.28663127585358,184.94651023142666,55467800,AAPL
2024-02-01,184.76853942871094,184.85752846784007,181.76257176566293,181.93066720224104,64885400,AAPL
2024-02-02,183.7698516845703,185.23328233515724,177.2437171517322,177.84689023760967,102551700,AAPL
2024-02-05,185.57933044433594,187.13176501057416,183.75992879401906,186.04407104136263,69668800,AAPL
2024-02-06,187.1812286376953,187.19111127921153,184.67954732588265,184.76853636353553,43490800,AAPL
2024-02-07,187.29002380371094,188.91166742752537,186.4989748215566,188.50625274957065,53439000,AAPL
2024-02-08,186.21218872070312,187.41851968576853,185.25304448034683,187.27020463334281,40962000,AAPL
2024-02-09,186.97454833984375,188.10322646586073,186.13298359451971,186.77652244170517,45155200,AAPL
2024-02-12,185.29141235351562,186.796321504533,184.9349868995182,186.54880424779185,41781900,AAPL
2024-02-13,183.20237731933594,184.36077144619387,181.68757282391297,183.92513863049606,56529500,AAPL
2024-02-14,182.3212127685547,183.6875129162611,180.62820312290157,183.4796068721132,54630500,AAPL
2024-02-15,182.03411865234375,182.65786706531418,179.5490504680876,181.72719962604296,65434500,AAPL
2024-02-16,180.49948120117188,183.0142649801448,179.86583763061847,181.59845842120637,49752500,AAPL
2024-02-20,179.7569122314453,180.61826736487214,178.21240712023044,179.984623854957,53665600,AAPL
2024-02-21,180.5093994140625,181.0737309260645,178.86588113831095,180.13316833455778,41371400,AAPL
2024-02-22,182.53903198242188,183.1231842228548,180.64801151557128,181.65787110291916,52292200,AAPL
2024-02-23,180.70742797851562,183.2023913936763,180.42029946099493,183.17269052734747,45119700,AAPL
2024-02-26,179.3609161376953,180.9450175834942,178.85597124394113,180.43019254491847,40867400,AAPL
2024-02-27,180.81631469726562,182.09349711935678,177.77679547469845,179.30151026553332,54318900,AAPL
2024-02-28,179.61831665039062,181.30143093346823,178.34113428414614,180.69748823755316,48953900,AAPL
2024-02-29,178.95498657226562,180.75691955299587,177.74710108364005,179.4698267249393,136682600,AAPL
2024-03-01,177.87582397460938,178.7371792855814,175.61846756104012,177.76691576574171,73563100,AAPL
2024-03-04,173.361083984375,175.14319605787904,172.06408093389737,174.40064432483445,81510100,AAPL
2024-03-05,168.4305419921875,170.33147275577412,167.93550746706842,169.0641855800497,95132400,AAPL
2024-03-06,167.44046020507812,169.53941670485264,167.00482743895031,169.36119643359416,68587700,AAPL
2024-03-07,167.32167053222656,169.0344857697736,166.81674075207243,167.47017484778516,71765100,AAPL
2024-03-08,169.0345001220703,171.97500667784078,167.2622830078253,167.3216847390924,76267000,AAPL
2024-03-11,171.034423828125,172.64824117092596,170.34137853305091,171.22253935977105,60139500,AAPL
2024-03-12,171.50965881347656,172.3017170819102,169.31170429451927,171.43045147590772,59825400,AAPL
2024-03-13,169.4305419921875,171.4700820663792,169.06420612614593,171.05425482761498,52488700,AAPL
2024-03-14,171.28195190429688,172.57893998999515,170.34138929390355,171.19284931228447,72913500,AAPL
2024-03-15,170.9056854248047,170.9056854248047,168.59882311892224,169.47008856862954,121752700,AAPL
2024-03-18,171.99481201171875,175.94519331439105,171.79680120539754,173.82644596151624,75604200,AAPL
2024-03-19,174.3313751220703,174.8561105550952,171.31166123855039,172.6086493883763,55215200,AAPL
2024-03-20,176.89564514160156,176.89564514160156,173.35119593354977,173.97494430389506,53423100,AAPL
2024-03-21,169.6681671142578,175.72740136061532,169.1434316061859,175.29176846170472,106181300,AAPL
2024-03-22,170.56910705566406,171.33146450930536,168.37115239719608,170.05426688241553,71160100,AAPL
2024-03-25,169.15330505371094,170.2324767040703,167.76719930445816,168.87608692531137,54288300,AAPL
2024-03-26,168.02464294433594,169.71765273934344,167.89592911986227,168.3117563520967,57388400,AAPL
2024-03-27,171.58885192871094,171.87598039200594,168.42063422483255,168.7176579392829,60273300,AAPL
2024-03-28,169.7770233154297,170.51957504542207,168.8166552027259,170.04434616825796,65672700,AAPL
2024-04-01,168.34144592285156,169.54933141950085,167.79690490268092,169.48992969134684,46240500,AAPL
2024-04-02,167.16323852539062,167.6582730022656,166.55929585931307,167.4008605129018,49329500,AAPL
2024-04-03,167.9652099609375,168.98497988400436,166.90584392266877,167.11374996517486,47691700,AAPL
2024-04-04,167.14344787597656,170.2126525655396,167.14344787597656,168.59883533803097,53704400,AAPL
2024-04-05,167.89590454101562,168.69785802201392,167.27215623034843,167.90579979250484,42104800,AAPL
2024-04-08,166.77713012695312,167.51968192191484,166.5692240844266,167.3513719945941,37425500,AAPL
2024-04-09,167.9850311279297,168.3909631058002,166.6781477036779,167.02466284236104,42373800,AAPL
2024-04-10,166.11380004882812,167.41078821247058,165.45045553411236,167.1236748074244,49709300,AAPL
2024-04-11,173.30166625976562,173.71750852250418,166.49000200344838,166.6682071669761,91070300,AAPL
2024-04-12,174.79669189453125,176.5887144383463,172.47993396851362,172.52942533467058,101670900,AAPL
2024-04-15,170.9750213623047,174.8758957155582,170.78690583147454,173.6185038309996,73531800,AAPL
2024-04-16,167.6979217529297,172.03441446797186,166.59894436401518,170.0443808641566,73711200,AAPL
2024-04-17,166.33160400390625,168.95528100035153,166.33160400390625,167.9256158132339,50901200,AAPL
2024-04-18,165.38113403320312,166.96525061902096,164.89600984807865,166.36130787024413,43122900,AAPL
2024-04-19,163.3614044189453,164.7474951408098,162.4505426435407,164.55939469854349,68149400,AAPL
2024-04-22,164.1930694580078,165.5989658830707,163.13370328942287,163.87625517565544,48116400,AAPL
2024-04-23,165.24252319335938,165.39104261951863,163.28219064755024,163.70792820716713,49537800,AAPL
2024-04-24,167.3414764404297,167.6186945681344,164.55938480415762,164.88609429896647,48251800,AAPL
2024-04-25,168.2028350830078,168.9156860278579,166.4801094484109,167.84640961058278,50558300,AAPL
2024-04-26,167.61871337890625,169.63844783702467,167.49989480565932,168.1929553099538,44838400,AAPL
2024-04-29,171.77699279785156,174.28186646983917,171.38097119165224,171.64827897757164,68169400,AAPL
2024-04-30,168.63845825195312,173.25218351807536,168.31173366197407,171.6086653165762,65934800,AAPL
2024-05-01,167.61871337890625,170.99485287185942,167.43059781958385,167.8959315377214,50383100,AAPL
2024-05-02,171.31163024902344,171.69775653757537,169.19288328746214,170.79679016186972,94214900,AAPL
2024-05-03,181.55885314941406,185.14289799826793,180.84600228009177,184.796367814728,163224100,AAPL
2024-05-06,179.90545654296875,182.3707188474722,178.62825898838415,180.53910014061182,78569700,AAPL
2024-05-07,180.58859252929688,183.06376520709566,179.51933122687228,181.6281680754234,77305800,AAPL
2024-05-08,180.92523193359375,181.25195654794928,179.6480343404535,181.03414013837894,45057100,AAPL
2024-05-09,182.73707580566406,182.8261784061232,180.30149897565002,180.74702708520252,48983000,AAPL
2024-05-10,181.4779510498047,183.50042466657956,180.56585391849484,183.3120539854214,50759500,AAPL
2024-05-13,184.6802215576172,185.49318663872077,183.0344740478803,183.84743912898392,72044800,AAPL
2024-05-14,185.82032775878906,186.68286641073877,184.69011878206607,185.89964252722956,52393600,AAPL
2024-05-15,188.09068298339844,189.01268886802714,185.76085876781028,186.2962297111884,70400000,AAPL
2024-05-16,188.2096405029297,189.458829238671,188.03119361367854,188.83423487080034,52845200,AAPL
2024-05-17,188.2393798828125,189.1713095252472,187.55530322495105,187.8824709799172,41282900,AAPL
2024-05-20,189.39932250976562,190.27176982167657,187.38675756521698,187.7040166341828,44361300,AAPL
2024-05-21,190.69808959960938,191.07481584379752,189.28036268210627,189.44890089382775,42309400,AAPL
2024-05-22,189.26052856445312,191.16405275409193,188.63594934473116,190.61877317517173,34648500,AAPL
2024-05-23,185.27508544921875,189.35969818168277,185.02723244112752,189.3398657052663,51005900,AAPL
2024-05-24,188.34841918945312,188.94327235106317,186.4250777783575,187.19839293954828,36327000,AAPL
2024-05-28,188.3583526611328,191.34249703943843,187.47599667367734,189.86528785982966,52280100,AAPL
2024-05-29,188.65579223632812,190.59896650948673,187.88249204796585,187.98163930401122,53068000,AAPL
2024-05-30,189.6471710205078,190.52952698465035,188.99285067972127,189.12172393667825,49889100,AAPL
2024-05-31,190.59896850585938,190.91622762632966,188.27906791647348,189.79592715782175,75158300,AAPL
2024-06-03,192.36367797851562,193.31544019840626,190.86665123579675,191.24337752621932,50080500,AAPL
2024-06-04,192.68092346191406,193.64259428823095,191.3722523931234,192.96842627855952,47471400,AAPL
2024-06-05,194.18785095214844,195.20900403542353,193.19643901671662,193.72188613227584,54156800,AAPL
2024-06-06,192.80978393554688,194.81244022862765,192.50244866402238,194.0093990023229,41181800,AAPL
2024-06-07,195.19911193847656,195.2486855650071,192.47272888451312,192.978343568532,53103900,AAPL
2024-06-10,191.46145629882812,195.60556579928584,190.49978557066368,195.20899197297106,97010200,AAPL
2024-06-11,205.37098693847656,205.38091074009856,191.96710777388114,191.98692512163242,172373300,AAPL
2024-06-12,211.2401580810547,218.3089152196564,205.1231328450552,205.58909768640683,198134300,AAPL
2024-06-13,212.4001007080078,214.888539245905,209.7827737762817,212.8958066808934,97862700,AAPL
2024-06-14,210.66513061523438,213.32210737882852,209.4853479747781,212.01345147179217,70122700,AAPL
2024-06-17,214.80921936035156,217.06963733267014,210.8931452933454,211.5375569916551,93728300,AAPL
2024-06-18,212.4496612548828,216.75240063817128,211.1707464886947,215.72132373307375,79943300,AAPL
2024-06-20,207.8792724609375,212.4001241396946,207.05641376758703,212.09277369529264,86172500,AAPL
2024-06-21,205.7080841064453,210.07029091430852,205.33134270047418,208.58317289420788,241805100,AAPL
2024-06-24,206.35247802734375,210.87331399723786,204.8157865138524,205.93608683303725,80727000,AAPL
2024-06-25,207.27452087402344,209.56468024841507,206.8184646829133,207.35382052419757,55549700,AAPL
2024-06-26,211.4185791015625,213.01475280094434,208.83099354238436,209.68360834691896,66213200,AAPL
2024-06-27,212.26129150390625,213.88720639689362,210.52632069800987,212.84622088780682,49772700,AAPL
2024-06-28,208.8111572265625,214.21436386520998,208.49391330369318,213.91693728719588,82542700,AAPL
2024-07-01,214.88853454589844,215.64200216221636,210.10001313722785,210.26855134899324,60402900,AAPL
2024-07-02,218.3782958984375,218.48735180877674,213.2526983679821,214.293668724795,58046200,AAPL
2024-07-03,219.6472930908203,219.6472930908203,217.1489310533617,218.11060173486678,37369800,AAPL
2024-07-05,224.39617919921875,224.50523511983306,219.74645469045154,219.74645469045154,60412400,AAPL
2024-07-08,225.86346435546875,225.89320550199054,221.3327047505454,225.13972278278513,59085900,AAPL
2024-07-09,226.71607971191406,227.42989753320916,224.4259205051531,225.97252074204383,48076100,AAPL
2024-07-10,230.97915649414062,231.0783037422216,227.28119408246098,227.3307677065015,62627700,AAPL
2024-07-11,225.61561584472656,230.39421338925845,223.83107137940016,229.40280147827102,64710600,AAPL
2024-07-12,228.5601043701172,230.64207551688347,226.71607753741577,226.9540218514806,53046500,AAPL
2024-07-15,232.386962890625,235.1926606193721,231.0882156126273,234.44910163171727,62631300,AAPL
2024-07-16,232.80335998535156,234.24090427881208,230.33473879844306,232.98180687397965,43234300,AAPL
2024-07-17,226.9143829345703,229.47222770464353,224.6936146131452,227.4794799069808,57345900,AAPL
2024-07-18,222.2547149658203,228.46096321097224,220.36112971273346,228.3023336745397,66034600,AAPL
2024-07-19,222.38360595703125,224.8522270905052,221.36245288688534,222.88923571935766,49151500,AAPL
2024-07-22,222.03662109375,225.82380677595344,221.174082433242,225.06041535891617,48201800,AAPL
2024-07-23,223.0775909423828,224.9910238167192,220.76759935066607,222.44308791792702,39960300,AAPL
2024-07-24,216.66314697265625,222.86939506256107,215.2652677100796,222.0762625279836,61777600,AAPL
2024-07-25,215.62217712402344,218.95332167523742,212.77681471652627,217.0497975364767,51391200,AAPL
2024-07-26,216.08816528320312,217.60502442671483,214.15489978899527,216.82180047841348,41601300,AAPL
2024-07-29,216.36573791503906,217.41663210574902,213.89711684474761,215.0967318967012,36311800,AAPL
2024-07-30,216.9209442138672,218.43780333279796,214.26395224147618,217.3075942808937,41643800,AAPL
2024-07-31,220.17274475097656,221.8978068103832,218.73520059867647,219.5382417741392,50036300,AAPL
2024-08-01,216.48471069335938,222.55214689360594,215.15622233135366,222.44309097566543,62501000,AAPL
2024-08-02,217.97183227539062,223.66254232334134,215.84030263063204,217.2679231335739,105568600,AAPL
2024-08-05,207.47280883789062,211.66647767263768,194.31676638799527,197.38022606416695,119548600,AAPL
2024-08-06,205.45030212402344,208.18660889381388,199.3432157724579,203.53688424769564,69660500,AAPL
2024-08-07,208.01805114746094,211.80523672133984,204.61750047992084,205.12311510057037,63516400,AAPL
2024-08-08,211.4781036376953,212.36045976406422,207.03658185433542,211.27982425167653,47161100,AAPL
2024-08-09,214.3829345703125,214.91829038971974,210.1496011292121,210.27848952903548,42201600,AAPL
2024-08-12,215.91146850585938,217.8767320905019,213.9958359256548,214.4623401059105,38028100,AAPL
2024-08-13,219.6236572265625,220.2390393048837,217.380462936734,217.380462936734,44155300,AAPL
2024-08-14,220.07028198242188,221.37053243582614,218.06530765715263,218.9288446755302,41960600,AAPL
2024-08-15,223.0479736328125,223.67329096872731,221.10255033510867,222.9288713384501,46414000,AAPL
2024-08-16,224.36807250976562,225.14226768918678,221.98592068094572,222.25391598005478,44340200,AAPL
2024-08-19,224.2092742919922,224.30853630427512,221.38047353975193,224.04054098731652,40687800,AAPL
2024-08-20,224.8246307373047,225.4797235950926,223.77252016614798,224.09014645304697,30299000,AAPL
2024-08-21,224.71546936035156,226.28371522001356,223.37552309496598,224.8345868015738,34765500,AAPL
2024-08-22,222.859375,226.64102413052154,222.2340576918725,226.09511339685906,43695300,AAPL
2024-08-23,225.15219116210938,226.52192810531062,222.66087229355688,223.98097823318813,38677300,AAPL
2024-08-26,225.4896697998047,225.58893181224732,222.22415556593285,225.07279660900764,30602200,AAPL
2024-08-27,226.33335876464844,227.147264886192,223.21672230373292,224.31846403822652,35934600,AAPL
2024-08-28,224.8048095703125,228.149730282918,224.00082364270057,226.22416240429726,38052200,AAPL
2024-08-29,228.0802459716797,231.18696212304621,227.1770283167567,228.3879521456165,51906300,AAPL
2024-08-30,227.29611206054688,228.68568922028223,225.78741746908054,228.4772602189495,52990800,AAPL
2024-09-03,221.1124725341797,227.29611365629745,219.52437135882835,226.84946493362216,50190600,AAPL
2024-09-04,219.206787109375,220.12986023982222,215.86185105944423,220.01075793789536,43840200,AAPL
2024-09-05,220.7253875732422,223.80231295165626,219.87178579311316,219.9809679444758,36615400,AAPL
2024-09-06,219.17698669433594,223.56409767944487,218.13479623481732,222.28368749781316,48423000,AAPL
2024-09-09,219.26632690429688,219.6236489368284,215.09757995493325,219.17700018247805,67180000,AAPL
2024-09-10,218.4722900390625,219.83209181891954,215.11743380788891,217.29114171411052,51591000,AAPL
2024-09-11,221.00331115722656,221.4301044903715,216.26879790334314,219.81224273641337,44587100,AAPL
2024-09-12,221.1124725341797,221.88666769221828,218.18442519080247,220.8444772424724,37455600,AAPL
2024-09-13,220.84446716308594,222.3730019797634,220.25886075018875,221.91643313573508,36766600,AAPL
2024-09-16,214.71046447753906,215.6037619118882,212.32831274384958,214.9288136198369,59357400,AAPL
2024-09-17,215.17697143554688,215.28615358843467,212.904016801209,214.14471619981742,45519300,AAPL
2024-09-18,219.04795837402344,221.05293280374121,215.92138686335736,215.9313221513165,59894900,AAPL
2024-09-19,227.16708374023438,228.11002736409566,222.95864123060412,223.31596324984213,66781300,AAPL
2024-09-20,226.50204467773438,231.35565937992675,225.92635842704388,228.25887899921625,318679900,AAPL
2024-09-23,224.7849578857422,227.74278104335218,224.12986496132828,225.64847983003366,54146000,AAPL
2024-09-24,225.67825317382812,227.64353192764617,224.05045616714196,226.94872814757065,43556100,AAPL
2024-09-25,224.6856689453125,225.59882178569194,222.35316341740713,223.25638097071698,42308700,AAPL
2024-09-26,225.82713317871094,226.7998372114188,223.73283210674714,225.60876888531146,36636700,AAPL
2024-09-27,226.09510803222656,227.81224676693589,225.60876359989413,226.76013618443497,34026000,AAPL
2024-09-30,231.26634216308594,231.26634216308594,227.94126208675945,228.32835965023514,54541900,AAPL
2024-10-01,224.5269012451172,227.94129335648356,222.0752779583648,227.81227091446172,63285000,AAPL
2024-10-02,225.0926513671875,225.67825786117984,221.36063294746157,224.2092739820147,32880600,AAPL
2024-10-03,223.99087524414062,225.12239234050705,221.65836976978886,223.46481998018766,34044200,AAPL
2024-10-04,225.1125030517578,226.30357145139808,222.46237094034984,226.20430944090455,37245100,AAPL
2024-10-07,220.04049682617188,224.01073444452058,219.68317483471031,222.8295863298211,39505400,AAPL
2024-10-08,224.0901641845703,224.298593199742,221.58890998571715,222.63110049734397,31855700,AAPL
2024-10-09,227.8320770263672,228.04052116337735,223.157130753936,223.55414845411647,33591100,AAPL
2024-10-10,227.3358154296875,227.7923994519787,225.47973405841245,226.0851959438118,28183500,AAPL
2024-10-11,225.85691833496094,227.70307961960657,225.6484741750507,227.5938974682738,31759200,AAPL
2024-10-14,229.5790252685547,230.00581860221664,226.89911753216435,226.99836439928595,39882100,AAPL
2024-10-15,232.1100311279297,235.72294688412148,230.64103225198252,231.87181141001133,64751400,AAPL
2024-10-16,230.05545043945312,230.39291705034768,228.1298824963092,229.87679699083486,34082200,AAPL
2024-10-17,230.4226837158203,232.11004699556463,228.8048220166126,231.69315867439417,32993800,AAPL
2024-10-18,233.25148010253906,234.4226930307779,232.26884075534687,234.4226930307779,46431500,AAPL
2024-10-21,234.720458984375,235.08771628667242,232.7055644739604,232.7055644739604,36254500,AAPL
2024-10-22,234.10508728027344,234.4624093106695,230.86934872103873,232.14974382855843,38846600,AAPL
2024-10-23,229.0430145263672,233.3904297884605,226.06533615950997,232.33831918874512,52287000,AAPL
2024-10-24,228.8544464111328,229.10258628095696,226.71051430099084,228.26882480795348,31109500,AAPL
2024-10-25,229.6881866455078,231.48471683213373,227.86188088691335,228.03061417648678,38802300,AAPL
2024-10-28,231.66339111328125,232.98349712196287,230.81972458948547,231.58399967772363,36087100,AAPL
2024-10-29,231.93138122558594,232.5864741436605,230.59143496071306,231.36563017470797,35417200,AAPL
2024-10-30,228.387939453125,231.7328600109945,227.8420287171323,230.87925826342104,47070900,AAPL
2024-10-31,224.22911071777344,228.11994197442104,223.693120129287,227.63358238786932,64370100,AAPL
2024-11-01,221.25143432617188,223.67328184782377,218.6310779402587,219.32586653780092,65276700,AAPL
2024-11-04,220.35812377929688,221.13231895883285,218.0752491010658,219.34572401852256,44944500,AAPL
2024-11-05,221.78741455078125,222.28369429475046,219.49460455688452,220.14969745378525,28111300,AAPL
2024-11-06,221.06283569335938,224.38791581537038,219.54422098922427,220.95365355112233,54561100,AAPL
2024-11-07,225.78744506835938,226.18447798056903,222.89910825147632,222.95865940199351,42137700,AAPL
2024-11-08,225.51914978027344,227.20835428792034,224.9726384261151,225.72780810336752,38328800,AAPL
2024-11-11,222.8064727783203,224.26714170400084,220.0938084143074,223.57158868270503,42005600,AAPL
2024-11-12,222.8064727783203,224.15783943194586,221.9420008205612,223.12444853772337,40398300,AAPL
2024-11-13,223.69081115722656,225.21109667354565,221.3457931121334,222.5878574334345,48566200,AAPL
2024-11-14,226.77113342285156,227.41700079571672,223.5715745650122,223.5914518391994,44923900,AAPL
2024-11-15,223.5715789794922,225.4793879673537,222.84621765747355,224.96268496170848,47923700,AAPL
2024-11-18,226.57240295410156,228.28148462394066,223.7404903183321,223.81998425203597,44633700,AAPL
2024-11-19,226.8307647705078,228.6988344551977,225.22105418122663,225.53901477922054,36211800,AAPL
2024-11-20,227.5461883544922,228.47027695087482,224.45593165289552,226.61215353970658,35169600,AAPL
2024-11-21,227.06924438476562,228.69883223369175,224.2770861035494,227.42695953023323,42108300,AAPL
2024-11-22,228.41065979003906,229.25526960886552,226.6121530455377,226.6121530455377,38168300,AAPL
2024-11-25,231.39163208007812,231.76922452168117,228.2815130321861,229.99059491471002,90152800,AAPL
2024-11-26,233.56771850585938,234.07449047305911,231.84870566104107,231.84870566104107,45986200,AAPL
2024-11-27,233.43853759765625,234.1937224347506,232.32565277909848,232.9814664022851,33498400,AAPL
2024-11-29,235.82330322265625,236.3002516789311,232.48463370489634,233.3192972938568,28481400,AAPL
2024-12-02,238.06895446777344,239.26133321145704,235.654388648958,235.76369091824088,48137100,AAPL
2024-12-03,241.1095428466797,241.21884512379424,237.38334952948236,238.2875760799829,38861000,AAPL
2024-12-04,241.46725463867188,242.56027739454964,239.7184333911867,241.32814402991647,44383900,AAPL
2024-12-05,241.49705505371094,242.98753231090083,240.59284370740727,242.4410361127995,40033900,AAPL
2024-12-06,241.29830932617188,243.07695387436263,240.5431396985891,241.36787220390693,36870600,AAPL
2024-12-09,245.1835174560547,245.67041216886827,240.21525975684386,240.29475369946152,44649200,AAPL
2024-12-10,246.19703674316406,246.63424582967986,243.7824557106041,245.32261857013248,36914800,AAPL
2024-12-11,244.92515563964844,249.2077910379196,244.69660488558225,246.38582450957213,45205800,AAPL
2024-12-12,246.3858184814453,247.1608653940442,244.1202792424049,245.32260415969785,32777500,AAPL
2024-12-13,246.5547332763672,247.7073574078961,244.6767326870094,246.24670376010008,33155300,AAPL
2024-12-16,249.44627380371094,249.7841268474892,246.07779571830554,246.4156487620838,51694800,AAPL
2024-12-17,251.87078857421875,252.2185726786221,248.19428090188288,248.49237939681157,51356400,AAPL
2024-12-18,246.47525024414062,252.66569465886903,246.16722071424974,250.559158393614,56774100,AAPL
2024-12-19,248.20419311523438,250.400169527173,245.5213371883983,245.92873792847348,60882300,AAPL
2024-12-20,252.8743896484375,253.3811464831127,244.13025293349912,246.4653249902114,147495300,AAPL
2024-12-23,253.64942932128906,254.02700659111463,251.84097626600598,253.15260355822258,40858800,AAPL
2024-12-24,256.56085205078125,256.5707679464462,253.6693071300515,253.86804957710976,23234700,AAPL
2024-12-26,257.3756408691406,258.4488016383409,255.99448083651092,256.5509233376362,27237100,AAPL
2024-12-27,253.96739196777344,257.05766400729357,251.45345479939442,256.19316170058187,42355300,AAPL
2024-12-30,250.59890747070312,251.890657464443,249.15811581542044,250.6287158030117,35557500,AAPL
2024-12-31,248.83021545410156,251.6720594492945,247.84649497663966,250.83739579916153,39480700,AAPL
2025-01-02,242.3019256591797,247.51859606258614,240.28481431614935,247.34966196417784,55740700,AAPL
2025-01-03,241.8150177001953,242.6298040057451,240.3543488544026,241.8150177001953,40244100,AAPL
2025-01-06,243.44461059570312,245.75982034447205,241.65603491404494,242.75898865424097,45045600,AAPL
2025-01-07,240.67233276367188,243.99112508347835,239.81779188041267,241.43743349025635,40856000,AAPL
2025-01-08,241.1592254638672,242.1628232218062,238.52605495049286,240.38417847646193,37628900,AAPL
2025-01-10,235.34637451171875,238.63535869995312,231.5208099984783,238.48630187104285,61710900,AAPL
2025-01-13,232.91192626953125,233.18021644375222,228.2616441132745,232.04745423938814,49630700,AAPL
2025-01-14,231.79901123046875,234.62097773623856,230.9941559742804,233.2596800887061,39435300,AAPL
2025-01-15,236.35986328125,237.44295487436693,232.9416999002932,233.15037337402552,39832000,AAPL
2025-01-16,226.81088256835938,236.49898454969573,226.58234697208553,235.84318609247865,71759100,AAPL
2025-01-17,228.5199737548828,230.8153063545454,227.02949646555186,230.6463874145182,68488300,AAPL
2025-01-21,221.2265625,222.99526090225285,217.98726416864307,222.57792910461188,98070400,AAPL
2025-01-22,222.40902709960938,222.6971793763667,218.39466636780546,218.39466636780546,64126500,AAPL
2025-01-23,222.24009704589844,225.58869773276695,220.88873040600683,223.3132424800993,60234800,AAPL
2025-01-24,221.36566162109375,224.19757422629087,220.00436403066544,223.35296445648333,54697900,AAPL
2025-01-27,228.40074157714844,230.67619691244207,222.55806572164707,222.59782027357136,94863400,AAPL
2025-01-28,236.7473907470703,238.66514594376807,229.3446904229109,229.38444497187513,75707600,AAPL
2025-01-29,237.8404083251953,238.33723404319062,232.52436707787834,232.63366934231402,45486100,AAPL
2025-01-30,236.08164978027344,239.26133146080375,235.7040725307193,237.1547951903121,55658300,AAPL
2025-01-31,234.50173950195312,245.62070152543137,231.9579942451269,245.62070152543137,100959800,AAPL
2025-02-03,226.56246948242188,230.35822543026035,224.2671369795404,228.52991033796462,73063300,AAPL
2025-02-04,231.32208251953125,231.64998934854387,225.21111642561868,225.80731341689966,45067300,AAPL
2025-02-05,230.9941864013672,231.19291368703577,226.82085275464706,227.0791967098242,39620300,AAPL
2025-02-06,231.73941040039062,232.31573010563136,228.96711414866223,229.8216550685821,29925300,AAPL
2025-02-07,226.1848907470703,232.51444580894437,225.81722939017394,231.1233398047693,39707200,AAPL
2025-02-10,226.4534454345703,229.3779949636392,226.005813710008,228.36336710225459,33115600,AAPL
2025-02-11,231.3973388671875,233.99362125199642,226.93094812871882,227.000572314181,53718400,AAPL
2025-02-12,235.62501525878906,235.71455375787428,229.4675472393098,229.98481838871234,45243300,AAPL
2025-02-13,240.26051330566406,241.06625350434595,234.33184765944378,235.66480095549997,53614100,AAPL
2025-02-14,243.3143768310547,244.25938055012708,239.7233505557091,239.9819785190441,40896200,AAPL
2025-02-18,243.18507385253906,243.8913336127375,240.56889220053384,242.86674847770814,48822500,AAPL
2025-02-19,243.5829620361328,244.716969605811,241.88195827091008,243.37407429304395,32204200,AAPL
2025-02-20,244.5379180908203,245.4829218502696,243.00600383864503,243.65259654249155,32316900,AAPL
2025-02-21,244.2593994140625,247.38289505871285,243.93113206298463,244.65729095432025,53197400,AAPL
2025-02-24,245.80125427246094,247.55199828948733,243.1353323966777,243.64264638435856,51326400,AAPL
2025-02-25,245.7415313720703,248.68598005449408,243.62273714344562,246.6964922140581,48013300,AAPL
2025-02-26,239.09666442871094,243.6923767743236,237.87313357927937,243.04579925662603,44433600,AAPL
2025-02-27,236.05276489257812,241.18564780716906,235.81402085750776,238.1516754344793,41153600,AAPL
2025-02-28,240.56887817382812,240.8175641664438,228.9900589647863,235.70458076540925,56833400,AAPL
2025-03-03,236.77891540527344,242.74737946323825,234.8690087281554,240.51914741730602,47184000,AAPL
2025-03-04,234.68994140625,238.80819608105105,233.44651142335266,236.46059966619734,53798100,AAPL
2025-03-05,234.50094604492188,235.30668622205877,228.02515316620742,234.18262069274581,47227600,AAPL
2025-03-06,234.0930938720703,236.60979483297604,231.9345013377031,233.20777237015392,45170400,AAPL
2025-03-07,237.81344604492188,240.10134501237943,233.5260868229449,233.8742532807345,46273600,AAPL
2025-03-10,226.2843780517578,234.9187645202326,223.04151782981955,234.30201287196223,72071200,AAPL
2025-03-11,219.67926025390625,224.65298022983382,216.30707871737093,222.63365113389432,76137400,AAPL
2025-03-12,215.8395538330078,220.58448707211764,213.7804415985268,218.98294858814833,62547500,AAPL
2025-03-13,208.5779266357422,215.70029772842102,207.3245545879158,214.81497612462363,61368300,AAPL
2025-03-14,212.367919921875,212.82549370042787,208.47846691122496,210.13968770979585,60107600,AAPL
2025-03-17,212.87521362304688,214.0888025037831,208.8663965620962,212.18883784213668,48073400,AAPL
2025-03-18,211.57211303710938,214.019174884069,210.3784232206469,213.0343879953175,42432400,AAPL
2025-03-19,214.1086883544922,217.61017604964766,212.62651443867486,213.0940452987452,54385400,AAPL
2025-03-20,212.97470092773438,216.3468825511506,211.10457731145533,212.86527847830126,48862900,AAPL
2025-03-21,217.12277221679688,217.68976839110027,210.16950634984832,210.4480334492585,94127800,AAPL
2025-03-24,219.56983947753906,220.3158974796034,217.4311459430569,219.8384246082871,44299500,AAPL
2025-03-25,222.573974609375,222.92214108802088,218.92326587520165,219.6096416779903,34493600,AAPL
2025-03-26,220.36563110351562,223.83729303324841,219.31120492080973,222.3352199198642,34466100,AAPL
2025-03-27,222.67344665527344,223.80745418869535,219.40073045135125,220.22636977863218,37094800,AAPL
2025-03-28,216.75469970703125,222.63364006926244,216.5358548246797,220.50488863250547,39818600,AAPL
2025-03-31,220.96249389648438,224.43414081005062,215.09349507460487,215.86939419548492,65299300,AAPL
2025-04-01,222.0169219970703,222.50433685640354,217.749461617725,218.65468232589998,36412700,AAPL
2025-04-02,222.71324157714844,224.00641185945875,219.8583310514353,220.15675729790527,35905900,AAPL
2025-04-03,202.12205505371094,206.39945769712665,200.19224908119847,204.45969456936825,103419000,AAPL
2025-04-04,187.38987731933594,198.82943318150367,186.3553350717911,192.87091122900438,125910900,AAPL
2025-04-07,180.50624084472656,193.12952861035487,173.70218080411468,176.26862197387908,160466300,AAPL
2025-04-08,171.51376342773438,189.33957458197378,168.32064359895526,185.71870692843436,120859500,AAPL
2025-04-09,197.8048553466797,199.55559936553783,170.98654976711688,171.04623198001363,184395900,AAPL
2025-04-10,189.41915893554688,193.7562435722064,182.0381599544528,188.0762635840202,121880000,AAPL
2025-04-11,197.1085205078125,198.49121408156802,185.0820690088969,185.12186726950821,87435900,AAPL
2025-04-14,201.45555114746094,211.82078139531484,200.10269875392328,210.32866545443895,101352900,AAPL
2025-04-15,201.07754516601562,202.44033954558066,198.74984792281177,200.7990180691496,51343900,AAPL
2025-04-16,193.24891662597656,199.64511311117855,191.35889396287376,197.31741584829123,59732400,AAPL
2025-04-17,195.9446563720703,197.78493872612725,193.39811432307044,196.16350125239885,52164700,AAPL
2025-04-21,192.14474487304688,192.78138039340035,188.81234657174457,192.25416731460396,46742500,AAPL
2025-04-22,198.69017028808594,200.53043756485187,194.93998119085117,195.08918671811182,52976400,AAPL
2025-04-23,203.52462768554688,206.9067512010516,201.7340854567431,204.9172632087338,52929200,AAPL
2025-04-24,207.27479553222656,207.73238443559362,201.87334307751462,203.81309077731203,47311000,AAPL
2025-04-25,208.18002319335938,208.6475540878433,205.1162098506388,205.28531450927932,38222300,AAPL
2025-04-28,209.03550720214844,210.38835967290976,206.3696005213303,208.89624364686077,38743100,AAPL
2025-04-29,210.09986877441406,211.1244537916441,207.27478452266,207.59310986089218,36827600,AAPL
2025-04-30,211.38311767578125,212.45744310704663,205.58375784941018,208.19993964532281,52286500,AAPL
2025-05-01,212.1988067626953,213.43227966302132,207.80202473083082,207.98108655162656,57365700,AAPL
2025-05-02,204.27069091796875,205.9020705063368,201.09745506032002,205.0067917796952,101010600,AAPL
2025-05-05,197.84463500976562,203.02725796650907,197.1682163705072,202.03251395918386,69018500,AAPL
2025-05-06,197.46661376953125,199.59536519080132,195.9844550154461,197.1682027308483,51216500,AAPL
2025-05-07,195.218505859375,198.39174158064424,192.23427392267118,198.1231564563361,68536700,AAPL
2025-05-08,196.45199584960938,198.99853803284546,193.65675249053749,196.68078271707188,50478900,AAPL
2025-05-09,197.4865264892578,199.48595647897335,196.50172445806652,197.95405738682032,36453900,AAPL
2025-05-12,209.95704650878906,210.435160708662,205.93301745006437,210.13634313336473,63775800,AAPL
2025-05-13,212.08859252929688,212.55673652410627,208.17412935394688,209.59847136477597,51909300,AAPL
2025-05-14,211.49098205566406,213.09462076548897,209.74789716231066,211.59057778761635,49325800,AAPL
2025-05-15,210.6144561767578,212.11849916658366,208.71199985896817,210.11643191755599,45029500,AAPL
2025-05-16,210.42518615722656,211.73002236916358,208.9410837213976,211.52084551122164,54737900,AAPL
2025-05-19,207.9550018310547,208.65223273202483,203.45285841572866,207.0884445111699,46140500,AAPL
2025-05-20,206.04258728027344,207.64622592622177,204.2198167548668,206.84938410987283,42496600,AAPL
2025-05-21,201.2914276123047,206.22186440009241,199.91689108628387,204.3592586621154,59211800,AAPL
2025-05-22,200.5643310546875,201.94883789272,198.91088686006037,199.91690559460176,46742400,AAPL
2025-05-23,194.49838256835938,196.91877297523902,192.6955373289648,192.9046989896,78432900,AAPL
2025-05-27,199.4188690185547,199.94677348688452,196.64984031499387,197.51641281084125,56288500,AAPL
2025-05-28,199.62803649902344,201.9289060786693,199.11008702875665,199.79736291846774,45339700,AAPL
2025-05-29,199.15988159179688,203.0046291598645,197.72556941325453,202.77554227533128,51396800,AAPL
2025-05-30,200.05633544921875,201.1619498266407,196.00241099917397,198.5821728136608,70819900,AAPL
2025-06-02,200.9029541015625,201.3312628058232,199.32919584599733,199.48856723355908,35423300,AAPL
2025-06-03,202.46678161621094,202.96480586317466,200.16591202699755,200.55437033168948,46381600,AAPL
2025-06-04,202.0185546875,205.42503857555045,201.30139858491114,202.10819540070028,43604000,AAPL
2025-06-05,199.8372039794922,203.94091870107042,199.35908978394463,202.69585814733983,55126100,AAPL
2025-06-06,203.11419677734375,204.8871617909174,201.2515910514923,202.19783403313102,46607700,AAPL
2025-06-09,200.65394592285156,205.18596915505242,199.22960401477,203.58233063284266,72862600,AAPL
2025-06-10,201.86915588378906,203.54252533508333,199.77746306778945,199.80734330812555,54672600,AAPL
2025-06-11,197.99452209472656,203.69192080198684,197.62598900862739,202.6958722895077,60989900,AAPL
2025-06-12,198.41285705566406,198.890956077424,196.58013147350607,198.29333609984755,43904600,AAPL
2025-06-13,195.67372131347656,199.57822954037988,194.92668495173118,198.94075911963023,51447300,AAPL
2025-06-16,197.6359405517578,197.90487790098294,195.78328974313985,196.52037110088898,43020700,AAPL
2025-06-17,194.86692810058594,197.6060614779548,194.43863454049264,196.4207613301707,38856200,AAPL
2025-06-18,195.80320739746094,196.7893008408277,194.2991796996429,195.16573699325735,45394700,AAPL
2025-06-20,200.20574951171875,200.90298042554332,196.08210930882012,197.45666110928434,96813500,AAPL
2025-06-23,200.70375061035156,201.50059236215068,198.1737943867686,200.83324176458547,55814300,AAPL
2025-06-24,199.50851440429688,202.63610603642124,199.4089034764897,201.78945874554142,54064000,AAPL
2025-06-25,200.76353454589844,202.8651975026319,199.82724651799433,200.65396860223956,39525700,AAPL
2025-06-26,200.20574951171875,201.8392684520338,198.67184150130464,200.63404307360597,50799100,AAPL
2025-06-27,200.28543090820312,202.41697405518968,199.20969672208463,201.09222774816857,73188600,AAPL
2025-06-30,204.3592529296875,206.57048164253425,198.4726031076903,201.211736268348,91912800,AAPL
2025-07-01,206.99880981445312,209.35943993298892,205.32544040497007,205.85334490237685,78788900,AAPL
2025-07-02,211.6005401611328,212.49697770796604,207.31752868499885,208.08449026524102,67941800,AAPL
2025-07-03,212.7061309814453,213.80177506176915,210.97300135818003,211.31165415399877,34955800,AAPL
2025-07-07,209.12037658691406,215.37555986284275,207.97492690746134,211.83958469799765,50229000,AAPL
2025-07-08,209.18014526367188,210.59453234535175,207.62631199643187,209.26980118177752,42848900,AAPL
2025-07-09,210.3056640625,210.49491569520316,206.40115605631001,208.70202548866368,48749400,AAPL
2025-07-10,211.57066345214844,212.63642743345136,209.2000631819418,209.67816220166208,44443600,AAPL
2025-07-11,210.3256072998047,211.29177557167307,209.03074119537857,209.73794232575938,39765800,AAPL
2025-07-14,207.79562377929688,210.07658325197187,206.71988962428105,209.10044482334126,38840100,AAPL
2025-07-15,208.28369140625,211.05270487364396,208.09443976951917,208.39325734338402,42296300,AAPL
2025-07-16,209.32955932617188,211.5606982702429,207.81556132948495,209.46900551017632,47490500,AAPL
2025-07-17,209.19009399414062,210.96305897069354,208.761785269157,209.7379236663323,48068100,AAPL
2025-07-18,210.3455047607422,210.95309492429405,208.87135730762196,210.0367321724359,48974600,AAPL
2025-07-21,211.640380859375,214.92734394651046,210.79374875413163,211.26189276464606,51377400,AAPL
2025-07-22,213.5527801513672,214.1006098348481,211.39135685335447,212.29776458434165,46404100,AAPL
2025-07-23,213.30377197265625,214.29982043425818,211.57065737650467,214.15041924441525,46989300,AAPL
2025-07-24,212.9153289794922,214.83771055173221,212.68624207244096,213.05477516619655,46022600,AAPL
2025-07-25,213.0348358154297,214.38946224202752,212.55672164240056,213.85158759699283,40268800,AAPL
2025-07-28,213.2041778564453,214.00101967144602,212.2180844005514,213.18425263148458,37858000,AAPL
2025-07-29,210.43516540527344,213.96117031669576,209.9869466315705,213.33365491441555,51411700,AAPL
2025-07-30,208.22393798828125,211.5507362671114,206.89919168476044,211.06266703997414,45512500,AAPL
2025-07-31,206.7498016357422,209.01082086651627,206.34141808889078,207.66616446381488,80698400,AAPL
2025-08-01,201.5802764892578,212.73601533219744,200.70374904924734,210.03671752861544,104434500,AAPL
2025-08-04,202.5464630126953,207.0585613783641,200.88304868853191,203.70186769022786,75109300,AAPL
2025-08-05,202.11814880371094,204.52858421879685,201.36115745633876,202.59624780213056,44155100,AAPL
2025-08-06,212.40733337402344,214.52892145014,204.77759854868273,204.81744899810374,108483100,AAPL
2025-08-07,219.16053771972656,219.97730473834642,215.7241736307253,218.01508808955717,90224800,AAPL
2025-08-08,228.44371032714844,230.08718413442585,218.3836152444713,219.95737356583322,113854000,AAPL
2025-08-11,226.53909301757812,228.91238364576833,224.12592192869855,227.27701087414155,61806100,AAPL
2025-08-12,229.0021209716797,230.14888579943394,226.429412881848,227.36674823663387,55626200,AAPL
2025-08-13,232.6717529296875,234.33703985510917,229.77992501054072,230.4181341091737,69878500,AAPL
2025-08-14,232.12330627441406,234.4567012802976,230.19875827485632,233.39969406647393,51916300,AAPL
2025-08-15,230.9366455078125,233.6190590405621,228.69299310222902,233.33985018068216,56038700,AAPL
2025-08-18,230.23863220214844,232.46233685580373,229.46083388892833,231.04634466466607,37476200,AAPL
2025-08-19,229.90956115722656,232.2130419457167,228.70298322789472,230.62753117126795,39402600,AAPL
2025-08-20,225.3723907470703,229.81981519856654,225.13307755654054,229.33119207499826,42263900,AAPL
2025-08-21,224.26551818847656,225.88095827873425,223.14868274098328,225.63166356522294,30621200,AAPL
2025-08-22,227.11744689941406,228.44369658121065,224.77408575714253,225.53193619713707,42477800,AAPL
2025-08-25,226.51914978027344,228.6531118971015,225.59176554347297,225.84106025439092,30983100,AAPL
2025-08-26,228.6630859375,228.84258604761433,224.05612439304167,226.22996704217394,54575100,AAPL
2025-08-27,229.8397674560547,230.24859923631865,227.6160475796746,227.96506627689797,31259500,AAPL
2025-08-28,231.9039306640625,232.75153884501827,228.69301327644948,230.16884905542523,38074700,AAPL
2025-08-29,231.485107421875,232.7216147258446,230.71727541448905,231.85405874294378,39418400,AAPL
2025-09-02,229.0719451904297,230.19876225122124,226.32970313085187,228.6032698757151,44075600,AAPL
2025-09-03,237.79725646972656,238.17618932549604,233.69885053091846,236.5408165177042,66427800,AAPL
2025-09-04,239.10353088378906,239.22318747047024,236.07211403385233,237.7772812570227,47549400,AAPL
2025-09-05,239.01380920410156,240.63921565449175,237.8171975861315,239.3229322237051,54870400,AAPL
2025-09-08,237.20892333984375,239.47250850410185,235.6732593017711,238.62491556233425,48999500,AAPL
2025-09-09,233.6888885498047,238.10638391026913,232.70167593051625,236.33140663047269,66313900,AAPL
2025-09-10,226.1501922607422,231.76431424305812,225.31256565050364,231.53496736029473,83440800,AAPL
2025-09-11,229.3810577392578,229.7998710451417,226.010588238333,226.23995033725743,50208600,AAPL
2025-09-12,233.40968322753906,233.84842918261825,228.373926506362,228.57335925244223,55824200,AAPL
2025-09-15,236.03224182128906,237.5180438551372,234.36695488957946,236.33139853346725,42699500,AAPL
2025-09-16,237.4781494140625,240.53949594661788,235.65332541334,236.51088466190768,63421100,AAPL
2025-09-17,238.3157958984375,239.42266510979977,237.05934071942244,238.2958480596019,46508000,AAPL
2025-09-18,237.20892333984375,240.51954939992544,235.98238232851827,239.29302360434258,44249600,AAPL
2025-09-19,244.8074188232422,245.60516498271895,239.53234916144805,240.5494606794321,163741300,AAPL
2025-09-22,255.35755920410156,255.9160073848096,247.42002368458668,247.5995237986898,105517400,AAPL
2025-09-23,253.7122344970703,256.6140289111009,252.86464151383097,255.15815615601056,60275200,AAPL
2025-09-24,251.5981903076172,255.01852163586054,250.33176892231356,254.49998437943248,42303700,AAPL
2025-09-25,256.14532470703125,256.4444966190252,250.99989343760635,252.49566170312627,55202100,AAPL
2025-09-26,254.73931884765625,256.87328100426123,253.06405044687503,253.38315498635407,46076300,AAPL
2025-09-29,253.7122344970703,254.28063380560434,252.29624220529692,253.8418726304012,40127700,AAPL
2025-09-30,253.9116668701172,255.1980209495745,252.39595068950493,254.1410137555297,37704300,AAPL
2025-10-01,254.72933959960938,258.0599285933123,254.21080232618834,254.32049261064776,48713900,AAPL
2025-10-02,256.40460205078125,257.45162766856953,253.43299812845933,255.85613542550084,42630200,AAPL
2025-10-03,257.2920837402344,258.5086431914624,253.23357360959045,253.9515436206674,49155600,AAPL
2025-10-06,255.96583557128906,258.33912604890287,254.3304629034206,257.2621558739689,44664100,AAPL
2025-10-07,255.75645446777344,256.6738420114173,254.70939836699205,256.0855101139428,31955800,AAPL
2025-10-08,257.3320007324219,257.7906945345413,255.38748958216482,255.79633660873378,36496900,AAPL
2025-10-09,253.32330322265625,257.27213808351553,252.42584836214985,257.08267167133846,38322000,AAPL
2025-10-10,244.5780792236328,255.65673769030235,243.31165772832736,254.22079760361632,61999100,AAPL
2025-10-13,246.96133422851562,248.98560621270488,244.86725241658198,248.67648318296307,38142900,AAPL
2025-10-14,247.07101440429688,248.14796941642882,244.00966795095763,245.90431694508948,35478000,AAPL
2025-10-15,248.63658142089844,251.10959602979932,246.77186176083558,248.78616738422895,33893600,AAPL
2025-10-16,246.7519073486328,248.33741809379524,244.43846029169785,247.54965348458146,39777000,AAPL
2025-10-17,251.5782470703125,252.66518358811555,246.57242016484557,247.3203043073955,49147000,AAPL
2025-10-20,261.50018310546875,263.63416054313814,254.90884523128253,255.168106265739,90483000,AAPL
2025-10-21,262.0286865234375,264.5415968076956,261.0913359303388,261.141213133835,46695900,AAPL
2025-10-22,257.72088623046875,262.1084670888602,254.70938662410154,261.9090191460537,45015300,AAPL
2025-10-23,258.84765625,259.8847307097371,257.2821086816683,259.2066564378435,32754900,AAPL
2025-10-24,262.07855224609375,263.3848541030092,258.44880663072195,260.4531458541269,38253700,AAPL
2025-10-27,268.0516357421875,268.3607587413759,263.9033682058253,264.13273028939324,44888200,AAPL
2025-10-28,268.2410888671875,269.12859257872884,267.39348082722177,268.23110734142335,41534800,AAPL
2025-10-29,268.93914794921875,270.6443152614699,266.35642794866993,268.5203194424725,51086700,AAPL
2025-10-30,270.63433837890625,273.36662916750566,267.72259312931254,271.2226702585742,69886500,AAPL
2025-10-31,269.60723876953125,276.53764389728985,268.4006608909581,276.2085578376442,86167100,AAPL
2025-11-03,268.2909851074219,270.08592548154905,265.4988962118729,269.6571458353552,50194600,AAPL
2025-11-04,269.2781982421875,270.72408938596277,266.86501191822913,267.5730004152706,49274800,AAPL
2025-11-05,269.3778991699219,270.93349568379296,266.17693326929896,267.8521863717013,43683100,AAPL
2025-11-06,269.0089416503906,272.6287059365568,267.1342708755924,267.1342708755924,51204000,AAPL
2025-11-07,267.7126159667969,271.5218466038475,266.0173996929098,269.03885049148494,48227400,AAPL
2025-11-10,268.9303283691406,273.2223721938244,266.9639805623884,268.46119877683986,41312400,AAPL
2025-11-11,274.73956298828125,275.3983427074405,269.2996575494418,269.3096487524697,46208300,AAPL
2025-11-12,272.962890625,275.2187095291286,271.19618380015726,274.49005224267427,48398000,AAPL
2025-11-13,272.4438171386719,276.1868626363035,271.58539619817094,273.6016390736082,49602800,AAPL
2025-11-14,271.90484619140625,275.4482508823214,269.10005949599775,270.5473523374902,47431300,AAPL
2025-11-17,266.9639892578125,269.98836893107386,265.237217022597,268.3214829895084,45018300,AAPL
2025-11-18,266.94403076171875,270.20795552947055,264.8279672087311,269.48928956232544,45677300,AAPL
2025-11-19,268.0619812011719,271.70520656667077,265.0076580872151,265.0376012369211,40424500,AAPL
2025-11-20,265.7562561035156,274.91922505965954,265.42688147061517,270.327749378444,45823600,AAPL
2025-11-21,270.98651123046875,272.8230952896135,265.17732758833057,265.4568071090486,59030800,AAPL
2025-11-24,275.4083557128906,276.48633959077114,270.397645153795,270.397645153795,65585800,AAPL
2025-11-25,276.45635986328125,279.8600396675645,274.7395483878858,274.75950033189645,46914200,AAPL
2025-11-26,277.0353088378906,279.0116481613461,276.11703191175064,276.4464065684995,33431400,AAPL
2025-11-28,278.3328857421875,278.4826014787427,275.4781737009374,276.7458380127342,20135600,AAPL
2025-12-01,282.57501220703125,282.89442609469603,275.62792768573877,277.4944549964911,46587700,AAPL
2025-12-02,285.6592712402344,286.86701880065203,282.10587559562896,282.47518456741903,53669500,AAPL
2025-12-03,283.623046875,288.0847586222564,282.77461708045536,285.6692634925469,43538700,AAPL
2025-12-04,280.179443359375,284.20196835267484,278.07334059490756,283.5731318378766,43989100,AAPL
2025-12-05,278.26300048828125,280.6186397013617,277.53434330937836,280.01974631085085,47265800,AAPL
2025-12-08,277.3746643066406,279.15136205700173,275.6378704438954,277.6142094762677,38211800,AAPL
2025-12-09,276.6659851074219,279.5107061083118,276.4064879695729,277.6441787437343,32193300,AAPL
2025-12-10,278.26300048828125,279.2312028389952,275.92734368017386,277.23491184461454,33038300,AAPL
2025-12-11,277.514404296875,279.07150890817053,273.3022288840155,278.5824273392719,33248000,AAPL
2025-12-12,277.763916015625,278.70217518025987,276.30663218031253,277.38461586894516,39532900,AAPL
2025-12-15,273.6016540527344,279.63046152672615,272.33402020742307,279.63046152672615,50409100,AAPL
2025-12-16,274.1007385253906,274.9891026980292,271.2859911871425,272.3140798989353,37648600,AAPL
2025-12-17,271.33587646484375,275.6478724530811,271.13626563598973,274.50001118897205,50138700,AAPL
2025-12-18,271.68524169921875,273.12257373871984,266.4549687260805,273.1025913325419,51630700,AAPL
2025-12-19,273.1625061035156,274.09077415448866,269.399477884542,271.6453053723066,144632000,AAPL
2025-12-22,270.4674987792969,273.37210596231955,270.00836035897595,272.3539780142796,36571800,AAPL
2025-12-23,271.85491943359375,271.99467443806464,269.06012395403746,270.3377490962612,29642000,AAPL
2025-12-24,273.3022155761719,274.9192064044749,271.69521595033444,271.8349404799371,17910600,AAPL
2025-12-26,272.89300537109375,274.8593534534055,272.35399820928086,273.65160578690546,21521800,AAPL
2025-12-29,273.2523498535156,273.8512128461511,271.8449608988494,272.1843267483383,23715200,AAPL
2025-12-30,272.57354736328125,273.57169281796894,271.77504318392386,272.30405905646904,22139600,AAPL
2025-12-31,271.3558349609375,273.17246717497864,271.24605357156486,272.553621806917,27293600,AAPL
2026-01-02,270.5074462890625,277.32476727085935,268.5011639041959,271.7551282774649,37838100,AAPL
2026-01-05,266.764404296875,271.00652312062255,265.64648609237463,270.1381413175191,45647200,AAPL
2026-01-06,261.87347412109375,267.05385240251036,261.63392891626114,266.5048844877732,52352100,AAPL
2026-01-07,259.84722900390625,263.1910228349833,259.3282042611396,262.7119324450406,48309800,AAPL
2026-01-08,258.55963134765625,258.80916773471864,255.22581364132833,256.5433578451618,50419300,AAPL
2026-01-09,258.8890075683594,259.7274461787287,255.74485516422806,258.5995368285105,39997000,AAPL
2026-01-12,259.7673645019531,260.81540508500296,256.32375036738995,258.679389570116,45263800,AAPL
2026-01-13,260.5658874511719,261.3244878277737,257.9108470550362,258.24022168851656,45730800,AAPL
2026-01-14,259.4779052734375,261.33447181199796,256.23393227813756,259.0087756526009,40019400,AAPL
2026-01-15,257.7311706542969,260.55593980217856,256.57331808587395,260.16664839115424,39388600,AAPL
2026-01-16,255.05612182617188,258.41986733264514,254.4572284259222,257.4217218192236,72142800,AAPL
2026-01-20,246.2425079345703,254.31750190322293,242.9685916985444,252.26132447540706,80267500,AAPL
2026-01-21,247.1907501220703,251.09350304772093,244.72532928784554,248.23880604127606,54641700,AAPL
2026-01-22,247.8894500732422,250.53452965267718,247.68980878155546,248.737864640942,39708300,AAPL
2026-01-23,247.58001708984375,248.94748685874615,244.22624741136653,246.86136630134166,41689000,AAPL
2026-01-26,254.93637084960938,256.08423219515316,249.33677343540953,251.01365072947274,55969200,AAPL
2026-01-27,257.7910461425781,261.4642450011371,257.73115984508394,258.6894015269614,49648300,AAPL
2026-01-28,255.96444702148438,258.3799421919039,254.03801819206552,257.1721946066941,41288000,AAPL
2026-01-29,257.801025390625,259.16847988830324,253.93820707645818,257.52154586161765,67253000,AAPL
2026-01-30,258.99884033203125,261.4143357105436,251.71235892004358,254.6968198516284,92443400,AAPL
2026-02-02,269.50927734375,269.98836769074944,258.72928762151224,259.5477742456141,73913400,AAPL
2026-02-03,268.98028564453125,271.3758289780004,267.11372779647115,268.70080609664296,64394700,AAPL
2026-02-04,275.97723388671875,278.432693698261,271.7850411492978,271.7850411492978,90545700,AAPL
2026-02-05,275.3983459472656,278.98168486317746,272.72332314901723,277.6142303156022,52977400,AAPL
2026-02-06,277.6042175292969,280.3890519626743,276.4164219647768,276.6060720438839,50453400,AAPL
2026-02-09,274.3672180175781,277.9439398399519,271.4499228389202,277.6541982366954,44623400,AAPL
2026-02-10,273.4280700683594,275.11651686144285,272.68876099546605,274.6369782150198,34376900,AAPL
2026-02-11,275.24639892578125,279.92208361183503,274.1973776592452,274.44714753122867,51931300,AAPL
2026-02-12,261.4891052246094,275.46621856633783,259.94051360693726,275.3363333447182,81077200,AAPL
2026-02-13,255.5445556640625,261.9886306947134,255.21485759663088,261.7688319830923,56290700,AAPL
2026-02-17,263.6371154785156,266.0449008431299,255.30478047881587,257.8124646511843,58469100,AAPL
2026-02-18,264.106689453125,266.57441720150126,262.20844437502524,263.35737977838915,34203300,AAPL
2026-02-19,260.3401184082031,264.2365527856389,259.81060750150084,262.35827847824623,30845300,AAPL
2026-02-20,264.3364562988281,264.5063132392292,257.9223826043077,258.73163460792017,42070500,AAPL
2026-02-23,265.9349670410156,269.1819753311392,263.13755670993424,263.24744081710827,37308200,AAPL
2026-02-24,271.8895263671875,274.6369951599546,267.46358073991865,267.61343657617186,47014600,AAPL
2026-02-25,273.97760009765625,274.6869380517792,270.8005039088116,271.5298429675081,33714300,AAPL
2026-02-26,272.6987609863281,275.8558253670768,270.55071567552415,274.6969199809464,32345100,AAPL
2026-02-27,263.93682861328125,272.5588900215503,262.6480379442022,272.5588900215503,72366500,AAPL
2026-03-02,264.476318359375,266.2846497598317,259.960490133898,262.16844722421786,41827900,AAPL
2026-03-03,263.5072326660156,265.31556422164516,259.8905695547566,263.23749216234586,38568900,AAPL
2026-03-04,262.2783508300781,265.9050144519466,261.179387723623,264.4063951364299,39803100,AAPL
2026-03-05,260.0504150390625,261.3192350446657,257.01320478174756,260.54995479568396,49658600,AAPL
2026-03-06,257.2229919433594,258.53178361058343,254.13584003818684,258.39192833924307,41120000,AAPL
2026-03-09,259.6407775878906,260.9095975388004,253.44647267699952,255.45463216869055,38218500,AAPL
2026-03-10,260.58990478515625,262.2384104290217,256.71350175461305,257.4128391437035,30590800,AAPL
2026-03-11,260.5699157714844,261.888707997661,259.3110658747261,260.8496568052655,26218900,AAPL
2026-03-12,255.52456665039062,258.71164792954545,253.94601921584928,258.4219063383753,40794000,AAPL
2026-03-13,249.8897705078125,256.0940459350445,249.29033192864068,255.24483747003174,36930000,AAPL
2026-03-16,252.58729553222656,253.6563027081548,249.6499992581203,251.87794235419486,32074200,AAPL
2026-03-17,253.99598693847656,254.89516767044782,251.94787083452104,252.72716690012706,32361600,AAPL
2026-03-18,249.70994567871094,254.70534343896443,248.7708084606242,252.3974721128864,35757900,AAPL
2026-03-19,248.73085021972656,251.5982036354298,247.0723745163624,249.17043241392184,34864100,AAPL
2026-03-20,247.76173400878906,248.97061168291066,245.77356028907465,247.7517334570195,88331100,AAPL
2026-03-23,251.25851440429688,254.3656523266213,250.0496214753341,253.73622734962268,40546100,AAPL
2026-03-24,251.4083709716797,254.5954370944537,249.32029842391177,250.1195650925759,45152300,AAPL
2026-03-25,252.38746643066406,254.76528059453105,251.3684162845015,253.86611511385965,28476700,AAPL
2026-03-26,252.6572265625,256.76344411909713,250.53918279672283,251.88793104116345,41796700,AAPL
2026-03-27,248.57098388671875,255.2548282141602,247.8416601166152,253.666280215245,47900000,AAPL
2026-03-30,246.40298461914062,250.63907198816298,245.28400520065438,249.83982057534305,39446200,AAPL
2026-03-31,253.55638122558594,255.24482803058763,246.87255213324852,247.6818040942864,49598100,AAPL
2026-04-01,255.3946990966797,255.94418062939917,253.096813183035,253.8461228128272,40059400,AAPL
2026-04-02,255.68443298339844,255.89424639361263,250.4192795609811,253.96601496217014,31289400,AAPL
2026-04-06,258.6217041015625,261.9186847371787,256.2239194053331,256.27389167390277,29329900,AAPL
2026-04-07,253.26666259765625,255.96418954301222,245.47383916108728,255.92421782448065,62148000,AAPL
2026-04-08,258.66168212890625,259.51090582044134,256.29386854025813,258.2121146377317,41032800,AAPL
2026-04-09,260.2502136230469,260.879638597066,255.8342992320816,258.7615948993736,28121600,AAPL
2026-04-10,260.240234375,261.94865175168746,258.78155637925676,259.7406946341393,31291500,AAPL
2026-04-13,258.96142578125,259.9405042051452,256.4237552437805,259.49093671136296,36234700,AAPL
2026-04-14,258.59173583984375,261.68888841493145,256.9532612999924,259.01136264890187,48370700,AAPL
2026-04-15,266.18475341796875,266.3146386359468,257.57269269729437,257.92237663273806,49913500,AAPL
2026-04-16,263.15753173828125,266.91408037974617,261.0294875448873,266.55439590858066,43323100,AAPL
2026-04-17,269.98126220703125,272.0493335842862,266.47448343207725,266.7142527536172,61436200,AAPL
2026-04-20,272.79864501953125,274.0275237795767,270.04120633500696,270.08114756253855,36590200,AAPL
2026-04-21,265.9250183105469,272.5488901425708,265.1557075406741,271.250098918132,50209800,AAPL
2026-04-22,272.9185791015625,273.48803128351057,266.62435952726383,267.5734973129919,43249200,AAPL
2026-04-23,273.1783142089844,275.5161566987003,271.39995382845746,274.79681820267325,33399600,AAPL
2026-04-24,270.81048583984375,272.80864483253174,269.4017800912603,272.50893317942314,38157100,AAPL
2026-04-27,267.3636474609375,268.1129570778125,264.8260075108844,265.84505761361925,41466800,AAPL
2026-04-28,270.4608154296875,272.97851539952296,268.4127145556596,272.0893199684016,40018900,AAPL
2026-04-29,269.92132568359375,270.7905199823619,266.7942019267937,267.3037117460274,30047900,AAPL
2026-04-30,271.1002502441406,275.7459641951834,267.893213328058,270.25102650288807,91848200,AAPL
2026-05-01,279.88214111328125,286.95561044034525,278.1137509144006,278.6032901046287,79915400,AAPL
2026-05-04,276.5751647949219,280.3716851917065,274.60697695873915,279.4025768563376,46668400,AAPL
2026-05-05,283.9184265136719,284.30808218316156,276.2455026895375,276.6750995896243,49311700,AAPL
2026-05-06,287.245361328125,287.76487170009636,280.8112868075762,281.66051049385584,58336100,AAPL
2026-05-07,287.1754150390625,291.8611003514943,285.5169394038565,289.00371711581823,45224300,AAPL
2026-05-08,293.0500183105469,294.4886952888782,289.7330669166447,289.7430674686918,52692800,AAPL
2026-05-11,292.67999267578125,293.8800048828125,290.2300109863281,291.9800109863281,42247300,AAPL
2026-05-12,294.79998779296875,295.2699890136719,292.55999755859375,292.55999755859375,45748100,AAPL
2026-05-13,298.8699951171875,300.9200134277344,293.5,293.5,52684300,AAPL
2026-05-14,298.2099914550781,300.45001220703125,295.3800048828125,299.82000732421875,35324900,AAPL
2026-05-15,300.2300109863281,303.20001220703125,296.5199890136719,297.8999938964844,54862800,AAPL
2026-05-18,297.8399963378906,300.6600036621094,294.9100036621094,300.239990234375,34463500,AAPL
2026-05-19,297.8999938964844,300.510009765625,296.3500061035156,296.9700012207031,17217892,AAPL
2015-01-02,39.76768112182617,40.32898703317074,39.58058131421902,39.68263604966488,27913900,MSFT
2015-01-05,39.40199279785156,39.742176400533225,39.3339541307579,39.43600888713618,39673900,MSFT
2015-01-06,38.82368087768555,39.75918993130537,38.73012932347106,39.44451917607143,36447900,MSFT
2015-01-07,39.316951751708984,39.512558089467205,38.687610185749996,39.10433574402447,29114100,MSFT
2015-01-08,40.47356414794922,40.609638198529865,39.7336617006833,39.75917457133552,29645200,MSFT
2015-01-09,40.133384704589844,40.66917779564242,39.88675267344921,40.49058118004552,23944200,MSFT
2015-01-12,39.63160705566406,40.43104500864739,39.42749758479369,40.32898702895066,23651900,MSFT
2015-01-13,39.427513122558594,40.7457317259793,39.17237456129375,39.946296702212706,35270600,MSFT
2015-01-14,39.08731460571289,39.3254466705493,38.79815679033158,39.08731460571289,29719600,MSFT
2015-01-15,38.67909240722656,39.44451110855673,38.61956020204109,39.30843703323824,32750800,MSFT
2015-01-16,39.325439453125,39.359455532491324,38.415440389523894,38.534508022220464,35695300,MSFT
2015-01-20,39.4530029296875,39.67412526591057,38.75562308946569,39.376461081650426,36161900,MSFT
2015-01-21,39.05329513549805,39.240398204855296,38.679092241045396,39.07030480037251,39081100,MSFT
2015-01-22,40.08236312866211,40.0908663398925,39.18937671340926,39.44451522572976,35898000,MSFT
2015-01-23,40.1248779296875,40.30347452941849,39.80170081284459,40.2779616563888,26211600,MSFT
2015-01-26,39.98029327392578,40.082351244002936,39.325439142700844,39.97179006521664,42525500,MSFT
2015-01-27,36.28077697753906,36.74002809929224,35.813022647276895,36.52741219969479,169164000,MSFT
2015-01-28,35.03059768676758,36.391341516488396,35.005084814621924,36.34881898149182,84507100,MSFT
2015-01-29,35.727970123291016,35.82152162715218,34.69040686183457,34.809471232472134,63585300,MSFT
2015-01-30,34.35874938964844,35.362297241973955,34.31622359115401,35.33678111402471,78004900,MSFT
2015-02-02,35.107154846191406,35.18369674024467,34.21416824507854,34.52033582129161,50352500,MSFT
2015-02-03,35.379302978515625,35.659957670645284,34.911548402562396,35.40481910596742,52082400,MSFT
2015-02-04,35.583404541015625,35.898075229949285,35.17518231757854,35.668449620966825,41614800,MSFT
2015-02-05,36.1021842956543,36.26377122884836,35.60041058869625,35.90657803623154,36548200,MSFT
2015-02-06,36.06816864013672,36.39134578367657,35.84704948566956,36.29779424915752,34616600,MSFT
2015-02-09,36.025638580322266,36.34881565640357,35.898067742740885,35.92358385681386,31381100,MSFT
2015-02-10,36.22975158691406,36.374332099995414,35.87255839740981,36.34881922767696,29670700,MSFT
2015-02-11,36.04265213012695,36.2722777159902,35.898071615652384,36.2722777159902,38262500,MSFT
2015-02-12,36.646484375,36.646484375,36.15321382582502,36.28078469040803,33268800,MSFT
2015-02-13,37.30984878540039,37.30984878540039,36.69751700974504,36.89312330904932,40264900,MSFT
2015-02-17,37.32699203491211,37.686727410043005,36.99294784283893,37.661032959634014,33695700,MSFT
2015-02-18,37.284141540527344,37.42975096386863,37.16422981974589,37.369795103477905,27111700,MSFT
2015-02-19,37.258453369140625,37.28414780867083,36.87302043943816,36.98436845631885,27603400,MSFT
2015-02-20,37.566795349121094,37.58392606260128,37.07858145065915,37.267012764242146,29721100,MSFT
2015-02-23,37.8151969909668,37.849455160721796,37.38693882919979,37.42976399190639,32518800,MSFT
2015-02-24,37.7638053894043,37.94367303582146,37.61819591324479,37.81519754581657,25271700,MSFT
2015-02-25,37.67814254760742,37.76379284582785,37.515402406699394,37.64388112137947,29759800,MSFT
2015-02-26,37.73810577392578,37.88371196278353,37.59249631771796,37.678149900002,28957300,MSFT
2015-02-27,37.5582275390625,37.8580101173992,37.395490665576474,37.798054255201755,33807700,MSFT
2015-03-02,37.58393478393555,37.849452736117925,37.30128284694754,37.40406388432942,31924000,MSFT
2015-03-03,37.07002258300781,37.541109138563314,36.90728567031151,37.30984935693158,31748600,MSFT
2015-03-04,36.88157653808594,37.01005196514235,36.7274034117391,36.83874812838487,25748700,MSFT
2015-03-05,36.92441177368164,37.03575978811319,36.67602130585351,36.89015034349504,23193500,MSFT
2015-03-06,36.28202438354492,36.92441149156137,36.102156777464266,36.83019419294299,36248800,MSFT
2015-03-09,36.701725006103516,36.941551810577614,36.13642433477633,36.13642433477633,32108000,MSFT
2015-03-10,35.9993896484375,36.58182116540289,35.9993896484375,36.27347468379164,39159700,MSFT
2015-03-11,35.95655059814453,36.29059140186181,35.836638849871676,36.23920251965921,32215300,MSFT
2015-03-12,35.13429641723633,35.67390256114964,34.99725395007503,35.39981762682704,59992500,MSFT
2015-03-13,35.44265365600586,35.519740271637154,34.78313555946061,34.8602221750919,58007700,MSFT
2015-03-16,35.596824645996094,35.66534426260353,35.35699781949269,35.51973803521838,35273500,MSFT
2015-03-17,35.71672439575195,35.82807241100551,35.24564116293283,35.434072495650575,31673400,MSFT
2015-03-18,36.40193557739258,36.68458746902727,35.39981327217812,35.4854635783615,44194800,MSFT
2015-03-19,36.22206115722656,36.47901529476924,36.16210530071157,36.1963634563279,33879100,MSFT
2015-03-20,36.72740173339844,36.813052014188735,36.393361064028,36.45331691405096,71904500,MSFT
2015-03-23,36.710296630859375,36.94155647112588,36.64177374455031,36.72742735243664,26246100,MSFT
2015-03-24,36.74456024169922,36.97581682825727,36.616081455965855,36.64177590617203,25513300,MSFT
2015-03-25,35.51116943359375,36.770249596852324,35.494038713379595,36.76168260306985,43469900,MSFT
2015-03-26,35.297035217285156,35.63964303722164,35.04864471119872,35.30560220982624,37495600,MSFT
2015-03-27,35.091468811035156,35.485465468221484,34.97155706905235,35.21994427715248,34401400,MSFT
2015-03-30,35.08292007446289,35.57970128385622,35.04009489680696,35.20283187884014,35049700,MSFT
2015-03-31,34.82595443725586,35.14286456986798,34.7231733907723,34.928735483739416,34887200,MSFT
2015-04-01,34.877349853515625,34.91160802731125,34.526178250141264,34.77456553007615,36865300,MSFT
2015-04-02,34.50904846191406,34.89448151684832,34.363438966782915,34.82595863270403,37487500,MSFT
2015-04-06,35.58824920654297,35.78524755014815,34.41482286969902,34.55186533774393,39223700,MSFT
2015-04-07,35.57110595703125,35.89658292922058,35.38267467195239,35.639628800586486,28809400,MSFT
2015-04-08,35.47690963745117,35.708169470034505,35.15143574034954,35.51117107946743,24753400,MSFT
2015-04-09,35.528289794921875,35.64820153410782,35.33129147092355,35.33129147092355,25723900,MSFT
2015-04-10,35.733848571777344,35.930846859729755,35.46832743548536,35.65676200106994,28022000,MSFT
2015-04-13,35.768123626708984,36.02508116202886,35.45121347179213,35.45978046555655,30276700,MSFT
2015-04-14,35.67390060424805,35.999374403808346,35.45120456523315,35.802376072279756,24244400,MSFT
2015-04-15,36.19638442993164,36.367688376670024,35.699606578476455,35.768126196761195,27343600,MSFT
2015-04-16,36.110713958740234,36.26488709811911,35.81949839184115,35.93084638524794,22509700,MSFT
2015-04-17,35.648193359375,35.75097762712122,35.254196801728426,35.69101850392804,42387600,MSFT
2015-04-20,36.75310516357422,36.97579790856706,35.69959076861469,35.742415919496054,46057700,MSFT
2015-04-21,36.521846771240234,36.95867182140513,36.42762947542625,36.830193096686116,26013800,MSFT
2015-04-22,36.82163619995117,36.941547956000996,36.444766946822796,36.54754798524404,25064300,MSFT
2015-04-23,37.12141036987305,37.352670124312624,36.658890860993885,36.73597744580708,46309500,MSFT
2015-04-24,41.001426696777344,41.23268644660199,39.09996308824659,39.10852681201056,130933700,MSFT
2015-04-27,41.13847732543945,41.224130916853234,40.4447012054152,40.45326493088136,59248200,MSFT
2015-04-28,42.10633087158203,42.149156022630294,40.85581816381504,40.92433775202234,60730800,MSFT
2015-04-29,42.020687103271484,42.23481615915726,41.541036841841304,41.72947145657282,47804600,MSFT
2015-04-30,41.660953521728516,42.43181952110403,41.626692084567274,41.71234567747038,64725500,MSFT
2015-05-01,41.678077697753906,41.8665123052101,41.45538492586475,41.609558101538,38937300,MSFT
2015-05-04,41.318336486816406,41.85793925623574,41.266944346579066,41.429681222973066,34039500,MSFT
2015-05-05,40.770164489746094,41.24981467536472,40.52177730736373,40.958599074694405,50369200,MSFT
2015-05-06,39.639564514160156,40.91577495533703,39.4168717632563,40.744471079915016,52433000,MSFT
2015-05-07,39.99930191040039,40.33334266150461,39.53678243932552,39.63099973165739,32971700,MSFT
2015-05-08,40.898651123046875,41.095649469358584,40.701652776735166,40.72734721879967,35364900,MSFT
2015-05-11,40.57317352294922,41.03569307841189,40.57317352294922,40.72734670810344,24609400,MSFT
2015-05-12,40.55604553222656,40.83869747979287,39.759485111167464,40.12778738186577,29928300,MSFT
2015-05-13,40.795875549316406,41.38687066737578,40.74448339095664,41.275522624604946,34184600,MSFT
2015-05-14,41.72946548461914,41.815115787775895,41.13846728384878,41.13846728384878,32980900,MSFT
2015-05-15,41.36973190307617,41.892207309071495,41.15560285257645,41.857945876827536,28642700,MSFT
2015-05-18,41.121337890625,41.30120876079131,40.77873339964339,41.095643452322555,24136500,MSFT
2015-05-19,41.01790237426758,41.21618102930156,40.67306792898283,41.00066032314484,28574800,MSFT
2015-05-20,41.01790237426758,41.31963004745299,40.75065551474265,40.85410453289408,25047900,MSFT
2015-05-21,40.87995910644531,41.03513425192966,40.52650533919417,40.75926805742069,22410700,MSFT
2015-05-22,40.43169021606445,40.819624898741665,40.362722004024285,40.77652141050923,25720600,MSFT
2015-05-26,40.164432525634766,40.41443729416712,39.81959813534293,40.37133381752676,29581900,MSFT
2015-05-27,41.04374694824219,41.1816800119841,40.19028385543787,40.362701007261165,27335600,MSFT
2015-05-28,40.90581512451172,41.397201884524556,40.854088990821616,40.948918591628264,19283700,MSFT
2015-05-29,40.39719009399414,41.009267934549435,40.16442740351874,40.8885768999142,36519600,MSFT
2015-06-01,40.71616744995117,41.18169291920459,40.19029645193358,40.569614962548066,28837300,MSFT
2015-06-02,40.448917388916016,40.81961320093707,40.19029324505082,40.45754005724269,21498300,MSFT
2015-06-03,40.38856887817383,41.155825161871846,40.362707452275124,40.836852229061684,28002200,MSFT
2015-06-04,39.966148376464844,40.655813773110275,39.828215297135756,40.336844143771266,27745500,MSFT
2015-06-05,39.77649688720703,40.10408924747941,39.5178727242908,39.923052662296506,25438100,MSFT
2015-06-08,39.42302703857422,40.0264853652881,39.37130091162732,39.914413734528154,22121600,MSFT
2015-06-09,39.35408020019531,39.60408170692957,39.190282367393586,39.44890654353048,24406100,MSFT
2015-06-10,40.181671142578125,40.37133036990058,39.38855342807126,39.47476366257428,28417400,MSFT
2015-06-11,40.03511428833008,40.44891353682371,39.76787079017316,40.22477351044203,27347800,MSFT
2015-06-12,39.62994384765625,40.0609852093629,39.569598320104085,39.845464528509574,23931000,MSFT
2015-06-15,39.207515716552734,39.35407146660989,38.81095851524247,39.18165429125375,33254500,MSFT
2015-06-16,39.509254455566406,39.862708255499975,39.052348356687844,39.09545183695589,27070300,MSFT
2015-06-17,39.62994384765625,39.71615080456373,39.1040728602006,39.42304254705983,28704100,MSFT
2015-06-18,40.276512145996094,40.34547706451684,39.80236394360602,39.84547071733975,32658300,MSFT
2015-06-19,39.742008209228516,40.371331427542835,39.64718188166722,40.33684733283822,63837000,MSFT
2015-06-22,39.85408401489258,40.276505997467176,39.79373848717972,39.94029426061424,20318100,MSFT
2015-06-23,39.57820510864258,39.89717469402234,39.32820040913086,39.76786429980093,25896500,MSFT
2015-06-24,39.34545135498047,39.871322294114165,39.26786378545936,39.3713127819594,34890900,MSFT
2015-06-25,39.35408020019531,39.70753400825218,39.224766467834456,39.681669288629124,20616000,MSFT
2015-06-26,39.01786804199219,39.8971929368157,38.819589382657234,39.35408311330108,49835300,MSFT
2015-06-29,38.250606536865234,38.991998147410946,38.24198715727988,38.828203626614425,34081700,MSFT
2015-06-30,38.06095886230469,38.55234582009481,37.87991896581485,38.54372315005073,35945400,MSFT
2015-07-01,38.31956481933594,38.991988064988384,38.01783399451954,38.32818419669252,28343900,MSFT
2015-07-02,38.27647399902344,38.578201634924206,37.98336574332644,38.34543890640736,21752000,MSFT
2015-07-06,38.267845153808594,38.34543271745825,37.888530002956976,37.89714938176958,23034000,MSFT
2015-07-07,38.19024658203125,38.35404432951343,37.34540629280224,38.22473066450993,36435800,MSFT
2015-07-08,38.13853454589844,38.70750891357045,37.95749470591513,38.31094842994496,39785900,MSFT
2015-07-09,38.379920959472656,38.98337948770593,38.3626789113992,38.57819957944077,32424700,MSFT
2015-07-10,38.45750427246094,38.91440698576148,38.42302018013304,38.80233532998782,25465800,MSFT
2015-07-13,39.25925064086914,39.32821555329358,38.75062166847267,38.77648309955873,28178300,MSFT
2015-07-14,39.328216552734375,39.62132483730282,39.06097298849411,39.181664054742605,22880300,MSFT
2015-07-15,39.44889831542969,39.56096997419463,39.164412767591465,39.3799334175172,26629600,MSFT
2015-07-16,40.22477340698242,40.250634832264225,39.62993760541228,39.664418409593324,26271700,MSFT
2015-07-17,40.19029235839844,40.32822545132251,39.87994207717319,40.12994683578068,29467100,MSFT
2015-07-20,40.448917388916016,40.62995724934762,40.035118101014824,40.21615796144643,30631900,MSFT
2015-07-21,40.75926208496094,40.80236884351139,40.06959669974528,40.32822080812816,42781900,MSFT
2015-07-22,39.25925064086914,40.457545180434174,38.9661423637494,39.17304038960755,59152400,MSFT
2015-07-23,39.75064468383789,39.85409371529855,38.87993907733652,39.02649488644242,33934000,MSFT
2015-07-24,39.60408020019531,39.93167256475071,39.483389141828766,39.578218770140964,32333200,MSFT
2015-07-27,39.09543991088867,39.66441422718154,39.00923297665001,39.60406871549773,39701400,MSFT
2015-07-28,39.08683395385742,39.34545813395903,38.61268907557368,39.29373527108963,34328900,MSFT
2015-07-29,39.90580368041992,40.32822230579638,39.01785638093162,39.13855070533754,40945900,MSFT
2015-07-30,40.4144401550293,40.86272357870804,39.59546088655053,39.8799464833827,39777900,MSFT
2015-07-31,40.25925827026367,40.836852036505725,40.08684109172223,40.767887138239644,31201500,MSFT
2015-08-03,40.354103088378906,40.517897660990045,40.04375270778064,40.50065560778065,24125900,MSFT
2015-08-04,40.98341369628906,41.129966181592486,40.242022023711556,40.302367551611155,33403900,MSFT
2015-08-05,41.01790237426758,41.73342940864369,40.98341827202211,41.36273353096733,26959700,MSFT
2015-08-06,40.19029235839844,41.18168872469194,39.94029088837529,41.12996258162629,27368000,MSFT
2015-08-07,40.29375076293945,40.328231574967965,39.879948132748986,39.99201981544994,19163000,MSFT
2015-08-10,40.80237579345703,40.94030889399457,40.379953823232036,40.47478344646119,23079900,MSFT
2015-08-11,40.00925064086914,40.466153335761646,39.56958999144592,40.362704351529814,29237400,MSFT
2015-08-12,40.29375076293945,40.431683876808,39.40580325936242,39.819602600968054,30181400,MSFT
2015-08-13,40.285118103027344,40.60408773313615,40.0782201278264,40.569606929658676,22627200,MSFT
2015-08-14,40.517887115478516,40.604094070503166,40.10408781190803,40.11270719197668,21473400,MSFT
2015-08-17,40.793766021728516,40.905837729029216,40.147203791939596,40.3541051524497,21099700,MSFT
2015-08-18,41.01936721801758,41.158209875776556,40.524740042859335,40.64622695461468,23574100,MSFT
2015-08-19,40.446632385253906,40.85448405539909,40.17762334384143,40.59415123003956,31485500,MSFT
2015-08-20,39.62227249145508,40.32516551025145,39.62227249145508,39.97805711103252,36238200,MSFT
2015-08-21,37.3747444152832,39.46606387142714,37.3747444152832,39.30986546306202,70053100,MSFT
2015-08-24,36.16854476928711,37.04498836913857,34.46772149396415,35.10119128598944,88753700,MSFT
2015-08-25,35.11855697631836,37.522273703923425,35.04913397712491,36.940867671626066,70616600,MSFT
2015-08-26,37.06235885620117,37.175169587679925,35.63054409163573,36.45492078474712,63408000,MSFT
2015-08-27,38.09498977661133,38.13837748409323,37.25325434832887,37.51358390349018,50943200,MSFT
2015-08-28,38.12102508544922,38.311934987452226,37.65242985886193,37.66110938728217,28246700,MSFT
2015-08-31,37.76524353027344,38.12102808730533,37.40077944413783,37.799955026147394,34441700,MSFT
2015-09-01,36.2900276184082,36.958208825542194,36.151184985125134,36.5937448442557,49688900,MSFT
2015-09-02,37.62639617919922,37.64375192497847,36.34210078396523,36.75862875185706,37671500,MSFT
2015-09-03,37.747894287109375,38.1644223785622,37.5569843371752,37.66979506307003,28285200,MSFT
2015-09-04,36.97556686401367,37.34870708480285,36.619782387246055,37.14912099395952,37138800,MSFT
2015-09-08,38.08632278442383,38.18177775846334,37.48756427945457,37.57433972297905,32469800,MSFT
2015-09-09,37.3747444152832,38.52887673150658,37.23590175343312,38.36399879474886,33469500,MSFT
2015-09-10,37.56565475463867,37.99953849176242,37.09705952408018,37.41813256267609,31366600,MSFT
2015-09-11,37.73052215576172,37.82597708928777,37.26192701496269,37.43548113862191,27132500,MSFT
2015-09-14,37.34870910644531,37.6958140748557,37.19251071206618,37.68713785751014,23656000,MSFT
2015-09-15,38.16441345214844,38.433422563202434,37.38342470469433,37.47887634706487,28882200,MSFT
2015-09-16,38.44208526611328,38.511508229179086,38.042913159292155,38.155723819139546,23372200,MSFT
2015-09-17,38.39871597290039,39.04954166735633,38.25119707108696,38.43342747106967,32768200,MSFT
2015-09-18,37.73052215576172,38.17308533660621,37.60035904571948,37.747877899154595,63143700,MSFT
2015-09-21,38.27722930908203,38.58962617426372,37.83466597998441,37.85202172919125,26177200,MSFT
2015-09-22,38.09498977661133,38.225152899057036,37.583006883677136,37.643750336205784,28085900,MSFT
2015-09-23,38.06894302368164,38.329272500336934,37.75654632758773,38.12101024312026,17145200,MSFT
2015-09-24,38.103668212890625,38.29457810925212,37.548297580133635,37.7044959843803,27905600,MSFT
2015-09-25,38.12969970703125,38.81523677163706,37.97350130470917,38.598294913997506,29384600,MSFT
2015-09-28,37.56565475463867,38.25986807198262,37.496231767769174,38.03424998519717,27613800,MSFT
2015-09-29,37.695831298828125,37.80864203748516,37.35740239312843,37.63508781884466,32763600,MSFT
2015-09-30,38.40740203857422,38.44211354564227,37.88674267363953,38.07765265224229,34958900,MSFT
2015-10-01,38.71109390258789,38.83258077649141,37.96481360830166,38.83258077649141,28657900,MSFT
2015-10-02,39.544166564941406,39.544166564941406,38.1123487986759,38.41606942408367,41839000,MSFT
2015-10-05,40.464012145996094,40.689630310256696,39.656987852999784,39.70037557955705,34369300,MSFT
2015-10-06,40.56813430786133,40.94127463155743,40.1082185503957,40.20367351370455,27017200,MSFT
2015-10-07,40.61151885986328,41.088790328942856,39.873917799492155,40.87184845115483,27711500,MSFT
2015-10-08,41.17557144165039,41.23631490611371,40.351191596443144,40.40325884181337,33772700,MSFT
2015-10-09,40.88053512573242,41.25367548557253,40.715657151220654,41.17557626350667,28600600,MSFT
2015-10-12,40.78506851196289,40.84581196620166,40.351184804388815,40.76771276642753,19769100,MSFT
2015-10-13,40.68962860107422,40.89789431418072,40.4032669696079,40.4032669696079,19987800,MSFT
2015-10-14,40.50739669799805,40.871857544842,40.37723021825601,40.48136472615808,24697800,MSFT
2015-10-15,40.79374694824219,40.81110269472148,40.3772189635498,40.79374694824219,27189400,MSFT
2015-10-16,41.22763442993164,41.25366970715411,40.69829901037498,40.80243018845345,26450300,MSFT
2015-10-19,41.323089599609375,41.548711015244216,40.802430396294405,41.149535428414225,29387600,MSFT
2015-10-20,41.453250885009766,41.48796237697324,40.802425306909846,41.16688604171617,30802200,MSFT
2015-10-21,40.9586296081543,41.644166776928955,40.88053039512591,41.583420002110834,25144300,MSFT
2015-10-22,41.67886734008789,42.477215072825814,40.86316717231366,41.24498363824139,56637100,MSFT
2015-10-23,45.87887191772461,46.92019369597924,45.340856934563476,45.38424465235103,135227100,MSFT
2015-10-26,47.07638931274414,47.13713277606798,45.55779610910724,45.58382807616874,64633300,MSFT
2015-10-27,46.59043502807617,47.18051718206609,46.49498338545537,46.85076792151368,50999900,MSFT
2015-10-28,46.84209060668945,46.84209060668945,45.87019190547342,46.46027408735076,47000800,MSFT
2015-10-29,46.30409240722656,46.71194435074256,46.18260543944008,46.46029088302964,30202100,MSFT
2015-10-30,45.67928695678711,46.85077522917071,45.661931207166155,46.269369202816456,46619800,MSFT
2015-11-02,46.1999397277832,46.30407089317941,45.661921534317685,45.86150764727294,30285000,MSFT
2015-11-03,46.9896240234375,47.19788642541673,45.90491435817137,45.93094633085097,36596900,MSFT
2015-11-04,47.20655822753906,47.623086273572156,46.911517114481796,47.015648298422406,37087800,MSFT
2015-11-05,47.189186096191406,47.46687136381158,46.8594335995414,47.28464102761137,31468500,MSFT
2015-11-06,47.657798767089844,47.709866018899575,46.824742599759915,46.937553323545515,32851200,MSFT
2015-11-09,46.9983024597168,47.614416784166195,46.47764311995391,47.336731361589806,32513100,MSFT
2015-11-10,46.43424987792969,46.97226825510851,46.2259874760234,46.92020099949634,55283700,MSFT
2015-11-11,46.555721282958984,47.03299268012902,46.39084336210889,46.59910898992538,36516300,MSFT
2015-11-12,46.26936721801758,46.842093689857954,46.15655650545596,46.408209898758564,35361100,MSFT
2015-11-13,45.85283279418945,46.24332881388543,45.583823689449964,46.05241891308514,36848200,MSFT
2015-11-16,46.65987014770508,46.76400134599295,45.86152213344175,46.061111619710914,32165200,MSFT
2015-11-17,46.275474548339844,46.76469773453281,46.17063815194163,46.450195210504184,31551300,MSFT
2015-11-18,47.04424285888672,47.15781392654918,46.28419750701492,46.30167023531547,29710000,MSFT
2015-11-19,47.12287521362305,47.75188019212984,46.983096699797386,47.16655870691696,28149200,MSFT
2015-11-20,47.34128189086914,47.43738024914174,46.537556226376196,47.39370008608587,37147600,MSFT
2015-11-23,47.34128189086914,47.5771587704702,46.95689179036158,47.39370008608587,28235900,MSFT
2015-11-24,47.393699645996094,47.55968559710019,46.80837813480049,47.10540457385537,24600000,MSFT
2015-11-25,46.904476165771484,47.37622995082834,46.904476165771484,47.253924154535746,21005100,MSFT
2015-11-27,47.114158630371094,47.24520249547521,46.991852800318675,47.00058750278645,9009100,MSFT
2015-11-30,47.48106002807617,48.01396667776185,47.17529555657593,47.64704931196156,56241400,MSFT
2015-12-01,48.24110794067383,48.24984264001549,47.43737896534929,47.53347732102118,39952800,MSFT
2015-12-02,48.232364654541016,48.88757700901974,48.10132418319469,48.3284629997444,47274900,MSFT
2015-12-03,47.35002136230469,48.721599185963505,47.1141444755338,48.476987599349066,38627800,MSFT
2015-12-04,48.84390640258789,49.1234634618887,47.26265907819403,47.2801318109732,43963700,MSFT
2015-12-07,48.75654983520508,48.89632837564616,48.30226874562572,48.73907710107703,30709800,MSFT
2015-12-08,48.739070892333984,49.009889905361575,48.04017827915865,48.45951384706385,32878000,MSFT
2015-12-09,48.031436920166016,48.80895510675759,47.62083608035952,48.37214683720433,36373200,MSFT
2015-12-10,48.284786224365234,48.6254961393434,48.05764405932472,48.389619275300994,31775800,MSFT
2015-12-11,47.22770309448242,48.136261604460415,47.18401960905427,47.79555174664591,39549500,MSFT
2015-12-14,48.171226501464844,48.23237940664685,46.89574686112109,47.463599075049274,46768900,MSFT
2015-12-15,48.223636627197266,48.83516890915725,48.12753826870005,48.62549946038306,39843000,MSFT
2015-12-16,49.03609848022461,49.140931534374786,47.83924139272784,48.52066457616075,37503300,MSFT
2015-12-17,48.66045379638672,49.61269619022073,48.51193721547066,49.23704071991847,41280900,MSFT
2015-12-18,47.28886795043945,48.922530075184,47.20150429004118,48.721598655142294,84684200,MSFT
2015-12-21,47.9004020690918,48.35467979015055,47.376230084466826,47.94408223466479,37246300,MSFT
2015-12-22,48.35467529296875,48.46824637896237,47.6121025495411,48.04017613054309,28322200,MSFT
2015-12-23,48.765281677246094,48.81769987655736,48.433306413440924,48.660448611206654,27279800,MSFT
2015-12-24,48.63422393798828,48.88757349667115,48.42455786586476,48.80021318871671,9558500,MSFT
2015-12-28,48.87885284423828,48.87885284423828,48.03144361673234,48.3546808481445,22458300,MSFT
2015-12-29,49.40299987792969,49.66508409493827,48.97492976775138,49.175861111877346,27731400,MSFT
2015-12-30,49.1933479309082,49.60394543324173,49.175875200424265,49.333126442197134,21704500,MSFT
2015-12-31,48.46824264526367,49.08850955564708,48.41582445593936,48.95746908120996,27334100,MSFT
2016-01-04,47.87419128417969,47.87419128417969,46.64239195305816,47.45485569620034,53778000,MSFT
2016-01-05,48.09259796142578,48.389627768362175,47.64705491731278,47.98776489209034,34079700,MSFT
2016-01-06,47.21897506713867,47.524742866998764,46.86079240579261,47.4548519415738,39518900,MSFT
2016-01-07,45.57658004760742,46.72975711730953,45.48921971369176,46.039599148593176,56564900,MSFT
2016-01-08,45.71635055541992,46.54628351916474,45.559099327375534,45.75129268075467,48754000,MSFT
2016-01-11,45.69014358520508,46.1706320073778,44.95630557099458,45.873602255612056,36943800,MSFT
2016-01-12,46.10948944091797,46.38904652486739,45.48048766832343,46.092016706598216,36095500,MSFT
2016-01-13,45.113548278808594,47.23643629935033,44.81651858322632,47.000559482336584,66883600,MSFT
2016-01-14,46.39777755737305,46.668596567007135,45.052407211004386,45.428062610738266,52381900,MSFT
2016-01-15,44.54570770263672,45.40185149004932,43.97785563311429,44.825264721686445,71820700,MSFT
2016-01-19,44.17005920410156,45.148508922973875,43.73325087731782,44.97378492574377,43564500,MSFT
2016-01-20,44.37098693847656,44.88642085444984,42.89457278407742,43.66335630830156,63273000,MSFT
2016-01-21,44.10015869140625,45.06113880110715,43.942907461320324,44.554439652478656,40191200,MSFT
2016-01-22,45.68140411376953,45.716349570934035,44.78157692098581,44.912620719061586,37555800,MSFT
2016-01-25,45.24460220336914,45.99591297421613,45.122296418828036,45.375642687127744,34707700,MSFT
2016-01-26,45.57658004760742,45.81245694827946,45.03493864564744,45.2446081126614,28900800,MSFT
2016-01-27,44.74665069580078,45.60279470504318,44.57192668047748,45.43680539082352,36775200,MSFT
2016-01-28,45.48048400878906,45.61152450676822,44.77285332240265,45.30576001223381,62513800,MSFT
2016-01-29,48.12753677368164,48.12753677368164,47.17529458305373,47.81303427658138,83611700,MSFT
2016-02-01,47.79555892944336,48.12753413961126,47.61210026037,47.944075470537896,44208500,MSFT
2016-02-02,46.30168914794922,47.40244481984673,45.99592460925089,47.32381917666951,56313800,MSFT
2016-02-03,45.567848205566406,46.642396376530826,44.78159182067374,46.52009056834382,57559800,MSFT
2016-02-04,45.42805862426758,46.13568919872146,44.877679288581234,45.51541894243509,46987100,MSFT
2016-02-05,43.82059860229492,45.42805291569192,43.29643009399285,45.375634731828875,62009000,MSFT
2016-02-08,43.16539764404297,43.305176171828,42.099584286817745,43.287703439282,59290500,MSFT
2016-02-09,43.051822662353516,43.89049708593674,42.518916031848164,42.82468382492604,46740500,MSFT
2016-02-10,43.42748260498047,44.02154218993884,43.26149664222973,43.584733867621395,38237000,MSFT
2016-02-11,43.41001510620117,43.7769358741313,42.37914707463175,42.52766365506977,48878600,MSFT
2016-02-12,44.11764144897461,44.274892714805326,43.46242895220766,43.899237283385624,34243300,MSFT
2016-02-16,44.953521728515625,44.953521728515625,44.10882923342252,44.7863440544377,37291200,MSFT
2016-02-17,46.123775482177734,46.431738617462045,45.27028551392714,45.30548187621847,40789000,MSFT
2016-02-18,45.92141342163086,46.5901310536965,45.84222326405758,46.04460072180875,27176000,MSFT
2016-02-19,45.59585189819336,46.00060006979581,45.34068325920076,45.727836602916554,33559100,MSFT
2016-02-22,46.32615661621094,46.63411641977522,46.00059527357428,46.00059527357428,25008300,MSFT
2016-02-23,45.0327262878418,46.07979315224105,44.85674778918788,46.0533975522217,28895300,MSFT
2016-02-24,45.19110107421875,45.3142850012582,44.17042993466441,44.601573679302476,33014500,MSFT
2016-02-25,45.842227935791016,45.842227935791016,44.531194851429355,45.51666985770612,26939500,MSFT
2016-02-26,45.1383171081543,46.35256519292184,44.96233858975869,46.28217244295917,35975900,MSFT
2016-02-29,44.76875686645508,45.44627185381783,44.575180196777026,45.182302447343965,31654000,MSFT
2016-03-01,46.26457214355469,46.273369558004646,44.803952963072554,44.847950104854334,33024500,MSFT
2016-03-02,46.59012222290039,46.598919635847395,45.89500912223385,46.11498136751997,29289900,MSFT
2016-03-03,46.062198638916016,46.60773236388552,45.560662059500565,46.60773236388552,24427800,MSFT
2016-03-04,45.78062438964844,46.15017952144097,45.49906017328757,46.10618574198025,33034200,MSFT
2016-03-07,44.90073013305664,45.578244998497,44.504782807619534,45.36707353913185,38407800,MSFT
2016-03-08,45.44628143310547,45.86862787337235,44.52239502872858,44.6983735513009,33835100,MSFT
2016-03-09,46.49333953857422,46.502136952588536,45.63104863521945,45.657444233772914,28251600,MSFT
2016-03-10,45.7982177734375,46.5813183779102,45.0151171689648,46.572520965544044,38387800,MSFT
2016-03-11,46.69571304321289,46.69571304321289,46.088590788487195,46.63412107634987,32275700,MSFT
2016-03-14,46.78369903564453,47.15325418091036,46.308561501031825,46.3789508794332,24083600,MSFT
2016-03-15,47.15325164794922,47.15325164794922,46.40534734049478,46.41414475363099,21104800,MSFT
2016-03-16,47.821983337402344,48.04195566803715,46.98609116619919,47.030084961023874,31691700,MSFT
2016-03-17,48.09473419189453,48.39389659602126,47.514007567002686,47.69878345753412,28223900,MSFT
2016-03-18,47.06527328491211,48.36750885662904,47.03007691247119,48.32351171282247,67625500,MSFT
2016-03-21,47.39082336425781,47.452415327409945,46.57252630351065,46.8540905226376,23925700,MSFT
2016-03-22,47.57560348510742,47.733983792016524,47.03887059574997,47.17085530367774,23124100,MSFT
2016-03-23,47.48761749267578,47.72518796091972,47.28524339524812,47.61080143402212,20129000,MSFT
2016-03-24,47.69877624511719,47.804365329320945,47.27642997783147,47.37321829343003,19950000,MSFT
2016-03-28,47.10926055908203,47.76917734681344,46.92448466407972,47.69878461166379,17025100,MSFT
2016-03-29,48.13874053955078,48.27072527096473,47.030081550416,47.214857489186606,23924300,MSFT
2016-03-30,48.43788528442383,48.95701989123424,48.305903957850965,48.33229955186356,23008300,MSFT
2016-03-31,48.59627151489258,48.913032107888654,48.270713508317876,48.349903656566894,26360500,MSFT
2016-04-01,48.89543151855469,48.93062788415821,48.0155425175276,48.437888835239384,24399200,MSFT
2016-04-04,48.77225875854492,48.974632872319724,48.39390613298435,48.77225875854492,18928800,MSFT
2016-04-05,48.00674819946289,48.65786422255586,47.91875727978115,48.56107588916114,19272300,MSFT
2016-04-06,48.499488830566406,48.569881573433776,47.698789841259085,47.83077455588003,21188700,MSFT
2016-04-07,47.91875457763672,48.31470530260089,47.71638050854619,48.27950893671292,19225100,MSFT
2016-04-08,47.883567810058594,48.64027304578129,47.79558023421166,48.10354010618678,22167200,MSFT
2016-04-11,47.786781311035156,48.52588833695938,47.777980539821705,47.945161627769686,21414200,MSFT
2016-04-12,48.0859489440918,48.20033213011547,47.302844690673254,47.8395776712083,24944300,MSFT
2016-04-13,48.70185470581055,48.781044849905776,48.29710657221724,48.49948063901389,20818000,MSFT
2016-04-14,48.710655212402344,48.904231865036515,48.45548659875005,48.5874712903661,20877100,MSFT
2016-04-15,48.965824127197266,49.20339120315099,48.490683262269506,48.65786096370254,28793800,MSFT
2016-04-18,49.67853546142578,49.79292197890913,48.5786741377677,48.825045356694176,23786000,MSFT
2016-04-19,49.616947174072266,49.951305981074235,48.9922267014846,49.8281220407342,29596800,MSFT
2016-04-20,48.91303253173828,49.71373143474545,48.82504496914819,49.52895553940003,36195700,MSFT
2016-04-21,49.080204010009766,49.47615470439963,48.763443454497875,49.097802191594866,38909100,MSFT
2016-04-22,45.56064987182617,46.13257904592577,44.67196348744362,45.6750363779481,126834100,MSFT
2016-04-25,45.851016998291016,45.86861518132987,45.428670674889176,45.560652012915256,33226900,MSFT
2016-04-26,45.261497497558594,46.062196504479566,44.95353763201622,45.98300634526713,33532600,MSFT
2016-04-27,44.82154846191406,45.3142875543439,44.47839225825294,45.29668936998814,43369300,MSFT
2016-04-28,43.906463623046875,44.67196613380487,43.607301220743366,44.539981437652344,43134800,MSFT
2016-04-29,43.880062103271484,44.214420852526345,43.422519434951695,43.422519434951695,48411700,MSFT
2016-05-02,44.531185150146484,44.65436907953112,43.80087563092278,43.99445229510455,33114500,MSFT
2016-05-03,43.80088424682617,44.35521539460773,43.642503918888586,44.29362341779989,26460200,MSFT
2016-05-04,43.880062103271484,44.04724315615394,43.51930775893416,43.853666508189015,24257600,MSFT
2016-05-05,43.941654205322266,44.25841477337949,43.75687832612557,43.88006224559003,25390700,MSFT
2016-05-06,44.337615966796875,44.337615966796875,43.69529725769483,43.92406697136383,24787300,MSFT
2016-05-09,44.05604934692383,44.51359210640636,43.99445737511952,44.42560453426041,17951600,MSFT
2016-05-10,44.891944885253906,44.96233427194589,44.16163527882392,44.2848225794287,22891000,MSFT
2016-05-11,44.918338775634766,45.560657428607925,44.874344991063296,44.9887315161576,24039100,MSFT
2016-05-12,45.32307052612305,45.58703985083544,44.803936000836416,45.05030714680069,24102800,MSFT
2016-05-13,44.944740295410156,45.6662491443739,44.909543923140994,45.26149757630018,22592300,MSFT
2016-05-16,45.60464859008789,45.719031743673874,44.65436685669251,44.69836063549559,20032000,MSFT
2016-05-17,44.75404357910156,45.83501743798661,44.62113911808267,45.82615849258007,27803500,MSFT
2016-05-18,45.019859313964844,45.31225183253911,44.567975358004425,44.72746341540377,24907500,MSFT
2016-05-19,44.5857048034668,44.85151715453926,44.14268309168355,44.71861266899674,23842400,MSFT
2016-05-20,44.851505279541016,45.383133220918204,44.656578076357256,44.727459773882295,23905800,MSFT
2016-05-23,44.3287467956543,44.90467631315408,44.284445305074414,44.8337912242366,26118700,MSFT
2016-05-24,45.710968017578125,45.817292253308,44.656577844956125,44.92239012427407,34757900,MSFT
2016-05-25,46.180564880371094,46.508403257090514,45.88817241841606,46.003355586466085,24040200,MSFT
2016-05-26,45.97677993774414,46.05652395891525,45.50717813528456,46.01222247603941,24335200,MSFT
2016-05-27,46.357784271240234,46.357784271240234,45.87046114184958,46.003365606236,17721400,MSFT
2016-05-31,46.960296630859375,46.960296630859375,46.145138387208064,46.30462307749834,37653100,MSFT
2016-06-01,46.82738494873047,46.91599130274095,46.46410734725449,46.46410734725449,25324800,MSFT
2016-06-02,46.49955749511719,46.72993067324139,45.93249025663814,46.64132430473695,22840800,MSFT
2016-06-03,45.88817596435547,46.44638072030937,45.71982560114292,46.41094156277878,23368300,MSFT
2016-06-06,46.18943786621094,46.38436509251499,45.976785988440135,46.06539234583919,18243300,MSFT
2016-06-07,46.16285705566406,46.72106531102064,46.16285705566406,46.286905963511074,20866800,MSFT
2016-06-08,46.10969543457031,46.46411073650409,45.9590663117585,46.091974162475566,21149400,MSFT
2016-06-09,45.73756790161133,46.07426540287513,45.62238467169548,46.07426540287513,20305700,MSFT
2016-06-10,45.61350631713867,46.11855070159521,45.223648502115644,45.23250744746279,25833200,MSFT
2016-06-13,44.426212310791016,44.94011906788609,43.46928726583711,43.93003020599532,83217800,MSFT
2016-06-14,44.15155029296875,44.39077906935322,43.92117708461569,44.21357306906662,42577100,MSFT
2016-06-15,44.027488708496094,44.408487583601726,44.027488708496094,44.107232737703946,33757600,MSFT
2016-06-16,44.64772415161133,44.71860924245908,43.86800505222187,43.87686737857142,31188600,MSFT
2016-06-17,44.41735076904297,44.68316307822001,44.142676134234115,44.66544180694329,45710500,MSFT
2016-06-20,44.36419677734375,45.03759171499971,44.3287542269434,44.8692412905919,35607900,MSFT
2016-06-21,45.3565673828125,45.56921931860856,44.443943622494245,44.4793861751249,34097800,MSFT
2016-06-22,45.17934799194336,45.595786031995765,45.14390544981516,45.25909202173839,28816800,MSFT
2016-06-23,45.994503021240234,46.12741085509707,45.32111166699928,45.43629485102281,29028800,MSFT
2016-06-24,44.15155029296875,45.13505576251546,43.87687558454404,44.13382901694253,133503000,MSFT
2016-06-27,42.911075592041016,43.549027824402486,42.5655192595075,43.50472295716541,50216300,MSFT
2016-06-28,43.80598831176758,43.83257191448475,43.12373442847906,43.34524529785893,38140700,MSFT
2016-06-29,44.78062438964844,44.94011243693936,44.12495093078726,44.22241622413022,31304000,MSFT
2016-06-30,45.338836669921875,45.45402325200327,44.74518924686229,44.94011986577124,28527800,MSFT
2016-07-01,45.32997512817383,45.826160593356335,45.25023109591213,45.303394910748914,21400400,MSFT
2016-07-05,45.338836669921875,45.43630197937635,44.95784113839816,45.037585175225715,24806400,MSFT
2016-07-06,45.524906158447266,45.66667295267418,44.64772179542718,44.993278145106096,28167500,MSFT
2016-07-07,45.524906158447266,45.72869571389927,45.250231515888316,45.56034532201375,19585200,MSFT
2016-07-08,46.340065002441406,46.393228818485426,45.67553251183282,45.835020579977844,28391000,MSFT
2016-07-11,46.59701156616211,46.80966341927045,46.49068732960121,46.5172675437448,22269200,MSFT
2016-07-12,47.1463737487793,47.31472417670354,46.77423710176558,46.90714159856146,27317600,MSFT
2016-07-13,47.41218566894531,47.72230291847873,47.11979307480042,47.456490547441284,25356800,MSFT
2016-07-14,47.615970611572266,47.83748144672475,47.47420381227416,47.704573593638415,24545500,MSFT
2016-07-15,47.58053207397461,47.846344422546835,47.146369313316306,47.80204292778269,32024400,MSFT
2016-07-18,47.810890197753906,48.14758755970614,47.447612621432434,47.58052045325179,31433900,MSFT
2016-07-19,47.04003143310547,47.75772760848607,46.89826466290532,47.58937724513274,53336500,MSFT
2016-07-20,49.5386848449707,50.36270545218882,49.201987416863226,49.7513367416668,89893300,MSFT
2016-07-21,49.44120407104492,49.822202872648624,49.405761536015234,49.60069209869234,32776700,MSFT
2016-07-22,50.123470306396484,50.17663412235405,49.423495272896815,49.68931097269762,32157200,MSFT
2016-07-25,50.26523208618164,50.274094411283684,49.84879068603951,50.034862333328846,25610600,MSFT
2016-07-26,50.29181671142578,50.76142196339813,50.07030588426484,50.07916821014399,28079000,MSFT
2016-07-27,49.78678512573242,50.327272224084176,49.71590340036825,50.158925168854886,32327500,MSFT
2016-07-28,49.804500579833984,49.946267393977394,49.3703411902643,49.6184322700184,37550400,MSFT
2016-07-29,50.220943450927734,50.291825169947515,49.66273512620142,49.848803441114335,30558700,MSFT
2016-08-01,50.1323356628418,50.28296141384623,49.74247441556024,50.15005355591166,26003400,MSFT
2016-08-02,50.1323356628418,50.41586927178081,49.893103546551906,50.37156439914446,35122000,MSFT
2016-08-03,50.47789764404297,50.60194318923306,50.052597183396536,50.220944226156284,22075600,MSFT
2016-08-04,50.85002517700195,50.965211754053726,50.21207291023769,50.32725948728946,26587700,MSFT
2016-08-05,51.35507583618164,51.57658669128593,50.90319517896335,51.08040453904427,29335200,MSFT
2016-08-08,51.44367599487305,51.470256212680276,51.19558156871989,51.44367599487305,19473500,MSFT
2016-08-09,51.567726135253906,51.833538477087664,51.40823805415619,51.541142535079416,16920700,MSFT
2016-08-10,51.40821838378906,51.674030623914874,51.231009097043184,51.53226387051537,15756900,MSFT
2016-08-11,51.65631866455078,51.7892264985537,51.4170865913375,51.4170865913375,18162300,MSFT
2016-08-12,51.33734130859375,51.558852106511374,51.05380775765811,51.41708533104355,21655200,MSFT
2016-08-15,51.49684524536133,51.83354270849681,51.35507842614443,51.399379923402044,19283900,MSFT
2016-08-16,51.211544036865234,51.37202617084064,51.05997946647401,51.36311200831045,20523500,MSFT
2016-08-17,51.31852722167969,51.42551416236031,51.024308883491074,51.30069549805733,18856400,MSFT
2016-08-18,51.354183197021484,51.44334180806566,51.059968283208825,51.19370109819521,14214300,MSFT
2016-08-19,51.37202453613281,51.47009732611413,50.99756850280842,51.20262824501757,17271000,MSFT
2016-08-22,51.41659927368164,51.48792617188006,51.05105742304897,51.35418993828487,15221900,MSFT
2016-08-23,51.61273193359375,51.87128677331423,51.57706849341447,51.62164949416499,18732400,MSFT
2016-08-24,51.66624069213867,51.74648175313464,51.46118095871649,51.53250445679415,18151500,MSFT
2016-08-25,51.86238479614258,51.96937514882843,51.51467465254821,51.60383327978643,18552600,MSFT
2016-08-26,51.7375602722168,52.33491110351786,51.434427775971514,51.96045171354264,20971200,MSFT
2016-08-29,51.79998016357422,52.24576313710258,51.79998016357422,51.87130707184476,16417200,MSFT
2016-08-30,51.61273193359375,51.88020093283263,51.36309465444451,51.692972973470695,16930200,MSFT
2016-08-31,51.2293701171875,51.532502625616864,51.08671972504742,51.398769796078206,20860300,MSFT
2016-09-01,51.34527587890625,51.55033561005501,50.8281660690978,50.8281660690978,26075400,MSFT
2016-09-02,51.41659927368164,51.8802139088103,51.19370781839211,51.41659927368164,18900500,MSFT
2016-09-06,51.36310577392578,51.53250204987029,51.0064780970332,51.5146703259203,16278400,MSFT
2016-09-07,51.40769577026367,51.568177923429104,51.18480426876218,51.23829945350212,17493400,MSFT
2016-09-08,51.20261001586914,51.52357415933693,50.9797186274668,51.38092380680155,20146100,MSFT
2016-09-09,50.11491394042969,51.28286638934654,50.11491394042969,50.6320237486849,35113900,MSFT
2016-09-12,50.863834381103516,51.00648479036916,49.57998069771272,49.92769085773185,29303000,MSFT
2016-09-13,50.400211334228516,50.50720167420774,49.972260177472016,50.373465449760445,30130200,MSFT
2016-09-14,50.15948486328125,50.489366621550886,49.954425160089805,50.2753893567558,24062500,MSFT
2016-09-15,50.988651275634766,51.1313016798969,49.90985738083653,50.06142534845787,26847000,MSFT
2016-09-16,51.04213333129883,51.380929229722824,50.59635050744469,51.380929229722824,44607000,MSFT
2016-09-19,50.75682830810547,51.48791180537901,50.68550142980914,51.05996073875933,20937100,MSFT
2016-09-20,50.649845123291016,51.13128798305001,50.59634996062757,51.13128798305001,17384000,MSFT
2016-09-21,51.4968376159668,51.57707867167858,50.89057601854316,51.27394617244,33707300,MSFT
2016-09-22,51.55033874511719,51.71082087508971,51.38094245283682,51.639493972411294,19822200,MSFT
2016-09-23,51.20261001586914,51.630561073475306,51.15803241839921,51.59489763507829,19955300,MSFT
2016-09-26,50.7300910949707,50.94406496430512,50.66768176632706,50.890573197498185,21688700,MSFT
2016-09-27,51.66624069213867,51.76431347791749,50.53395167633063,50.756843134535664,28065100,MSFT
2016-09-28,51.7375602722168,51.76430955789227,51.41659605253903,51.60382744805339,20536400,MSFT
2016-09-29,51.175872802734375,51.86237540232634,51.00647314219201,51.541414605565905,25463500,MSFT
2016-09-30,51.354183197021484,51.50575113526996,51.122377610413125,51.32743731423486,29910800,MSFT
2016-10-03,51.19370651245117,51.30961101854006,50.87274568190701,51.184792350930614,19189500,MSFT
2016-10-04,51.033233642578125,51.35419450988216,50.792510441309595,51.05997953125662,20085900,MSFT
2016-10-05,51.38984680175781,51.67514755588272,51.05105088083951,51.07780016476284,16726400,MSFT
2016-10-06,51.4790153503418,51.58600230352757,51.068892461197485,51.4790153503418,16212600,MSFT
2016-10-07,51.53249740600586,51.69297950604028,51.19370148359395,51.577075011336916,20089000,MSFT
2016-10-10,51.74647903442383,52.05852569909475,51.59491108225969,51.63057452995167,18196500,MSFT
2016-10-11,50.988651275634766,51.728652585969144,50.72118219277501,51.61274806967681,26497400,MSFT
2016-10-12,50.91731262207031,51.059962983882585,50.284301854094146,50.91731262207031,22177500,MSFT
2016-10-13,50.747920989990234,51.08671692816974,50.21298289901496,50.55177883719447,25313700,MSFT
2016-10-14,51.19370651245117,51.479010696913114,50.92623745313756,50.92623745313756,27402500,MSFT
2016-10-17,51.01538848876953,51.22936234398587,50.703338465087135,51.14020713782124,23830000,MSFT
2016-10-18,51.40769577026367,51.66625072825847,51.18480426876218,51.29179123718766,19149500,MSFT
2016-10-19,51.29176712036133,51.56815367664885,51.17586604283514,51.23827536182703,22878400,MSFT
2016-10-20,51.04213333129883,51.28285646430643,50.516109463108826,51.2650247432259,49455600,MSFT
2016-10-21,53.1908073425293,53.89514503286973,53.039242812256425,53.74357710154376,80032200,MSFT
2016-10-24,54.38550567626953,54.38550567626953,53.431530684852,53.440444845056874,54067000,MSFT
2016-10-25,54.376590728759766,54.715383228489394,54.20719107784189,54.25176868032705,35137200,MSFT
2016-10-26,54.05562973022461,54.56382191077799,53.91297935324565,54.2161118294576,29911600,MSFT
2016-10-27,53.583106994628906,54.23395306740966,53.574192832464476,54.0378074892536,28479900,MSFT
2016-10-28,53.378028869628906,53.95754784127848,53.11947744326547,53.50284750326354,33574700,MSFT
2016-10-31,53.422630310058594,53.8684132868824,53.422630310058594,53.63660763539787,26434700,MSFT
2016-11-01,53.31563186645508,53.51177742235517,52.82527137775831,53.46719981448337,24533000,MSFT
2016-11-02,52.985755920410156,53.43153882170854,52.86985141377756,53.33346603925432,22147000,MSFT
2016-11-03,52.78960037231445,53.17297386701453,52.70044516933661,53.074901103107116,21600400,MSFT
2016-11-04,52.34382629394531,52.85201851807655,52.17443001958609,52.290334523649534,28697000,MSFT
2016-11-07,53.86840057373047,53.95755918868598,53.29779904222885,53.29779904222885,31664800,MSFT
2016-11-08,53.91297912597656,54.18936231711575,53.62767837322132,53.984302613638754,22935400,MSFT
2016-11-09,53.645503997802734,54.0199633426297,52.78068762244505,53.493939468480846,49632500,MSFT
2016-11-10,52.334903717041016,53.930807027943246,51.380928754893425,53.92188946695887,57822400,MSFT
2016-11-11,52.620208740234375,52.709363951029786,51.71972546635567,51.915871011369504,38767800,MSFT
2016-11-14,51.817806243896484,52.67371204460144,51.06889079393828,52.62021686922806,41328400,MSFT
2016-11-15,52.841041564941406,53.39754897953174,52.347368504409694,52.35634630814473,35904100,MSFT
2016-11-16,53.541175842285156,53.55015022414003,52.78720107737686,52.90388516163871,27332500,MSFT
2016-11-17,54.42978286743164,54.708036620839756,53.82840003061889,54.22333785968863,32132700,MSFT
2016-11-18,54.16948318481445,54.87857916479194,54.124604429227304,54.555446646117154,27686300,MSFT
2016-11-21,54.62724685668945,54.72598215796776,54.232305651576205,54.304114388516446,19652600,MSFT
2016-11-22,54.860633850097656,54.986295751095064,54.582383476183395,54.73497194910025,23206700,MSFT
2016-11-23,54.2143669128418,54.84267635706609,54.07972721820535,54.761893225090155,21848900,MSFT
2016-11-25,54.3310546875,54.3310546875,53.97202118412386,54.12460965265199,8409600,MSFT
2016-11-28,54.402854919433594,54.77086617155592,54.04381804827696,54.16050554500727,20732600,MSFT
2016-11-29,54.83370590209961,55.12093407546555,54.32208050428966,54.43876801972892,22366700,MSFT
2016-11-30,54.08869171142578,54.914475067768194,54.05279076691188,54.627246967482755,34655400,MSFT
2016-12-01,53.13725662231445,53.98996665071213,52.90388162134862,53.95406227763592,34542100,MSFT
2016-12-02,53.18212890625,53.3795995101144,52.778213318358745,53.029540475285,25515700,MSFT
2016-12-05,54.052799224853516,54.38490612576972,53.46039074731373,53.586052632847995,23552700,MSFT
2016-12-06,53.810447692871094,54.26821646109569,53.675808007142386,54.24128989356173,19907000,MSFT
2016-12-07,55.085025787353516,55.0940035931507,53.6758115918063,53.864304425191165,30809000,MSFT
2016-12-08,54.76187515258789,55.27350376894102,54.609286744784804,55.02217665016455,21220800,MSFT
2016-12-09,55.62358093261719,55.64153312011425,54.869606177889025,54.914484934616844,27349400,MSFT
2016-12-12,55.80308532714844,55.91977281163157,55.399173169527394,55.48893066588118,20198100,MSFT
2016-12-13,56.5301399230957,56.92507774644624,55.86592615545937,56.09929772743255,35718900,MSFT
2016-12-14,56.2608528137207,56.95199643544724,56.12621315628264,56.54808088716177,30352700,MSFT
2016-12-15,56.171104431152344,56.68272973391492,55.9197772581251,56.27881412014728,27669900,MSFT
2016-12-16,55.91978454589844,56.5032186667135,55.758218279335175,56.5032186667135,42453100,MSFT
2016-12-19,57.104583740234375,57.23922339505245,56.02747677377579,56.15314204948603,34338200,MSFT
2016-12-20,57.03279495239258,57.26616654109751,56.575022732659946,57.167431222173626,26028400,MSFT
2016-12-21,57.03279495239258,57.17640902791015,56.65580586414043,56.93405963346869,17096300,MSFT
2016-12-22,57.0417594909668,57.5354325763683,56.91609762457686,57.30206102793399,22176600,MSFT
2016-12-23,56.76350402832031,57.032779920942204,56.3685628567147,56.95199681075276,12403800,MSFT
2016-12-27,56.799415588378906,57.508511529937586,56.73658464915516,56.73658464915516,11763200,MSFT
2016-12-28,56.53913497924805,56.9071463476654,56.39552087020787,56.9071463476654,14653300,MSFT
2016-12-29,56.45832824707031,56.72760416104412,56.30573639393344,56.4224238787994,10250600,MSFT
2016-12-30,55.77615737915039,56.539109775343505,55.677422081193605,56.51217978788234,25579900,MSFT
2017-01-03,56.171104431152344,56.40447599464626,55.76718881738471,56.35959724290081,20694100,MSFT
2017-01-04,55.91978454589844,56.323700212306576,55.758218279335175,56.08135081246169,21340000,MSFT
2017-01-05,55.91978454589844,56.24291707902495,55.67743514605355,55.82104922477314,24876000,MSFT
2017-01-06,56.40447998046875,56.682733739400206,55.68640962971122,55.919781209696346,19922900,MSFT
2017-01-09,56.22495651245117,56.61989773809759,56.135199010638374,56.33266619943237,20382700,MSFT
2017-01-10,56.207000732421875,56.61091631280444,55.90182045213604,56.30573603251861,18593000,MSFT
2017-01-11,56.7186393737793,56.754543750290196,56.03647334022127,56.198039610490504,21517300,MSFT
2017-01-12,56.19802474975586,56.90712059020208,55.60561639009888,56.601940318619455,20968200,MSFT
2017-01-13,56.278812408447266,56.43140084454674,55.96465430772554,56.20700366861515,19422300,MSFT
2017-01-17,56.12621307373047,56.278804913537755,55.67741878163532,56.2608527309705,20664000,MSFT
2017-01-18,56.09930419921875,56.27882265746221,55.758219470959155,56.25189266310632,19670100,MSFT
2017-01-19,55.91978454589844,56.530145236464136,55.830027030709836,55.865931406397166,18451700,MSFT
2017-01-20,56.31471633911133,56.38652165435419,55.98260605602202,56.251881980233755,30213500,MSFT
2017-01-23,56.512184143066406,56.65579819915437,56.162125095353815,56.2788125859344,23097600,MSFT
2017-01-24,57.01484298706055,57.2123136256776,56.49423982126273,56.72761483490646,24672900,MSFT
2017-01-25,57.1584587097168,57.535444386267834,56.95201368341078,57.40080811208379,23672700,MSFT
2017-01-26,57.688026428222656,57.9303792276473,57.041764851197996,57.55339359305203,43554600,MSFT
2017-01-27,59.04338073730469,59.16007164542345,58.244527380750355,58.693321709064385,44818000,MSFT
2017-01-30,58.45994567871094,59.05235746838961,58.16374663192947,58.96259997396923,31651400,MSFT
2017-01-31,58.02912521362305,58.47791967490697,57.67906608166639,58.2176180655951,25270500,MSFT
2017-02-01,57.068695068359375,58.00218820157371,56.9699597568039,57.76881320625543,39671500,MSFT
2017-02-02,56.70068359375,56.91610641513936,56.32369793635561,56.77249234222298,45827000,MSFT
2017-02-03,57.1584587097168,57.17641089774728,56.61092895889096,56.99689244147213,30301800,MSFT
2017-02-06,57.12253952026367,57.13151732396562,56.67374520797495,56.99687766066745,19796400,MSFT
2017-02-07,56.9340705871582,57.248225367784656,56.75455210221582,57.21232441002042,20277200,MSFT
2017-02-08,56.85325622558594,57.27512391997496,56.74554656336923,57.059701171513126,18096400,MSFT
2017-02-09,57.499534606933594,57.84062272343087,56.835320832370854,57.01483927177654,22644400,MSFT
2017-02-10,57.445674896240234,57.7149542365396,57.427722711951674,57.67007206380367,18170700,MSFT
2017-02-13,58.09193801879883,58.21759988086204,57.56235715891141,57.66109245739791,22920100,MSFT
2017-02-14,58.30866241455078,58.4441183286824,57.811993025926185,58.16418115849798,23108400,MSFT
2017-02-15,58.272560119628906,58.30868216827297,57.93844322642985,58.24547030553993,17005200,MSFT
2017-02-16,58.263519287109375,58.91370228760225,58.191282090057626,58.46218708054612,20546300,MSFT
2017-02-17,58.35382080078125,58.417032646560656,58.06485137870761,58.21836487708981,21248800,MSFT
2017-02-21,58.23643112182617,58.65182429730098,58.20030907749243,58.344797254827405,20655900,MSFT
2017-02-22,58.119041442871094,58.14613125456557,57.839104202593916,58.09195163117662,19292700,MSFT
2017-02-23,58.35382080078125,58.45315468551667,57.965517493972186,58.17321060600118,20273100,MSFT
2017-02-24,58.35382080078125,58.51636653129608,57.920363222883545,58.2725444907366,21796800,MSFT
2017-02-27,58.001651763916016,58.281589012888276,57.83910599912466,58.281589012888276,15871500,MSFT
2017-02-28,57.7758903503418,57.974554715732474,57.577222540163184,57.86619546623569,23239800,MSFT
2017-03-01,58.64279556274414,58.687942948369326,57.81200237025447,57.91133626403503,26937500,MSFT
2017-03-02,57.802978515625,58.4712190904346,57.68558359769826,58.4170394704589,24539600,MSFT
2017-03-03,58.01971435546875,58.04680417034528,57.45080412954367,57.78492792203283,18135900,MSFT
2017-03-06,58.037776947021484,58.29965666273521,57.62238711882256,57.76687188528727,18750300,MSFT
2017-03-07,58.1551628112793,58.4983119047072,57.96552724205001,57.96552724205001,18521000,MSFT
2017-03-08,58.68793869018555,58.76921500173393,58.01969818107199,58.02873041337172,21510900,MSFT
2017-03-09,58.45317077636719,58.87758934939074,58.22741313792692,58.868564004348116,19846800,MSFT
2017-03-10,58.63376235961914,58.931764036029996,58.47121661699276,58.79630810224552,19538200,MSFT
2017-03-13,58.435089111328125,58.86854668099268,58.30866542217061,58.706000953565265,20100000,MSFT
2017-03-14,58.1641960144043,58.290619729331034,57.92940616257932,58.27255526172679,14280200,MSFT
2017-03-15,58.471221923828125,58.62473544758173,58.0197066966171,58.29061858877396,24833800,MSFT
2017-03-16,58.37188720703125,58.480253340294894,58.06486016381421,58.47122110679571,20674300,MSFT
2017-03-17,58.57959747314453,58.913714385649435,58.40801945456522,58.61571952387579,49219700,MSFT
2017-03-20,58.63376235961914,58.85951995273494,58.44412680815086,58.61570478358287,14598100,MSFT
2017-03-21,57.98358154296875,59.14849159346697,57.91133745699012,58.86855437226884,26640500,MSFT
2017-03-22,58.72406768798828,58.82340158633154,57.90231358028314,57.90231358028314,20680000,MSFT
2017-03-23,58.57959747314453,58.913714385649435,58.48928890152802,58.642809339530054,19269200,MSFT
2017-03-24,58.678916931152344,59.103335421115816,58.48024914587263,59.02206599417867,22617100,MSFT
2017-03-27,58.78727340698242,58.89563952738581,58.110000656004345,58.362848047370875,18614700,MSFT
2017-03-28,58.95885467529297,59.121400420208765,58.38091577994239,58.66085299468484,20080400,MSFT
2017-03-29,59.12141799926758,59.148507816545866,58.65183820118677,58.8053586483923,13618400,MSFT
2017-03-30,59.338130950927734,59.581953034321785,59.02207166650553,59.07625128967057,15122800,MSFT
2017-03-31,59.47357940673828,59.771581075759144,59.103333656213906,59.28394385997268,21040300,MSFT
2017-04-03,59.193641662597656,59.54582294474425,58.868550188373916,59.428424590978885,20400900,MSFT
2017-04-04,59.35618591308594,59.428423102546056,58.949818135696695,59.04915202197576,12997400,MSFT
2017-04-05,59.20267868041992,59.916073617895364,59.09431942735983,59.8709262256457,21448600,MSFT
2017-04-06,59.35618591308594,59.65418068234856,59.13042833328344,59.23878756226091,18103500,MSFT
2017-04-07,59.31104278564453,59.5638902202006,59.09431739739303,59.46455631525701,14108500,MSFT
2017-04-10,59.17559051513672,59.43747019995189,59.022076975975644,59.24783461223945,17952700,MSFT
2017-04-11,59.13042449951172,59.247815953151,58.56151102596768,59.238783721463626,18791500,MSFT
2017-04-12,58.90467834472656,59.15752576435873,58.796312212209,59.076249442576696,17108500,MSFT
2017-04-13,58.651817321777344,59.47357823109225,58.651817321777344,58.95885121731055,17896500,MSFT
2017-04-17,59.13042449951172,59.13944984162496,58.70599917466907,58.73308898015704,16689300,MSFT
2017-04-18,59.049163818359375,59.33813330265167,58.84147066161152,58.99498419304706,15155600,MSFT
2017-04-19,58.73309326171875,59.37424396677835,58.59763733483019,59.28394231204419,26992800,MSFT
2017-04-20,59.148494720458984,59.374252333895846,58.82340320594385,59.11237267556001,22299500,MSFT
2017-04-21,59.96122360229492,60.23212860510549,59.10334053612243,59.30200833859555,32522600,MSFT
2017-04-24,60.98164367675781,61.099042041680356,60.59334031728603,60.93649628912064,29770000,MSFT
2017-04-25,61.333824157714844,61.44219028780509,61.044854700382835,61.31576658082079,30242700,MSFT
2017-04-26,61.252559661865234,61.6860104379946,61.06292408611166,61.47831728389224,26190800,MSFT
2017-04-27,61.649906158447266,61.74924009193201,61.02681962699864,61.54154687797508,34971000,MSFT
2017-04-28,61.82146453857422,62.43552552768952,61.12613411495831,62.22783237980421,39548800,MSFT
2017-05-01,62.67934799194336,62.80577170609775,61.85758696036408,62.02013271993055,31954400,MSFT
2017-05-02,62.58000564575195,62.95024450451316,62.426485251070694,62.95024450451316,23906100,MSFT
2017-05-03,62.38133239746094,62.65223734338043,62.04720871896197,62.65223734338043,28928000,MSFT
2017-05-04,62.13751983642578,62.38134190343973,61.984006321387504,62.3361876274519,21749400,MSFT
2017-05-05,62.309085845947266,62.336175650504984,61.84853849974436,62.218784200896906,19128800,MSFT
2017-05-08,62.25492858886719,62.35426250095964,61.78534884268897,62.28201840315125,18566100,MSFT
2017-05-09,62.345211029052734,62.561936366028625,62.02011957880178,62.18266530392726,22858400,MSFT
2017-05-10,62.58900833129883,62.81476583575692,62.23682717550999,62.300039001175364,17977800,MSFT
2017-05-11,61.82146453857422,62.065286621227344,61.5144374888044,61.73116287038166,28789400,MSFT
2017-05-12,61.74921417236328,61.95691418871485,61.442187153797875,61.95691418871485,18714100,MSFT
2017-05-15,61.79436111450195,61.83951538343911,61.01775453788709,61.53248151172958,31530300,MSFT
2017-05-16,63.03861999511719,63.06586508298117,61.90336180701091,61.96693598838222,34956000,MSFT
2017-05-17,61.28578186035156,62.75707205637652,61.24036876061931,62.56634950982018,30548800,MSFT
2017-05-18,61.494659423828125,61.87610447931692,60.97698201164604,61.21311763464336,25201300,MSFT
2017-05-19,61.47648620605469,61.84884718316574,61.240350629676875,61.30392479304042,26961100,MSFT
2017-05-22,62.16672134399414,62.21213443272412,61.303928090640554,61.65812800972798,16237600,MSFT
2017-05-23,62.3756217956543,62.43919597257283,62.10315707796592,62.41195088661712,15425800,MSFT
2017-05-24,62.45736312866211,62.55726640626092,62.16673730175635,62.548189329436504,14593900,MSFT
2017-05-25,63.22932815551758,63.46545681600041,62.58450248284921,62.63899264618148,21854100,MSFT
2017-05-26,63.53813171386719,63.77426736558084,63.13851860005429,63.392822263704716,19827900,MSFT
2017-05-30,63.946815490722656,63.946815490722656,63.36555702415716,63.38372503230306,17072800,MSFT
2017-05-31,63.42916488647461,64.2465524605928,63.40191978884876,64.05582984814332,30436400,MSFT
2017-06-01,63.6652717590332,64.12845899594573,63.074936171449075,63.792420109704814,21603600,MSFT
2017-06-02,65.17288208007812,65.26370131876362,63.79240470742911,63.974050113863846,34770300,MSFT
2017-06-05,65.64517211914062,66.19917870098328,65.2183139073209,65.3636302896708,33316800,MSFT
2017-06-06,65.8631362915039,65.95396249021776,65.6360846528515,65.66333666990532,31511100,MSFT
2017-06-07,65.74507141113281,66.09018740467668,65.34545831298071,65.97212304797995,22301800,MSFT
2017-06-08,65.345458984375,65.86313644454273,64.93676880547747,65.85405936790316,24588300,MSFT
2017-06-09,63.865074157714844,65.46351937153598,62.29387402740836,65.42719028382811,49187400,MSFT
2017-06-12,63.374664306640625,63.51998070892499,61.87612182115343,62.89331584994168,47761700,MSFT
2017-06-13,64.16480255126953,64.31919602202491,63.538137732352176,63.59262791519125,25258600,MSFT
2017-06-14,63.81966781616211,64.57348087543657,63.05677768079931,64.40092635190396,25510700,MSFT
2017-06-15,63.4836311340332,63.76517291132387,62.48460544226338,62.91145664590674,26068700,MSFT
2017-06-16,63.574459075927734,63.60170416402398,62.86605906916083,63.3292463539954,48345100,MSFT
2017-06-19,64.36459350585938,64.42816768009789,63.8923222723173,64.0285546254185,23798300,MSFT
2017-06-20,63.492713928222656,64.3645912569148,63.456384840060686,64.31917816444607,21512200,MSFT
2017-06-21,63.81966781616211,64.13754563496232,63.519964936735704,63.765177643369256,19891100,MSFT
2017-06-22,63.810577392578125,64.11028020931458,63.31106114957693,64.06487405117355,22965700,MSFT
2017-06-23,64.67338562011719,64.70971471249632,63.501798374887244,63.65619182069915,27617300,MSFT
2017-06-26,64.0558090209961,65.12749306326556,63.97407375469402,64.84595124058109,19607000,MSFT
2017-06-27,62.85697555541992,63.73793703244648,62.82973046711044,63.67436285003561,25215100,MSFT
2017-06-28,63.3928108215332,63.42913298071805,62.47552039815133,62.85696543117802,25806200,MSFT
2017-06-29,62.203060150146484,63.11126663416291,61.8397761707268,63.01136336659586,28918700,MSFT
2017-06-30,62.60268020629883,63.01137039808606,62.43011873777844,62.46644783268096,24161100,MSFT
2017-07-03,61.912445068359375,63.211180842453395,61.77621268636441,62.96596809811588,16165500,MSFT
2017-07-05,62.73890686035156,63.06586175560118,61.957848713818095,61.99417780540868,21176300,MSFT
2017-07-06,62.27573776245117,62.46646035211397,61.867047488754864,62.00327296060847,21117600,MSFT
2017-07-07,63.084022521972656,63.429138496762036,62.39378364332822,62.39378364332822,16878300,MSFT
2017-07-10,63.5562858581543,63.80149853326587,62.84787905758401,63.084014657774105,15014500,MSFT
2017-07-11,63.56535339355469,64.19201792233171,63.34738583404851,63.574437396177714,17460000,MSFT
2017-07-12,64.618896484375,64.73696083970482,64.073973948064,64.20112230890103,17750900,MSFT
2017-07-13,65.1819839477539,65.42720360745238,64.76420974763522,64.93677121712182,20269800,MSFT
2017-07-14,66.09925842285156,66.54427760349436,65.3545294774828,65.60882615213583,25868100,MSFT
2017-07-17,66.61695861816406,66.70777790038606,66.0447909040051,66.11744910140952,21803900,MSFT
2017-07-18,66.57154846191406,66.65328373230757,65.99029677556021,66.38081897286254,26435300,MSFT
2017-07-19,67.08011627197266,67.24359367923509,66.70774837190555,66.75316145744779,22416200,MSFT
2017-07-20,67.40705108642578,67.47970923010965,66.55333522079519,67.37072201458385,42361000,MSFT
2017-07-21,67.01656341552734,67.47066669906197,66.45347284948058,66.70776957960936,46717100,MSFT
2017-07-24,66.84400177001953,66.98023414052537,66.41714357599881,66.78042758765898,21394800,MSFT
2017-07-25,67.37984466552734,67.48882501450497,66.75317994264226,67.0256446732182,22018700,MSFT
2017-07-26,67.25272369384766,67.55242670465388,67.03474904899198,67.51609759717795,16252200,MSFT
2017-07-27,66.44438171386719,67.58871675731856,65.68148475583484,66.98930415299614,36844200,MSFT
2017-07-28,66.33540344238281,66.58061614804272,65.88130019340352,65.99936454367449,18306700,MSFT
2017-07-31,66.0266342163086,66.69871226398703,65.76326033140585,66.57156386125182,23600100,MSFT
2017-08-01,65.91764831542969,66.68053866801208,65.83590610390004,66.3899127819234,22132300,MSFT
2017-08-02,65.62701416015625,65.89947199643336,64.88228498782523,65.89039491890424,26499200,MSFT
2017-08-03,65.52709197998047,65.79047266278229,65.25462729320208,65.56342106682192,18214400,MSFT
2017-08-04,66.00846862792969,66.33542362097658,65.60885542996843,65.75417183979718,22579000,MSFT
2017-08-07,65.75416564941406,66.20826899377595,65.62701726731811,66.117449710717,18705700,MSFT
2017-08-08,66.10835266113281,66.41713954842591,65.16381705972006,65.47260394701314,22044600,MSFT
2017-08-09,65.81771850585938,65.85404759312043,65.43627348321569,65.61791199045605,22213400,MSFT
2017-08-10,64.85504150390625,65.56344159647111,64.8005443920472,65.3000608311978,24734500,MSFT
2017-08-11,65.84496307373047,66.02660157954931,64.73695017266697,65.03665994342641,21443700,MSFT
2017-08-14,66.83492279052734,66.95299408740946,66.25367109978478,66.35357438373116,20096600,MSFT
2017-08-15,66.85319519042969,67.19101758016556,66.6888467154825,67.19101758016556,19181400,MSFT
2017-08-16,67.24578857421875,67.65665617793367,66.80752375973766,66.96273979083148,18150400,MSFT
2017-08-17,66.1044921875,67.44667011790862,66.1044921875,67.18188610063214,22977500,MSFT
2017-08-18,66.18666076660156,66.5062252714732,65.67535755880695,65.9857896589726,18761500,MSFT
2017-08-21,65.87621307373047,66.17751966385552,65.46533855101937,66.16838726131115,17734800,MSFT
2017-08-22,66.79838562011719,66.87142393698971,66.0588143216871,66.0588143216871,14343700,MSFT
2017-08-23,66.39665222167969,66.7892619609359,66.22317139368805,66.61578113294426,13766500,MSFT
2017-08-24,66.36923217773438,66.52444812993654,65.80314186466958,66.41488024051066,17098300,MSFT
2017-08-25,66.48796844482422,66.97188141188498,66.17753633991123,66.5244910982229,12794300,MSFT
2017-08-28,66.49707794189453,66.73446465823211,66.24142642215779,66.70707441911482,14569700,MSFT
2017-08-29,66.69796752929688,66.79840307797485,65.78492215293953,65.96752844181765,11478400,MSFT
2017-08-30,67.5744857788086,67.75709205559157,66.49709202743,66.66144046292786,16897800,MSFT
2017-08-31,68.26837921142578,68.44186000991958,67.38273131391115,67.59272778642136,27652800,MSFT
2017-09-01,67.51056671142578,68.24099871774185,67.23665035531832,68.21360847532756,21736200,MSFT
2017-09-05,67.20927429199219,67.46492589643654,66.63405818199237,66.96274812628957,21556000,MSFT
2017-09-06,67.01754760742188,67.60189622694286,66.97189254159039,67.32797976392395,16535800,MSFT
2017-09-07,67.87579345703125,68.11318721767866,67.20014179394038,67.27318709967554,17471200,MSFT
2017-09-08,67.54710388183594,67.96710394312969,67.41927111310986,67.86666838869164,14703800,MSFT
2017-09-11,68.25924682617188,68.42359520643798,67.84837239251631,67.84837239251631,17910400,MSFT
2017-09-12,68.18621826171875,68.69752136295423,67.90317646867516,68.25926355217591,14394900,MSFT
2017-09-13,68.67012786865234,68.68839267339285,68.067521665873,68.41447633014099,13380800,MSFT
2017-09-14,68.26837921142578,68.92577279942199,68.04011793592605,68.4783826499173,15733900,MSFT
2017-09-15,68.76144409179688,68.83448939270832,67.62926979160257,68.32318621829477,38578400,MSFT
2017-09-18,68.62448120117188,69.36404559079863,68.51491326841965,68.68839408711516,23307000,MSFT
2017-09-19,68.8801498413086,69.12666904371065,68.48754002564321,68.67014632623852,16093300,MSFT
2017-09-20,68.42362976074219,68.9805880548009,67.84840665632973,68.79797478118421,21587900,MSFT
2017-09-21,67.75709533691406,68.69753094325712,67.66579219410097,68.57883755419843,19186100,MSFT
2017-09-22,67.93968963623047,68.03099275357386,67.42837964034108,67.55620539781809,14111400,MSFT
2017-09-25,66.88970184326172,67.79361475620253,66.57926281331275,67.64752416187761,24149200,MSFT
2017-09-26,66.88970184326172,67.39187258779197,66.64317570683417,67.26404680074914,18019600,MSFT
2017-09-27,67.42840576171875,67.72058002999304,66.80753457088788,67.15449630357763,19565100,MSFT
2017-09-28,67.4466781616211,67.53798132460913,66.93536791011536,67.1453714543742,10883800,MSFT
2017-09-29,68.01275634765625,68.05841140838082,67.45579804354088,67.51058550960721,17079100,MSFT
2017-10-02,68.12230682373047,68.48752631780594,67.83926502466365,68.21360995575372,15304800,MSFT
2017-10-03,67.80276489257812,68.36884867868,67.73885198234132,68.17710994796956,12190400,MSFT
2017-10-04,68.19536590576172,68.22275615430912,67.30057831263785,67.64753307087813,13317700,MSFT
2017-10-05,69.36405181884766,69.50101000558959,68.44187412516683,68.67926785112068,21195300,MSFT
2017-10-06,69.3914566040039,69.41884685389539,68.97145651837147,69.09014992322926,13959800,MSFT
2017-10-09,69.65623474121094,69.89362849684268,69.2636249386592,69.36406049042711,11386500,MSFT
2017-10-10,69.65623474121094,69.96666683505092,69.5192765373471,69.69275739330686,13944500,MSFT
2017-10-11,69.77493286132812,69.81145551589745,69.34580037761879,69.7201523624662,15388900,MSFT
2017-10-12,70.41405487060547,70.56927089718359,69.72927090701445,69.8388318829601,16876500,MSFT
2017-10-13,70.75189208984375,71.09885382946891,70.56928578076621,70.84319524438251,15335700,MSFT
2017-10-16,70.89796447753906,71.04404809403691,70.62404811837982,70.68796100671932,12380100,MSFT
2017-10-17,70.84317779541016,70.8705750044095,70.53274575324222,70.73361682334263,16824000,MSFT
2017-10-18,70.8614730834961,71.08060208787512,70.64234407911708,70.9162535930945,13300700,MSFT
2017-10-19,71.1353759765625,71.15363382094623,70.62406577602472,70.82493689416627,15092800,MSFT
2017-10-20,71.95711517333984,72.10320580015404,71.4184216604276,71.50972481919422,22866400,MSFT
2017-10-23,71.9753646850586,72.44101278558207,71.91145179090931,72.12144831483566,20627200,MSFT
2017-10-24,72.00275421142578,72.31318627534222,71.63753469165476,72.03927686000117,17517200,MSFT
2017-10-25,71.7927474975586,72.22187989155746,71.22666388503467,71.74709941337778,20410800,MSFT
2017-10-26,71.91145324707031,72.51405955182551,71.90232084315463,72.31318846157939,32120700,MSFT
2017-10-27,76.5223388671875,78.70451699049775,76.3397325589712,77.03364906896459,71066700,MSFT
2017-10-30,76.59534454345703,76.9970865728369,75.88317055754219,76.42186376422836,31756700,MSFT
2017-10-31,75.94711303710938,77.0245068364868,75.88320014078967,77.0245068364868,27086600,MSFT
2017-11-01,75.94711303710938,76.47668101574882,75.67319664374877,76.40363571538822,22307400,MSFT
2017-11-02,76.741455078125,77.11580000357873,75.8923227277271,76.10231923162051,23992900,MSFT
2017-11-03,76.82362365722656,77.18884313558821,76.1479721501459,76.76884317356607,17633500,MSFT
2017-11-06,77.12492370605469,77.3349201862586,76.76883666050755,76.8783976185334,19860900,MSFT
2017-11-07,76.94233703613281,77.51756012808433,76.63190492668542,77.39885976130883,17939700,MSFT
2017-11-08,77.20709991455078,77.25275496096233,76.54058081922737,76.82362260222921,18034200,MSFT
2017-11-09,76.7779769897461,76.94232542464674,75.69145780466458,76.79624179694778,21178400,MSFT
2017-11-10,76.57711791992188,76.78711445470266,75.9927694386434,76.50407261826622,19397800,MSFT
2017-11-13,76.63188171386719,76.64101411607989,76.20274936763421,76.38536258197901,14196900,MSFT
2017-11-14,76.741455078125,76.7871031604581,75.76449695162268,76.23927741058449,18801300,MSFT
2017-11-15,76.1449966430664,76.79651358349363,75.87888290667222,76.59463371443829,19383100,MSFT
2017-11-16,76.34689331054688,76.54877324253366,76.10831430089763,76.25513161445342,20962800,MSFT
2017-11-17,75.61277770996094,76.2734729920457,75.46595342462332,76.2734729920457,22079000,MSFT
2017-11-20,75.73204803466797,75.78710362725964,75.47511260128616,75.61275858373084,16315000,MSFT
2017-11-21,76.82405090332031,76.93416211756481,75.92476964817536,75.92476964817536,21237500,MSFT
2017-11-22,76.2642822265625,76.98921126444672,76.20004836249508,76.92497740037932,20553100,MSFT
2017-11-24,76.40193176269531,76.55792729680894,75.96146595941201,76.17252409454007,7425600,MSFT
2017-11-27,76.96168518066406,77.06262511230014,76.43863598989813,76.44780725570776,18265200,MSFT
2017-11-28,77.88851928710938,78.05369315250798,77.09935604142376,77.14524039330027,21926000,MSFT
2017-11-29,76.47534942626953,77.9252078068022,76.32853213509668,77.73250617409357,27381100,MSFT
2017-11-30,77.2369613647461,77.55813065560376,76.47532633145116,76.631328844981,33054600,MSFT
2017-12-01,77.3195571899414,77.82424982506464,76.36522051504198,76.71391762663437,29532100,MSFT
2017-12-04,74.4015121459961,77.47557414072493,74.05280793699738,77.46639587181235,39094900,MSFT
2017-12-05,74.86945343017578,75.86967410587476,74.30970538347452,74.64004585329553,26152300,MSFT
2017-12-06,75.96145629882812,76.29180385903625,74.72265644853046,74.83277463558835,26162100,MSFT
2017-12-07,75.69535827636719,75.97982856828135,75.2457211711033,75.74124261405343,23184500,MSFT
2017-12-08,77.2278060913086,77.61320932014206,76.46617090030418,76.74145592048512,24489100,MSFT
2017-12-11,78.20967102050781,78.338138763981,77.1911003394227,77.34709588493057,22857900,MSFT
2017-12-12,78.53083801269531,78.96212556748726,78.07202265669821,78.2830737999155,23924100,MSFT
2017-12-13,78.31977081298828,78.91623210701354,78.15459702388846,78.67764618921026,22062700,MSFT
2017-12-14,77.71414184570312,78.79694629074785,77.56731758150968,78.39318656518215,19306000,MSFT
2017-12-15,79.69623565673828,79.91646509420673,77.88850181347287,78.23720600717945,53936700,MSFT
2017-12-18,79.26494598388672,80.29269500023803,79.12730696466024,79.94399781658527,22283800,MSFT
2017-12-19,78.76025390625,79.23741884583514,78.24637589327277,79.23741884583514,23524800,MSFT
2017-12-20,78.47576904296875,79.19152682107041,77.73249046686131,79.09975815654234,23674900,MSFT
2017-12-21,78.4574203491211,79.00799733734273,78.36565868457853,78.96212000555457,17990700,MSFT
2017-12-22,78.46659851074219,78.57670970765925,77.92519278902377,78.36565857959073,14145800,MSFT
2017-12-26,78.36564636230469,78.48493580735624,78.02612055582163,78.28305597652658,9891200,MSFT
2017-12-27,78.65010833740234,78.89787248986353,78.20047135826077,78.59505274839542,14678000,MSFT
2017-12-28,78.65933227539062,78.85203394977036,78.50333668198357,78.82450613928313,10594300,MSFT
2017-12-29,78.494140625,78.96213430014454,78.4574345523448,78.57672403774859,18717400,MSFT
2018-01-02,78.87035369873047,79.20070130173602,78.45742269545676,79.03552750023324,22483800,MSFT
2018-01-03,79.2374038696289,79.38422813157698,78.88870674895144,78.97129014557262,26061400,MSFT
2018-01-04,79.93480682373047,80.4395064837773,79.43928543049348,79.45763496314687,21912000,MSFT
2018-01-05,80.92584991455078,81.12772977932875,80.22844865467228,80.4395067862946,23407100,MSFT
2018-01-08,81.00843048095703,81.2837224689322,80.38444137571726,80.93501835070151,22113000,MSFT
2018-01-09,80.95337677001953,81.42137036009547,80.62302917713843,81.34795822812939,19484300,MSFT
2018-01-10,80.58631134033203,80.92583715035768,80.21008647065003,80.6230174009536,18652200,MSFT
2018-01-11,80.82491302490234,80.8707903589186,80.05409960318352,80.8707903589186,17808900,MSFT
2018-01-12,82.21971893310547,82.3848927584566,81.16444210452701,81.36632200228588,24271500,MSFT
2018-01-16,81.07268524169922,83.31170678485238,80.76069410914462,82.67853924988611,36599700,MSFT
2018-01-17,82.71526336669922,82.84373115529871,81.43975675062612,81.74257668131182,25621200,MSFT
2018-01-18,82.67852783203125,83.20157707099777,82.27477506924615,82.40324281208235,24159700,MSFT
2018-01-19,82.58676147460938,83.14651675134795,82.2747704028359,82.71522921015922,36875000,MSFT
2018-01-22,84.06415557861328,84.07333384660362,82.34818351471458,82.58676947569296,23601600,MSFT
2018-01-23,84.33027648925781,84.69733022933848,83.99992882328199,84.33027648925781,23412800,MSFT
2018-01-24,84.2568359375,85.73422166758635,84.03660656807952,84.92670931240097,33277500,MSFT
2018-01-25,84.72484588623047,85.55988619923644,84.35779219878054,84.85331362669292,26383200,MSFT
2018-01-26,86.3123550415039,86.3123550415039,84.95426531142833,85.44978680785084,29172200,MSFT
2018-01-29,86.18387603759766,87.58784992711374,86.0003526929294,87.30338664258788,31569900,MSFT
2018-01-30,85.10106658935547,85.94529212861116,84.51378351915717,85.6149445265038,38635100,MSFT
2018-01-31,87.18408203125,87.54195739189355,85.80763618232389,86.0278655578817,48756300,MSFT
2018-02-01,86.49588012695312,88.15678961464799,85.87189091042659,86.98222332494329,47227900,MSFT
2018-02-02,84.22017669677734,86.22979093773127,83.9632411227862,85.92697101082628,47867800,MSFT
2018-02-05,80.75151062011719,85.55989406495328,80.75151062011719,83.10064323421102,51031500,MSFT
2018-02-06,83.80724334716797,83.94488940136421,78.22804502470427,79.73295934838644,67998600,MSFT
2018-02-07,82.22887420654297,84.21095255551046,81.85264232030059,83.0363865707941,41107600,MSFT
2018-02-08,78.00777435302734,82.47663061294266,77.77836671747636,82.32063510099968,55628700,MSFT
2018-02-09,80.91667175292969,81.60489474685879,76.92497978833416,79.19152863516194,63499100,MSFT
2018-02-12,81.78841400146484,82.38487529999955,80.68726006645154,81.43053862253723,35720300,MSFT
2018-02-13,82.43075561523438,82.5867511315845,80.56796668208759,81.6048867037254,26407700,MSFT
2018-02-14,83.7214584350586,83.88740809339163,81.50880570242016,81.60099839397152,34960900,MSFT
2018-02-15,85.42707824707031,85.48239247036035,83.54631728282148,84.09025923544928,27823900,MSFT
2018-02-16,84.818603515625,86.20151552946672,84.63421806065448,85.23347430623582,30596900,MSFT
2018-02-20,85.48239135742188,85.79584799712225,83.90587270950057,84.33918620990677,30911700,MSFT
2018-02-21,84.34841918945312,86.07245219018611,84.34841918945312,85.72211698010265,26922500,MSFT
2018-02-22,84.56967163085938,85.4916128554965,84.22855084555644,84.86469254138912,24392800,MSFT
2018-02-23,86.71780395507812,86.72702533835772,85.1505064225637,86.29371176432545,26329200,MSFT
2018-02-26,87.97164916992188,87.99930628728168,86.89297938976037,87.03127201041426,30199800,MSFT
2018-02-27,86.84687042236328,88.35885363998281,86.84687042236328,88.26666091380682,25869100,MSFT
2018-02-28,86.45042419433594,88.23899239313857,86.32135298760309,87.43690100799597,31167300,MSFT
2018-03-01,85.60224914550781,87.18798932261987,84.67108645381221,86.65326167520227,37135600,MSFT
2018-03-02,85.7866439819336,85.87883670860542,83.76759020870608,84.43138909490987,32830400,MSFT
2018-03-05,86.33056640625,86.91138678297426,85.05829018558384,85.13204012987636,23901600,MSFT
2018-03-06,86.03556823730469,87.11423795045299,85.68523304942059,86.97594533839064,22175800,MSFT
2018-03-07,86.53340911865234,86.60716610919015,85.21503280666747,85.8880530360809,26716100,MSFT
2018-03-08,87.05892181396484,87.67662082929051,86.45043714774843,86.91140782196537,25887800,MSFT
2018-03-09,89.00422668457031,89.00422668457031,87.58443603530385,87.85179989463211,36937300,MSFT
2018-03-12,89.21626281738281,89.62191926891275,88.54324955973114,88.96734174366952,26073700,MSFT
2018-03-13,87.04046630859375,89.64955438621637,86.6348099566039,89.42829048233676,35387800,MSFT
2018-03-14,86.52415466308594,87.96238729340328,86.20147674514172,87.69502358029206,32132000,MSFT
2018-03-15,86.82842254638672,87.1972004333656,85.5838033324545,86.22915935927767,27611000,MSFT
2018-03-16,87.21563720703125,87.9347502266334,86.5887169018147,87.28939419208102,49081300,MSFT
2018-03-19,85.63910675048828,86.57026921502911,84.91999383021303,86.42275526530483,33344100,MSFT
2018-03-20,85.86040496826172,86.45044693535345,85.74055511158389,85.78665499776656,23075200,MSFT
2018-03-21,85.26114654541016,86.7085943092258,85.0122184203394,85.67601737538821,24457100,MSFT
2018-03-22,82.78109741210938,84.58810123753553,82.66124759376909,84.14556638684718,38604700,MSFT
2018-03-23,80.37486267089844,83.39882975651278,80.28266992489422,82.51376673393217,44068900,MSFT
2018-03-26,86.45964813232422,86.66247633000248,83.34348928158158,83.53709609740535,56396800,MSFT
2018-03-27,82.48609924316406,87.7135053601985,81.6010363318557,87.52911989137145,56569000,MSFT
2018-03-28,82.41231536865234,84.10869067088818,81.93290908571649,82.80875032782818,52501100,MSFT
2018-03-29,84.14558410644531,85.0859682244918,81.49961692773682,83.14067140896401,45867500,MSFT
2018-04-02,81.6102523803711,83.78603472032339,80.67909659940072,83.40804239120337,48515400,MSFT
2018-04-03,82.70735931396484,83.02082303682084,81.02942630485408,82.58750946826208,37213800,MSFT
2018-04-04,85.12284088134766,85.51927591687797,80.88191235972218,80.99254081270955,35560000,MSFT
2018-04-05,85.16893005371094,85.80507176637856,84.26543156861413,85.22425131167347,29771900,MSFT
2018-04-06,83.18675231933594,85.24267712658813,82.49529646298737,84.34839309362756,38026000,MSFT
2018-04-09,83.6845932006836,85.89725331748375,83.54630765838883,83.93352124451938,31533900,MSFT
2018-04-10,85.62989807128906,85.9986759664468,84.4866929267681,85.17814884249384,26812000,MSFT
2018-04-11,84.68952941894531,86.00790577546188,84.33919425283784,84.82782202241147,24872100,MSFT
2018-04-12,86.27526092529297,86.80998852020936,85.21502711712517,85.21502711712517,26758900,MSFT
2018-04-13,85.81429290771484,86.82842687203943,85.22425107269495,86.70857704218815,23346100,MSFT
2018-04-16,86.8192138671875,87.27097018591212,86.12775786563196,86.7270211404176,20288100,MSFT
2018-04-17,88.57089233398438,89.00420583089262,87.47378003618294,87.58441551428291,26771000,MSFT
2018-04-18,88.91204071044922,89.17018320561189,88.06384918281482,88.70921245457698,21043300,MSFT
2018-04-19,88.60778045654297,89.49284327597108,87.89788170415996,88.91202277899284,23552500,MSFT
2018-04-20,87.58443450927734,88.60779004362044,86.7085929777265,88.42340457398494,31154400,MSFT
2018-04-23,87.90709686279297,88.77372388943512,87.24329803675673,88.26665338792034,22331800,MSFT
2018-04-24,85.85118103027344,88.93968314550202,85.19660351594204,88.7276335401405,34524800,MSFT
2018-04-25,85.1043701171875,86.0170967571682,83.23283104211538,86.0170967571682,33729300,MSFT
2018-04-26,86.9021987915039,87.72272607912018,85.83274338561702,86.24762123811647,42529000,MSFT
2018-04-27,88.34041595458984,90.258055565599,86.57951171185313,89.98147035933371,48272800,MSFT
2018-04-30,86.2199478149414,88.87514327704774,85.87883403349588,88.81060766700233,41523600,MSFT
2018-05-01,87.58443450927734,87.8517983639472,85.54694482422937,85.93415853077681,31408900,MSFT
2018-05-02,86.21074676513672,87.74116591109097,85.91572578315427,87.57521616910991,27471000,MSFT
2018-05-03,86.72702026367188,87.51989036681522,85.23347278322308,85.70366482900671,31142500,MSFT
2018-05-04,87.73193359375,87.92554041410197,85.66678010895505,86.03555801937226,22531300,MSFT
2018-05-07,88.70919799804688,89.16094729096207,87.67662115181498,87.74115676508859,24242000,MSFT
2018-05-08,88.3311996459961,88.6538847497928,87.63974362446784,88.36807814454014,23484600,MSFT
2018-05-09,89.37297821044922,89.40063531980466,87.63050998252741,88.51557265116604,27327400,MSFT
2018-05-10,90.26728057861328,90.30415204266787,89.47441045820877,89.85240275252947,22388100,MSFT
2018-05-11,90.07366180419922,90.23039717024562,89.46518420645309,90.16586156088083,16778300,MSFT
2018-05-14,90.37789154052734,90.98637608743391,89.71409277439396,90.27647744937624,19454100,MSFT
2018-05-15,89.72332000732422,90.21194773263723,88.81981450919298,89.64956302097609,24594000,MSFT
2018-05-16,89.95479583740234,90.18628012567957,89.46405027654897,90.14924179183444,17384700,MSFT
2018-05-17,89.05665588378906,90.31593126301054,88.73257921950591,89.5937012499391,17246700,MSFT
2018-05-18,89.22332000732422,89.75110399293281,88.89924336078228,88.89924336078228,17865800,MSFT
2018-05-21,90.37147521972656,90.75111288744783,89.63072964986708,89.81591427624677,19422500,MSFT
2018-05-22,90.27889251708984,90.89926885227815,90.00110848360838,90.44556152431043,15441200,MSFT
2018-05-23,91.35297393798828,91.41778926395203,89.18627706485317,89.54739203298557,21251200,MSFT
2018-05-24,91.02889251708984,91.61223752967211,89.63998658517531,91.41779154692499,26649300,MSFT
2018-05-25,91.07518768310547,91.64927131627552,90.6122190621317,91.01963370917758,18363900,MSFT
2018-05-29,90.75113677978516,91.55669788739422,90.02890665668357,90.5937220351446,28671000,MSFT
2018-05-30,91.62152099609375,91.89930509668244,90.65855212656408,91.02892150822481,22158500,MSFT
2018-05-31,91.51964569091797,92.58447507266598,91.30668405317324,91.9363217434323,34140900,MSFT
2018-06-01,93.32521057128906,93.390025892254,91.82518977480603,91.9270434312281,28655600,MSFT
2018-06-04,94.1400375366211,94.31596787288717,93.38076928206192,93.76040694151176,27281600,MSFT
2018-06-05,94.62153625488281,94.75116691352652,94.01041423755586,94.44560590486304,23514400,MSFT
2018-06-06,94.89929962158203,95.0011532765522,94.35300007614208,94.89004533610479,21122900,MSFT
2018-06-07,93.40855407714844,95.08450542613,92.94558541824523,95.04746708569681,28232200,MSFT
2018-06-08,94.1030044555664,94.39930410647297,93.0937361980331,93.60299747009765,22165100,MSFT
2018-06-11,93.56600189208984,94.06600200397642,93.21414106566289,93.52896353855313,23490900,MSFT
2018-06-12,93.80670928955078,93.93633995149872,93.28818664175898,93.61226329662885,18325200,MSFT
2018-06-13,93.3807601928711,94.45485067807903,93.11223757156911,94.18632805677704,29492900,MSFT
2018-06-14,93.9085693359375,94.473391714624,93.51967732369681,94.1215380460741,25691800,MSFT
2018-06-15,92.714111328125,94.01042512908688,92.6585573435104,93.99190948899597,65738600,MSFT
2018-06-18,93.39005279541016,93.62153716044651,92.05670059221131,92.60300736715503,23586000,MSFT
2018-06-19,93.39005279541016,93.51968347468313,92.13077728446507,92.26966931635532,28653100,MSFT
2018-06-20,94.3252182006836,94.9270716851438,93.63076535153134,93.86224963458208,26180800,MSFT
2018-06-21,93.6492919921875,94.87152886776775,93.40854633150549,94.51967525934059,23198200,MSFT
2018-06-22,92.97338104248047,93.30671201918042,92.25114391066161,92.97338104248047,38923100,MSFT
2018-06-25,91.10295867919922,92.69557176091426,90.09369054272868,92.59371810585063,35433300,MSFT
2018-06-26,91.74185943603516,92.6677966356778,91.43629846471143,91.50111378611281,26897200,MSFT
2018-06-27,90.31591796875,92.61223833566535,90.18628732211802,92.20483075953932,31298400,MSFT
2018-06-28,91.3251724243164,91.76962533475884,90.05664313523864,90.16775106459474,26650700,MSFT
2018-06-29,91.30667877197266,92.51040010160192,91.04741745527492,91.6029784288188,28053200,MSFT
2018-07-02,92.60296630859375,92.64925892247035,90.74183086088115,90.83442315297341,19564500,MSFT
2018-07-03,91.71410369873047,93.17707944421058,91.61225001802502,93.03819448355938,14670300,MSFT
2018-07-05,92.37152862548828,92.51967495467241,91.69559113012205,92.13078289317862,18977400,MSFT
2018-07-06,93.66783142089844,93.9178314123123,92.28817959905712,92.49188695875674,19234600,MSFT
2018-07-09,94.30671691894531,94.67709326880646,93.75115592632424,94.12153227618539,18212000,MSFT
2018-07-10,94.55673217773438,94.91784720754868,94.31598646974422,94.44561714381386,19293100,MSFT
2018-07-11,94.42708587646484,94.76041679437802,93.61225655791498,93.6585562471383,19644600,MSFT
2018-07-12,96.4734115600586,96.67711890060255,95.12154392157908,95.15857519773151,24335900,MSFT
2018-07-13,97.62156677246094,97.77897441310263,96.38080715575754,96.64007552570595,24635200,MSFT
2018-07-16,97.14006805419922,97.98266717212202,96.77894607298693,97.59377527154226,21786900,MSFT
2018-07-17,98.1030502319336,98.61231855254216,96.59377503574748,96.86229768985557,25901700,MSFT
2018-07-18,97.33451843261719,98.1956402884137,96.96414214954578,98.09378663396056,29493900,MSFT
2018-07-19,96.66785430908203,97.51045356795767,96.19562431404485,97.15859994157478,40171600,MSFT
2018-07-20,98.39934539794922,100.18640451760838,98.22342212965599,100.07529657223166,56004000,MSFT
2018-07-23,99.97344207763672,100.13084970849908,98.26971393124181,98.4271286264445,29707000,MSFT
2018-07-24,99.6863784790039,100.76046170042268,99.31600227480007,100.52897745583759,26316600,MSFT
2018-07-25,102.62162017822266,102.9179197956264,99.6308399545166,99.96417790713834,30702100,MSFT
2018-07-26,101.50125885009766,102.77904990028962,101.39014382055598,102.53830420178679,31372100,MSFT
2018-07-27,99.70494079589844,102.01978432564688,98.27899633385238,102.01978432564688,37005300,MSFT
2018-07-30,97.56599426269531,99.56601471483616,97.00117206948595,99.25119949335652,34668300,MSFT
2018-07-31,98.22342681884766,98.81602610361537,97.57526649439873,98.60305742424227,27655200,MSFT
2018-08-01,98.40863037109375,98.56603804105659,97.61232360448614,98.17714601020414,23628700,MSFT
2018-08-02,99.60309600830078,100.08458039716639,97.0752835398145,97.59381334052648,26104300,MSFT
2018-08-03,100.03827667236328,100.04753802429829,98.90863192390808,99.81605367631458,18659600,MSFT
2018-08-06,100.12159729003906,100.39011995364483,99.59381331380456,100.112343003403,20265900,MSFT
2018-08-07,100.8160629272461,101.01977028828554,100.158648212109,100.51976323782738,16080200,MSFT
2018-08-08,101.38088989257812,101.62163560871024,100.70495950697548,101.23274357334908,15487500,MSFT
2018-08-09,101.54755401611328,102.00126843314662,101.48273868001449,101.58459236021856,13677200,MSFT
2018-08-10,100.92715454101562,101.56605346796503,100.35307093532627,101.31604646857605,18183700,MSFT
2018-08-13,100.19568634033203,101.46422313585285,100.09383266003188,101.14940074283186,18472500,MSFT
2018-08-14,101.44570922851562,101.6216396123521,100.03828735085112,100.51977173774247,16788300,MSFT
2018-08-15,100.07000732421875,101.30623735370129,99.2892233719683,100.841487196167,29982800,MSFT
2018-08-16,100.05144500732422,101.18543688519658,99.73541820412798,100.66491881333131,21384300,MSFT
2018-08-17,99.99568176269531,100.293121687432,99.16842675041117,99.79119048477749,18061500,MSFT
2018-08-20,99.33570861816406,100.29309287930157,98.97320403562705,99.93058829676455,17914200,MSFT
2018-08-21,98.50847625732422,99.7818875349177,98.38763664130025,99.38220199508629,22881900,MSFT
2018-08-22,99.5123062133789,99.77256517938079,98.3225468879275,98.38761162942798,18000600,MSFT
2018-08-23,99.97708892822266,100.55338189157092,99.33573829372745,99.59599734442432,18167700,MSFT
2018-08-24,100.75788116455078,100.90659759466294,99.97709685899648,100.079342507242,17234000,MSFT
2018-08-27,101.87325286865234,101.91043373944822,100.86010073268717,101.56651600323086,19662300,MSFT
2018-08-28,102.48674774169922,102.70982592096776,102.04988128413306,102.1893078054987,19151500,MSFT
2018-08-29,104.12266540527344,104.13196239791111,102.49603917853085,102.66334958837119,20818000,MSFT
2018-08-30,104.0575942993164,104.671068128526,103.58355407659315,103.79733525354038,22798700,MSFT
2018-08-31,104.41082763671875,104.82910016439688,103.65792715875835,103.81594768594042,23222700,MSFT
2018-09-04,103.8344955444336,104.06687065945333,102.4495418445432,103.03512458144365,22634600,MSFT
2018-09-05,100.84150695800781,103.56494369852987,100.47900233141324,103.1838521822623,32872400,MSFT
2018-09-06,101.07389068603516,101.30626583012119,99.93060894838676,100.61843738925398,23477600,MSFT
2018-09-07,100.5812759399414,101.05532331105461,99.67036917046049,100.59986992631416,22498600,MSFT
2018-09-10,101.66876220703125,101.91043432282488,100.72067481665012,101.16683108570264,20727900,MSFT
2018-09-11,103.39765167236328,103.72297548581166,101.21332653460725,101.22262352685642,24301800,MSFT
2018-09-12,103.8344955444336,103.96462504152258,102.71909782894917,103.5742365502556,18891100,MSFT
2018-09-13,104.94990539550781,105.7120955257436,104.21559914577043,104.21559914577043,26055600,MSFT
2018-09-14,105.37749481201172,105.71211562466567,104.51305889457689,105.36819781956926,19122300,MSFT
2018-09-17,104.23419952392578,105.6842182296893,103.97394048356074,105.67492832933839,20736500,MSFT
2018-09-18,105.22876739501953,105.68422072641818,103.84381341662855,104.2806798553593,22170900,MSFT
2018-09-19,103.82521057128906,105.33100404385185,103.21174388422563,105.08004201085467,21728400,MSFT
2018-09-20,105.5633773803711,105.77716562754884,104.03899704279743,104.36432081761015,23714500,MSFT
2018-09-21,106.20475006103516,107.16213463020374,105.50762454854998,105.96307789774595,71229700,MSFT
2018-09-24,106.58583068847656,106.79961894391707,104.30855708524608,105.06145029198666,27334500,MSFT
2018-09-25,106.38133239746094,106.98550915785572,105.73068486566733,106.70666325488398,22668000,MSFT
2018-09-26,105.94449615478516,106.94835155200484,105.72141087404498,106.39994952612274,19352000,MSFT
2018-09-27,106.34416961669922,106.80891992791662,106.14896824544418,106.68808030842284,19091300,MSFT
2018-09-28,106.3069839477539,106.49288122724853,105.66562627790216,106.13967355959808,21647800,MSFT
2018-10-01,107.4595718383789,107.52463660089872,106.64161381076882,106.66020070369137,18883100,MSFT
2018-10-02,107.03201293945312,107.67336363566476,106.37206825695827,107.17143947046537,20787200,MSFT
2018-10-03,107.05057525634766,107.98937278532743,106.82749711286158,107.28295039084082,16648000,MSFT
2018-10-04,104.8383560180664,106.66947302893317,103.76013209818575,106.53004654391059,34821700,MSFT
2018-10-05,104.22488403320312,105.19156536264514,102.83993033334592,104.68963426323145,29068900,MSFT
2018-10-08,103.03515625,104.13196741366653,101.63160813826356,103.78805667631049,29640600,MSFT
2018-10-09,104.34573364257812,105.10792380928852,102.9886636916804,103.30469047448712,26198600,MSFT
2018-10-10,98.67577362060547,103.63930274264362,98.33185589263573,103.39763063402906,61376300,MSFT
2018-10-11,98.44342041015625,101.25050934312557,96.8539680070152,97.92289520718413,63904300,MSFT
2018-10-12,101.8453598022461,103.39762378745228,99.56808663072927,101.32484184110518,47742100,MSFT
2018-10-15,100.01427459716797,101.76174046389703,99.41009771966117,101.23192534487393,32068100,MSFT
2018-10-16,103.17457580566406,103.55567448960014,101.26909656903858,101.81750565956385,31610200,MSFT
2018-10-17,102.90501403808594,103.92746331418913,101.82679699339457,103.80663078507239,26548200,MSFT
2018-10-18,100.8508071899414,102.73769212530257,100.22804353875323,102.33800661499014,32506200,MSFT
2018-10-19,100.99952697753906,103.04442522561423,100.58124750075596,101.25048899038813,32785500,MSFT
2018-10-22,101.90113067626953,102.74697948053556,100.60912563209277,101.61298780918028,26545600,MSFT
2018-10-23,100.4790267944336,101.2876949768478,97.69982161673028,100.17228985370464,43770400,MSFT
2018-10-24,95.10649108886719,100.8415074847166,94.42795260207944,100.76715283411023,63897800,MSFT
2018-10-25,100.6649169921875,101.566526609921,98.66648930024881,99.0382909555092,61646800,MSFT
2018-10-26,99.41938018798828,101.08318706047258,97.37448176912268,98.23891758350779,55523100,MSFT
2018-10-29,96.52862548828125,101.0367014941161,94.46513324403071,100.48829960315321,55162000,MSFT
2018-10-30,96.4171142578125,97.02128406168849,93.05231904779224,96.35204949009379,65350900,MSFT
2018-10-31,99.27994537353516,100.51618273101076,97.96005637563425,98.00653423688784,51062400,MSFT
2018-11-01,98.45269012451172,99.75399222783456,98.09018550100745,99.50303021599542,33384200,MSFT
2018-11-02,98.67577362060547,99.75399048172474,97.57896277877116,98.97321348831345,37680200,MSFT
2018-11-05,99.93060302734375,100.14438417598113,98.43410662077727,98.87097300041826,27922100,MSFT
2018-11-06,100.12579345703125,101.16682946246759,98.78731048829775,99.80975960429099,24340200,MSFT
2018-11-07,104.06688690185547,104.32714593665378,101.68736762195445,101.72454849714376,37901700,MSFT
2018-11-08,103.8716812133789,104.29925059378866,103.09090419476789,103.91815907514072,25644100,MSFT
2018-11-09,101.8453598022461,103.59281802288011,101.09246673823509,103.03511919429694,32039200,MSFT
2018-11-12,99.33570861816406,102.20786140157657,98.61998935103448,101.70593034309644,33621800,MSFT
2018-11-13,99.40078735351562,101.0738840257704,99.12193436237675,99.96778323504547,35374600,MSFT
2018-11-14,97.9911880493164,101.0624569322997,97.52442999030065,100.91309093477652,39495100,MSFT
2018-11-15,100.14762115478516,100.63305358832223,97.00167598206113,98.00986810909254,38505200,MSFT
2018-11-16,101.09046173095703,101.64123282443465,99.69952470303977,99.96090807771814,33502100,MSFT
2018-11-19,97.66444396972656,101.34249207196964,96.66558216032752,101.07177158427959,44773900,MSFT
2018-11-20,94.94792175292969,96.12415403408403,92.74482318537956,95.03194190552203,64052500,MSFT
2018-11-21,96.25486755371094,97.48710880135077,95.4427057978394,96.71228855263975,28130600,MSFT
2018-11-23,96.21751403808594,96.90831402892918,95.21865199323946,95.37734803724233,13823100,MSFT
2018-11-26,99.39144897460938,99.54080783005593,97.62710431654097,97.82314182053058,32336200,MSFT
2018-11-27,100.01692962646484,100.19429999158753,98.35527185477991,99.20476793171564,29124500,MSFT
2018-11-28,103.73231506347656,103.92835259637006,100.68905048154271,100.7170548259328,46788500,MSFT
2018-11-29,102.86412811279297,103.73229825905834,101.78124615738164,102.99481978021686,28123200,MSFT
2018-11-30,103.51762390136719,103.59230691610362,102.08934507481334,103.34025352190923,33665600,MSFT
2018-12-03,104.63780975341797,105.87938779888493,103.36823448839264,105.4873127704729,34732800,MSFT
2018-12-04,101.30514526367188,105.15123344686651,101.01575760539527,104.49777514683502,45197000,MSFT
2018-12-06,101.93063354492188,101.9773050804278,98.01919848806772,98.78468146756418,49107400,MSFT
2018-12-07,97.85116577148438,102.17334312394328,97.36574049129504,101.17448109552781,45044900,MSFT
2018-12-10,100.43699645996094,100.80107430106393,96.98298964667515,97.83249273897745,40801500,MSFT
2018-12-11,101.37051391601562,103.57361256949602,100.2969760560072,102.50007470948759,42381900,MSFT
2018-12-12,101.82791900634766,103.8723140430038,101.79057751461568,103.51758055479199,36183000,MSFT
2018-12-13,102.17333221435547,103.49893046219002,101.40784931283866,102.2946938630668,31333400,MSFT
2018-12-14,98.98070526123047,101.99596522488383,98.48594289617951,101.05311202380504,47043100,MSFT
2018-12-17,96.04949188232422,98.76602774372328,94.94794235947988,98.40195695518834,56957300,MSFT
2018-12-18,97.05766296386719,97.56176247568864,95.70406044448677,96.85228829732932,49319200,MSFT
2018-12-19,96.79629516601562,99.77420694276607,94.61186359716717,96.75895366408555,68198200,MSFT
2018-12-20,94.76123809814453,97.37507936805405,92.21273555976477,96.1988540015685,70334200,MSFT
2018-12-21,91.69928741455078,96.15215596989034,90.98047604655908,94.87323637990458,111242100,MSFT
2018-12-24,87.87187194824219,91.45657763972962,87.73185022456776,91.18585710368747,43935200,MSFT
2018-12-26,93.87437438964844,93.99573603779797,87.71316970813734,88.81471896348042,51634800,MSFT
2018-12-27,94.45315551757812,94.46249267241144,89.99094987700683,92.69814788351881,49498500,MSFT
2018-12-28,93.71569061279297,95.60139732247933,92.90352895598785,95.30266530163419,38196300,MSFT
2018-12-31,94.81723022460938,95.5920502988283,93.76235959300134,94.55584685551447,33173800,MSFT
2019-01-02,94.39713287353516,94.98524534214235,92.36206787271878,92.93151315658217,35329300,MSFT
2019-01-03,90.9244613647461,93.52897190352745,90.73775388828604,93.44495175857993,42579100,MSFT
2019-01-04,95.1532974243164,95.69473847770364,92.35274909292929,93.09022767485408,44060600,MSFT
2019-01-07,95.2746353149414,96.40418875666435,94.26644350456684,94.88256032634231,35656100,MSFT
2019-01-08,95.96546173095703,97.05767390191076,94.9479254381183,96.18950360962789,31514400,MSFT
2019-01-09,97.33773040771484,97.90717585578747,96.37620986750927,96.95499247172697,32280800,MSFT
2019-01-10,96.7122573852539,96.85228621143777,95.57336671146265,96.35752386479514,30067600,MSFT
2019-01-11,95.96546173095703,96.56291148885461,94.88257959341585,96.32953245460827,28314200,MSFT
2019-01-14,95.26531219482422,96.03079504235994,94.52783368819703,95.12528336811947,28437100,MSFT
2019-01-15,98.02851867675781,98.06586017199722,95.1066089931919,95.69472864051001,31587600,MSFT
2019-01-16,98.37393188476562,99.1954306763425,97.98185680087477,98.26191450203291,29853900,MSFT
2019-01-17,99.06473541259766,99.5408235163855,97.79515289150422,98.01919477106101,28393000,MSFT
2019-01-18,100.54900360107422,100.72637391327882,98.86867913961747,100.31562461013621,37427600,MSFT
2019-01-22,98.65397644042969,99.97956752199711,97.88849356438179,99.65283832895757,32371300,MSFT
2019-01-23,99.61550903320312,99.92357107672707,98.33658932419233,99.0647379149298,25874300,MSFT
2019-01-24,99.13941955566406,99.88623537932818,98.33659503798236,99.7555436785115,23164800,MSFT
2019-01-25,100.04492950439453,100.70772515213052,99.1394176503079,100.110275353547,31225600,MSFT
2019-01-28,98.0938720703125,99.40079601573274,97.70179702333519,99.19542133717438,29476700,MSFT
2019-01-29,96.09615325927734,97.99118987463487,95.37734184659234,97.90716971892232,31490500,MSFT
2019-01-30,99.30742645263672,99.30742645263672,97.39372298496679,97.66444347127516,49471900,MSFT
2019-01-31,97.48707580566406,98.22455429760602,96.32018080996387,96.89896329180942,55636400,MSFT
2019-02-01,95.9468002319336,97.1790414124134,95.54538795454134,96.88031649357477,35535700,MSFT
2019-02-04,98.70999145507812,98.76600726473622,95.93744746945329,96.03080477816253,31315100,MSFT
2019-02-05,100.09160614013672,100.13827767592316,98.91537375700409,99.00872395074025,27325400,MSFT
2019-02-06,98.98070526123047,99.88621696579344,98.51394723802584,99.88621696579344,20609800,MSFT
2019-02-07,98.27123260498047,98.56995745960565,97.35639085363685,98.19655673294592,29760700,MSFT
2019-02-08,98.6446533203125,98.74734067018643,97.32839920618072,97.44975374595752,21461100,MSFT
2019-02-11,98.2525634765625,99.49414152244987,97.9911801241993,99.13940086810365,18914100,MSFT
2019-02-12,99.78353118896484,100.01691020421121,98.46727724649973,99.08339414322573,25056600,MSFT
2019-02-13,99.70886993408203,100.61438185021078,99.615519732063,100.35299843569194,18394900,MSFT
2019-02-14,99.7928695678711,100.15694026634826,98.63531163225558,99.24209138160923,21784700,MSFT
2019-02-15,101.02510833740234,101.09979133091855,100.22228396250871,100.73572064022984,26606900,MSFT
2019-02-19,100.9784164428711,101.43584437654577,100.61434579992925,100.6236829534348,18038500,MSFT
2019-02-20,100.45344543457031,101.19407364484636,99.64719230199539,101.11907169005332,21607700,MSFT
2019-02-21,102.57219696044922,102.63782187813824,100.19093870739408,100.21906265032085,29063200,MSFT
2019-02-22,104.03468322753906,104.2503048585655,102.95655361467142,103.17218239827633,27763200,MSFT
2019-02-25,104.61593627929688,105.16906666258983,104.30656578457186,104.7753171947006,23750600,MSFT
2019-02-26,105.33783721923828,106.16283728091841,104.22220636499816,104.30658535399307,21536700,MSFT
2019-02-27,105.15970611572266,105.33783396831883,103.9503264297076,104.70970869690497,21487100,MSFT
2019-02-28,105.0284423828125,105.82531836904346,104.74719582139048,105.03781941396694,29083900,MSFT
2019-03-01,105.49720001220703,105.95657442969933,104.69094694737922,105.83470162783632,23501200,MSFT
2019-03-04,105.24407196044922,106.17219777937459,103.87531865754117,105.9565689767055,26608000,MSFT
2019-03-05,104.71907043457031,105.3659497204769,104.27845008240642,105.23469988747838,19538300,MSFT
2019-03-06,104.76593017578125,105.6190610941191,104.46592958800294,104.87843307841493,17687000,MSFT
2019-03-07,103.49095153808594,104.5784584086641,103.00345314434466,104.43783153366452,25339000,MSFT
2019-03-08,103.60344696044922,103.79094467847403,102.00031786782479,102.33781948233303,22818400,MSFT
2019-03-11,105.77845001220703,105.89094577839636,104.04407114185575,104.05344102065204,26491600,MSFT
2019-03-12,106.51908874511719,106.8659602621938,105.60970973074238,105.76908351710622,26132700,MSFT
2019-03-13,107.34408569335938,107.81283715926924,106.66908243803641,106.99720703365738,35513800,MSFT
2019-03-14,107.42845916748047,108.00033653684577,107.1847135513358,107.38158831172028,30763400,MSFT
2019-03-15,108.66597747802734,109.92222807998866,107.42846663657721,108.1315938950846,54681100,MSFT
2019-03-18,110.22222900390625,110.25972998275344,108.7972275706145,108.90972335457573,31207600,MSFT
2019-03-19,110.2972183227539,111.03784647681243,109.67846297154821,110.70971473764482,37588700,MSFT
2019-03-20,110.17533111572266,111.328462761354,109.41595610065998,110.05345832089132,28113300,MSFT
2019-03-21,112.70660400390625,113.26910433445914,109.77221523934608,109.81909324713372,29854400,MSFT
2019-03-22,109.73471069335938,112.11596162159397,109.72533366220217,112.03158979891641,33624500,MSFT
2019-03-25,110.30658721923828,110.6347117816266,109.0503296984928,109.27532837661923,27067100,MSFT
2019-03-26,110.54096221923828,111.29096019237413,109.5472043547793,111.20658837083518,26097700,MSFT
2019-03-27,109.47222137451172,110.82222797361547,108.30034263295087,110.51285026922415,22733400,MSFT
2019-03-28,109.62222290039062,110.23160126325322,108.87221766108588,110.1003514192619,18334800,MSFT
2019-03-29,110.56907653808594,110.92532500788148,109.6503206966639,110.69094932056323,25399800,MSFT
2019-04-01,111.58158111572266,111.66596008782498,110.71908024855877,111.51595620523364,22789100,MSFT
2019-04-02,111.74097442626953,112.01285112919574,111.11284203895333,111.61909446999734,18142300,MSFT
2019-04-03,112.47221374511719,112.90346418126737,111.7034617237053,112.36908786336618,22860700,MSFT
2019-04-04,111.90036010742188,112.71599030295768,110.98160400833854,112.59411033372132,20112800,MSFT
2019-04-05,112.3971939086914,112.71594853405821,111.90969567013815,111.92844257629963,15826200,MSFT
2019-04-08,112.43473052978516,112.51910236313503,111.225350850377,112.32222759940534,15116200,MSFT
2019-04-09,111.82533264160156,112.06908537189204,111.16908354379494,111.21595439216472,17612000,MSFT
2019-04-10,112.67847442626953,112.82847116904648,112.0690961183983,112.2753478982236,16477200,MSFT
2019-04-11,112.8097152709961,113.29721358690699,112.42533568420306,113.00659000353197,14209100,MSFT
2019-04-12,113.3909683227539,113.41909941678662,112.84722209863477,113.10034472429547,19745100,MSFT
2019-04-15,113.4847412109375,113.98161665739993,113.0347366230095,113.38161530854943,15792600,MSFT
2019-04-16,113.22222137451172,114.04722849897924,112.59409615207719,114.03785146731589,14071800,MSFT
2019-04-17,114.15972137451172,114.23472332075816,113.00659684943443,113.6628459976427,19300900,MSFT
2019-04-18,115.65973663330078,115.80035634779995,113.71910589483697,114.55348291290336,27991000,MSFT
2019-04-22,116.0253677368164,116.2503664433392,114.90973693131684,114.95661494010822,15648700,MSFT
2019-04-23,117.600341796875,117.731591603584,116.09096186714356,116.34408445077433,24025500,MSFT
2019-04-24,117.1972427368164,117.98474176111466,116.73786115339607,117.92849387440184,31257000,MSFT
2019-04-25,121.0784912109375,123.15974874862361,120.7784977280671,121.93162226484172,38033900,MSFT
2019-04-26,121.7722396850586,122.36287103430098,120.95661681622494,121.59411186194373,23654900,MSFT
2019-04-29,121.65977478027344,122.04414015877607,121.2660252159694,121.78164044924006,16324200,MSFT
2019-04-30,122.43790435791016,122.53164608004755,121.30351937030554,121.69726893566975,24166500,MSFT
2019-05-01,119.88787078857422,122.48475072884067,119.71911997693591,122.3722549561349,26821700,MSFT
2019-05-02,118.32223510742188,120.00036608520415,117.67535584516847,119.98161917513818,27350200,MSFT
2019-05-03,120.84410858154297,121.34098393504276,119.29723464029385,119.40036052338766,24911100,MSFT
2019-05-06,120.14098358154297,120.52536318032503,118.22848407651986,118.49098372808857,24239800,MSFT
2019-05-07,117.67534637451172,119.23160443016765,116.45659704609282,118.5566012808508,36017700,MSFT
2019-05-08,117.66596984863281,118.47222277003422,116.953465769878,117.60034494352239,28419000,MSFT
2019-05-09,117.65662384033203,117.92850056249578,115.84724280513049,116.52224609428465,27235800,MSFT
2019-05-10,119.18475341796875,119.93475867650197,116.08162078713352,117.10350277307053,30915100,MSFT
2019-05-13,115.64097595214844,117.70348652859145,115.35035235537485,116.35348012601632,33944900,MSFT
2019-05-14,116.93472290039062,118.01284535692358,115.96908904530855,116.12846995114754,25266300,MSFT
2019-05-15,118.58145904541016,119.23073295769723,116.39840114884181,116.92535110943207,24722700,MSFT
2019-05-16,121.31967163085938,121.74312107077519,118.99547378357154,119.2683568817107,30112200,MSFT
2019-05-17,120.51044464111328,122.75937001525946,120.3692900462168,120.73626901996914,25770500,MSFT
2019-05-20,118.76966094970703,120.05878988329496,118.33681405720492,119.0519486557438,23706900,MSFT
2019-05-21,119.40950012207031,120.0023106516555,119.10838898622544,119.90821476777693,15293300,MSFT
2019-05-22,120.13404846191406,120.67041008558014,119.05192783042168,119.14603089502997,15396500,MSFT
2019-05-23,118.73199462890625,118.83550225171375,117.37699096964849,118.75081093348237,23603800,MSFT
2019-05-24,118.7884521484375,119.8988007872087,118.53439254880298,119.41890963467064,14123400,MSFT
2019-05-28,118.71318054199219,120.44456775756039,118.60967291725107,119.48477826702683,23128400,MSFT
2019-05-29,117.56519317626953,117.98862824202146,116.71831586570991,117.97921649994422,22763100,MSFT
2019-05-30,118.30855560302734,118.33678364847161,117.41462681597886,117.86629708025303,16829600,MSFT
2019-05-31,116.37956237792969,117.26407945825886,116.04081146116769,116.89710049494262,26646800,MSFT
2019-06-03,112.76620483398438,117.02881870407712,111.98520267263972,116.53950870662399,37983600,MSFT
2019-06-04,115.8902587890625,116.00317097459991,113.52841412781278,114.12122463905077,29382600,MSFT
2019-06-05,118.40266418457031,118.4403039755529,116.87828495552786,117.57460314106554,24926100,MSFT
2019-06-06,120.27519989013672,120.41634731269959,118.18623813756345,118.97665939648182,21459000,MSFT
2019-06-07,123.64387512207031,124.44370810074517,120.6892197913941,121.56433235049462,33885600,MSFT
2019-06-10,124.7730484008789,126.1656846757307,124.20845875420623,124.58484227991391,26477100,MSFT
2019-06-11,124.30256652832031,126.3162486192499,123.53096160581532,125.97749769002289,23913700,MSFT
2019-06-12,123.7285385131836,124.18020150945648,122.99458075994974,123.64384003541986,17092500,MSFT
2019-06-13,124.50956726074219,125.1494220757026,123.79441851683347,124.18962549515197,17200800,MSFT
2019-06-14,124.63189697265625,125.89279760969426,123.86971098098569,124.45310976806952,17821700,MSFT
2019-06-17,125.00830078125,125.83634746962264,124.70718245230563,124.80128551962879,14517800,MSFT
2019-06-18,127.18194580078125,127.25722538250275,125.68580180411061,126.26920061481215,25934500,MSFT
2019-06-19,127.68070983886719,127.9065343132431,125.91167487962846,127.03143575880117,23744400,MSFT
2019-06-20,128.86622619628906,129.5343232231526,127.70883363566402,129.3367126112869,33042600,MSFT
2019-06-21,128.88511657714844,129.60025113025185,128.40522535365827,128.51813755727633,36727900,MSFT
2019-06-24,129.6472625732422,130.23066125566555,128.91330476048086,128.91330476048086,20628800,MSFT
2019-06-25,125.55400085449219,129.46845136800087,124.89532272916772,129.1485240440013,33327400,MSFT
2019-06-26,126.02455139160156,127.72772518237387,125.7140428273571,126.41977282595803,23657700,MSFT
2019-06-27,126.23157501220703,126.75853217345598,125.62935261460846,126.22217044719196,16557500,MSFT
2019-06-28,126.05278778076172,126.65501010981465,125.30000627991733,126.62678205986786,30043000,MSFT
2019-07-01,127.6712417602539,128.63103848118266,127.00315880328029,128.56517782088525,22613500,MSFT
2019-07-02,128.51806640625,128.52747096530712,127.35125496842545,128.08521260183116,15237800,MSFT
2019-07-03,129.3461456298828,129.60961690235635,128.24519466363074,128.72510004843485,13629300,MSFT
2019-07-05,128.96974182128906,129.2238085214949,127.70884159644157,127.91585678059347,18141100,MSFT
2019-07-08,128.8756561279297,129.00739176106342,127.37949828820928,128.34869923728758,16779700,MSFT
2019-07-09,128.40521240234375,128.88510357743075,127.78416662885805,127.9723584019444,19953100,MSFT
2019-07-10,129.7132110595703,130.40011773846993,128.93220128137284,129.03570894735364,24204400,MSFT
2019-07-11,130.23068237304688,131.0022872725657,129.73196773627933,130.04249060866292,22327900,MSFT
2019-07-12,130.70118713378906,130.91762133312605,129.8637214614573,130.65414995473716,18936800,MSFT
2019-07-15,130.70118713378906,131.30340947840838,130.2871709378303,131.20932076219137,16651500,MSFT
2019-07-16,128.9886474609375,130.84236638098878,128.46170460494412,130.7576822130147,22726100,MSFT
2019-07-17,128.22640991210938,129.7884143648862,128.17935838491684,129.57199456953273,20211000,MSFT
2019-07-18,128.36752319335938,128.555714904521,126.7208205940075,127.54888135284733,30381800,MSFT
2019-07-19,128.55572509765625,132.36666857280315,128.39576141258004,131.94323359958867,48992400,MSFT
2019-07-22,130.25892639160156,130.97407528530488,129.22386438151926,129.29914396812555,25074900,MSFT
2019-07-23,131.0681610107422,131.72685378899644,129.88253985448742,131.51041959814708,18034600,MSFT
2019-07-24,132.41380310058594,132.43262659242674,130.6541871035823,130.70122429600823,20738300,MSFT
2019-07-25,131.9150390625,132.31024609508248,131.09639694915856,132.1408634479117,18356900,MSFT
2019-07-26,132.99716186523438,133.31708933909624,132.018555957506,132.08441662183617,19037600,MSFT
2019-07-29,132.70542907714844,133.1570921242279,131.14341035661647,133.1476875625775,16605900,MSFT
2019-07-30,132.0655517578125,132.8841935831162,131.54801379315217,131.8679411319942,16846500,MSFT
2019-07-31,128.22640991210938,132.1973175909083,127.10664961223387,132.04675844713628,38598800,MSFT
2019-08-01,129.91075134277344,132.62075862086454,128.84744708416753,128.91332209684015,40557500,MSFT
2019-08-02,128.81919860839844,130.1553929102932,127.2760034549164,129.93895878136018,30791600,MSFT
2019-08-05,124.40605163574219,126.024512051176,123.06045272557274,125.43170880092082,42749600,MSFT
2019-08-06,126.73965454101562,127.67120861354785,125.34701853366178,125.90218915278217,32696700,MSFT
2019-08-07,127.29486846923828,127.64302400000143,124.04851341521257,125.89281306576213,33414500,MSFT
2019-08-08,130.6917724609375,130.78587552798916,127.90648535868692,128.53695006333118,27496500,MSFT
2019-08-09,129.58139038085938,131.1528134737001,128.40517420135814,130.4282602868572,23466700,MSFT
2019-08-12,127.77474975585938,129.72257125171518,127.25722596110316,128.97920871076764,20484300,MSFT
2019-08-13,130.4188690185547,130.60706075483375,127.03136033309518,128.01938489619664,25154600,MSFT
2019-08-14,126.49136352539062,129.2670384726993,126.19869286464656,128.73834122672042,32527300,MSFT
2019-08-15,126.2081527709961,127.05785728317043,124.85808736125207,126.87847473929178,28074400,MSFT
2019-08-16,128.52125549316406,128.83281244696497,127.19006152853991,127.3411220647935,24449100,MSFT
2019-08-19,130.67379760742188,130.80597195482486,129.23875154567287,130.14510021780998,24355700,MSFT
2019-08-20,129.5880584716797,130.9570244791791,129.5691867131472,130.48497120926137,21170800,MSFT
2019-08-21,131.03257751464844,131.69346380484316,130.2867394751016,130.80600110057173,14970300,MSFT
2019-08-22,130.0789794921875,131.41960886026482,128.67225576083516,130.90979773952802,18697000,MSFT
2019-08-23,125.93437957763672,130.61715468124206,125.3773601376089,129.5219875610384,38508600,MSFT
2019-08-26,127.87924194335938,127.98309425035086,126.41587376517903,127.44496095479434,20312600,MSFT
2019-08-27,128.153076171875,129.07829690295674,127.13343898814226,128.76673989632218,23102100,MSFT
2019-08-28,127.98306274414062,128.17188114511805,126.0854140445486,127.34107729963328,17393300,MSFT
2019-08-29,130.40000915527344,130.7021302056867,129.25764814746918,129.57864095908982,20168700,MSFT
2019-08-30,130.15452575683594,131.40073887534862,128.65339984361205,131.37241683214987,23940100,MSFT
2019-09-03,128.43624877929688,129.531415835195,128.11525600957862,128.974396427874,18869300,MSFT
2019-09-04,129.93743896484375,129.99408307463983,128.85170737201565,129.62588195503716,17995900,MSFT
2019-09-05,132.2221221923828,132.5336790754862,131.00421670334944,131.33465975068032,26101800,MSFT
2019-09-06,131.3252410888672,132.34486359607237,130.4755364582972,132.20325336060617,20824500,MSFT
2019-09-09,129.8335418701172,131.9388955253425,128.8327911929049,131.78783501400997,25773900,MSFT
2019-09-10,128.47402954101562,129.23875359209347,126.9917752447399,129.1537874544012,28903400,MSFT
2019-09-11,128.5117950439453,128.65341968770628,127.53936632833629,128.31354071097428,24726100,MSFT
2019-09-12,129.8335418701172,130.68323203599695,129.21986394505,130.1450987725193,27010000,MSFT
2019-09-13,129.64471435546875,130.34334396109406,128.9366344648449,130.07899528773493,23363100,MSFT
2019-09-16,128.7100372314453,129.05935201666531,128.077487623056,128.23798399480359,16731400,MSFT
2019-09-17,129.71080017089844,129.8335386340373,128.8044515314171,129.3048412634744,17814200,MSFT
2019-09-18,130.7776641845703,130.91927442727277,128.89888666447607,129.68249695458798,23982100,MSFT
2019-09-19,133.1851043701172,134.41243123548338,132.24099791619165,132.45813836693657,35772100,MSFT
2019-09-20,131.6461944580078,133.73266146712885,130.52270557344113,133.12843396693162,39167300,MSFT
2019-09-23,131.3629913330078,131.82560875167962,130.7021195962791,131.4479574693179,17139300,MSFT
2019-09-24,129.70130920410156,132.82629829678794,129.22925612288813,132.51474153447705,29773200,MSFT
2019-09-25,131.5706787109375,132.13714835735334,128.42680242576486,129.81464009415427,21382000,MSFT
2019-09-26,131.74066162109375,132.3448894201914,130.7021527445434,131.64625958100396,17456600,MSFT
2019-09-27,130.03175354003906,132.5147576592543,129.0121170318357,132.31648900241535,22477700,MSFT
2019-09-30,131.25912475585938,131.4385072947318,130.0789916379322,130.3339044250626,17280900,MSFT
2019-10-01,129.40870666503906,132.41095892584008,129.34261228406484,131.85393945444736,21466600,MSFT
2019-10-02,127.12393951416016,128.74780391116147,126.11375301009775,128.63451573655476,30521700,MSFT
2019-10-03,128.662841796875,129.10657303583397,125.77387800683437,127.40717833406802,24132900,MSFT
2019-10-04,130.40000915527344,130.5227476327444,128.79503069124559,129.10658762226254,22897700,MSFT
2019-10-07,129.4558563232422,130.45660673554366,129.36145433309116,129.47474248364017,15303700,MSFT
2019-10-08,128.08694458007812,130.06012397653248,128.0397363674609,129.41813838389473,25550500,MSFT
2019-10-09,130.51329040527344,130.9475713368054,129.3142710921859,129.77688847274337,19749900,MSFT
2019-10-10,131.3252410888672,131.86337438956303,130.522744672094,130.7493354547642,17654600,MSFT
2019-10-11,131.87281799316406,133.14736781070172,131.70288570065244,132.28822724942597,25446000,MSFT
2019-10-14,131.75003051757812,132.4486599251709,131.72170848245509,131.88220481679173,13304300,MSFT
2019-10-15,133.65716552734375,133.8648557060827,131.99552885005554,132.23155547754106,19695700,MSFT
2019-10-16,132.56201171875,133.10959527775475,131.73119329737403,132.9207624322249,20751600,MSFT
2019-10-17,131.8822479248047,133.51554824308525,131.24969825709977,133.07181700655863,21460600,MSFT
2019-10-18,129.729736328125,132.1749698122284,128.92723967760796,131.9483789635589,32273500,MSFT
2019-10-21,130.6927032470703,130.7587976408674,129.35207325989686,130.71158941757335,20078200,MSFT
2019-10-22,128.74781799316406,132.18436558936338,128.6439656864414,131.2025010215596,27431000,MSFT
2019-10-23,129.5692138671875,129.76746821478483,128.03031527485095,129.22933486538082,29844600,MSFT
2019-10-24,132.11827087402344,132.57143797737498,130.91925154035994,131.5990093983485,37029300,MSFT
2019-10-25,132.86410522460938,133.2511923514394,131.41962341563107,131.55179775089962,25959700,MSFT
2019-10-28,136.13072204589844,137.52799566822608,135.48872211828478,136.32897634868806,35280100,MSFT
2019-10-29,134.84677124023438,136.42342781219008,134.67682453111692,136.02690469881733,20589500,MSFT
2019-10-30,136.52728271484375,136.89548378464818,134.8090014518056,135.4982097769194,18496600,MSFT
2019-10-31,135.3565216064453,136.8293251946243,134.99777099260655,136.80100315684544,24605100,MSFT
2019-11-01,135.6869659423828,136.3478375070167,134.9788861790066,136.19677703340903,33128400,MSFT
2019-11-04,136.47059631347656,136.89544135373484,136.1023953577965,136.73494497878934,16912000,MSFT
2019-11-05,136.38565063476562,136.91434804465823,135.86638910507685,136.86713983179126,18250200,MSFT
2019-11-06,136.00799560546875,136.44229098363357,135.19606334657902,136.30066634891907,16575800,MSFT
2019-11-07,136.19680786132812,136.78216372757217,135.73420486433483,135.80028483279548,17786700,MSFT
2019-11-08,137.8018341064453,137.83015615781494,135.7247876331618,135.93249228049015,16732700,MSFT
2019-11-11,137.94337463378906,138.2360452872832,136.6405033056729,137.2164087356165,14362600,MSFT
2019-11-12,138.84979248046875,139.32184587533385,137.89623540304834,138.10394004926312,18641600,MSFT
2019-11-13,139.0762939453125,139.21791853100973,138.10386562838292,138.53816085623507,16919200,MSFT
2019-11-14,139.78445434570312,140.11489749715756,138.78370341514088,138.80258958531948,19729800,MSFT
2019-11-15,141.58766174316406,141.60654790799413,139.98268347475755,140.605782854921,23485700,MSFT
2019-11-18,141.9369659423828,142.13523464345982,140.65298054252128,141.68206756289746,21534000,MSFT
2019-11-19,141.9841766357422,142.8716390549211,141.80479409493938,142.44679400907984,23935700,MSFT
2019-11-20,141.7379150390625,142.89364579037107,140.6390355903141,142.3915676965177,25696800,MSFT
2019-11-21,141.60525512695312,141.90840417755308,140.67688645563982,141.52946786430311,18576100,MSFT
2019-11-22,141.70944213867188,142.3820449717488,140.98001693477065,142.16416565467054,15901800,MSFT
2019-11-25,143.26304626464844,143.37673437237504,142.02206070526566,142.09784795876988,22420900,MSFT
2019-11-26,144.0209197998047,144.39037366594638,143.34833134205698,143.38621774540442,24620100,MSFT
2019-11-27,144.295654296875,144.46616479892097,143.53779611513806,144.30512228423004,15184400,MSFT
2019-11-29,143.4052276611328,144.27675984906978,143.3104899310524,144.08729884385707,11977300,MSFT
2019-12-02,141.67161560058594,143.83150262190924,140.50641681525414,143.81255218700036,27418400,MSFT
2019-12-03,141.4442138671875,141.55788753469812,138.92434156779072,139.72010060519244,24066000,MSFT
2019-12-04,141.95579528808594,142.26839792000038,141.34002910308067,142.23051151020442,17574700,MSFT
2019-12-05,142.03152465820312,142.4009929291474,141.60523401741995,142.14521276270145,17869100,MSFT
2019-12-06,143.7556610107422,143.86933466734416,142.3536329112005,143.0357037606945,16403500,MSFT
2019-12-09,143.38621520996094,144.19144220254154,142.9599245188649,143.11149903945875,16687400,MSFT
2019-12-10,143.16835021972656,143.88830758229085,142.8178322988556,143.31991030056835,16476100,MSFT
2019-12-11,143.7082977294922,143.8693402342234,142.4104752499314,143.55672321153048,18856600,MSFT
2019-12-12,145.1671905517578,145.35665148920563,143.0641408997182,143.6609421299317,24612100,MSFT
2019-12-13,146.38919067382812,146.73022606118172,144.77875141046812,144.9397938913102,23845400,MSFT
2019-12-16,147.3365478515625,147.68705131530712,146.66395934248806,146.93867553881213,24144200,MSFT
2019-12-17,146.5408172607422,147.50708694421763,146.31345543670542,147.26077468777498,25425600,MSFT
2019-12-18,146.23770141601562,147.2892266020141,146.0577084045914,146.17139656993444,24129200,MSFT
2019-12-19,147.507080078125,147.5639169177524,145.65032807228027,145.8871578740238,24958900,MSFT
2019-12-20,149.1175079345703,150.14061433101858,148.0565006781002,149.06067109948032,53477500,MSFT
2019-12-23,149.1175079345703,149.79009642305894,148.9848838343794,149.79009642305894,17718200,MSFT
2019-12-24,149.08908081054688,149.40169784022848,148.84276859961727,149.1838040451843,8989200,MSFT
2019-12-26,150.3110809326172,150.36791775110598,149.10798193982973,149.2595564257589,14520600,MSFT
2019-12-27,150.58583068847656,151.1447454147721,149.88480944290797,151.05000773525674,18412800,MSFT
2019-12-30,149.2880096435547,150.6426834381321,148.4733146604014,150.61426502226158,16348400,MSFT
2019-12-31,149.39224243164062,149.4585617173354,148.20809337232998,148.51124246988692,18369400,MSFT
2020-01-02,152.15838623046875,152.2625919076215,149.9890318942147,150.4153225898607,22622100,MSFT
2020-01-03,150.26376342773438,151.52369966939423,149.7332670007078,149.9795792382155,21116200,MSFT
2020-01-06,150.6521453857422,150.71846465674278,148.26489736372372,148.80487615350108,20813700,MSFT
2020-01-07,149.27857971191406,151.2584736153163,149.03228189326714,150.92692052732374,21634100,MSFT
2020-01-08,151.65631103515625,152.32891395537885,149.62904874222338,150.55741741152548,27746500,MSFT
2020-01-09,153.55091857910156,153.67407466292312,152.54676284777327,153.3140888517151,21385000,MSFT
2020-01-10,152.8404541015625,154.62141856495847,152.68887958234973,154.24249672186824,20725900,MSFT
2020-01-13,154.6782684326172,154.70668685049705,152.7646797173632,153.23833928861814,21626500,MSFT
2020-01-14,153.5888671875,154.98142757393325,153.20046284462947,154.7824841808954,23477400,MSFT
2020-01-15,154.58351135253906,155.3034830617299,154.00566062481232,154.05301501204548,21417900,MSFT
2020-01-16,157.41603088378906,157.48235016664844,155.38876835912026,155.6919174437164,23865400,MSFT
2020-01-17,158.29701232910156,158.6475157371676,156.71497686229213,158.60014689568655,34371700,MSFT
2020-01-21,157.72862243652344,159.32959395002115,157.66230316439436,157.89913292781256,29517200,MSFT
2020-01-22,156.9707489013672,158.66645793583385,156.9517984747694,158.58118824361392,24138800,MSFT
2020-01-23,157.93704223632812,158.0128294992705,156.5634324259856,157.43496426740944,19680800,MSFT
2020-01-24,156.3455352783203,158.7043650014878,155.7866204878923,158.6854145724222,24918100,MSFT
2020-01-27,153.73097229003906,154.77302928468092,151.76054644422686,152.66049687326566,32078100,MSFT
2020-01-28,156.74343872070312,157.02762291226713,154.47934644660026,155.15193497322656,24899900,MSFT
2020-01-29,159.18748474121094,159.86008761817865,156.96129367549298,158.99802382465174,34754500,MSFT
2020-01-30,163.6778106689453,164.88091010363243,161.7926402519902,164.88091010363243,51597500,MSFT
2020-01-31,161.2621612548828,163.31784241229383,160.64640948856473,163.13786388648447,36142700,MSFT
2020-02-03,165.19351196289062,165.30718563115278,161.4231714761802,161.45158989324574,30107000,MSFT
2020-02-04,170.63113403320312,171.1237440771596,167.02185010187932,167.80812679253964,36433300,MSFT
2020-02-05,170.42271423339844,174.4961895872338,169.01121791022703,174.33514706166798,39186300,MSFT
2020-02-06,173.95623779296875,174.13623076252514,170.57430114590088,171.43636512906852,27751400,MSFT
2020-02-07,174.20249938964844,175.85083973913436,172.86677606101028,173.21729393859556,33529100,MSFT
2020-02-10,178.75909423828125,178.89171832144078,173.5962085264368,173.90882553422875,35844300,MSFT
2020-02-11,174.7235565185547,180.6537695392819,173.8330741528824,180.6064006880335,53159900,MSFT
2020-02-12,174.97933959960938,176.05928293291046,172.2700060504583,175.8035026959606,47062900,MSFT
2020-02-13,174.03201293945312,176.41924686578838,173.23625384239782,173.43519723039753,35295800,MSFT
2020-02-14,175.5856170654297,175.64245390384997,173.02784369696806,173.59624099105812,23149500,MSFT
2020-02-18,177.36654663085938,177.81178775317247,175.72768867603537,175.83189435263932,27792200,MSFT
2020-02-19,177.89846801757812,178.75337797301026,177.12904615880493,178.63939384413166,29997500,MSFT
2020-02-20,175.18174743652344,177.86998445493268,172.02806552961567,177.5850096183367,36862400,MSFT
2020-02-21,169.64382934570312,174.30787459136025,168.37095788184524,173.99440364976678,48572600,MSFT
2020-02-24,162.32957458496094,165.80623699687268,155.05328492359658,159.36586996860478,68311100,MSFT
2020-02-25,159.65081787109375,166.0816754656081,159.25184432237913,165.4737357884397,68073300,MSFT
2020-02-26,161.64559936523438,164.58080718946448,159.78379060390208,161.20865045967483,56206100,MSFT
2020-02-27,150.25619506835938,158.66287293546242,150.06621667754132,155.13872812835803,93174900,MSFT
2020-02-28,153.89434814453125,155.50920080368482,144.38578921735436,144.77525436429954,97012700,MSFT
2020-03-02,164.1343536376953,164.25784613285873,154.17933661297113,157.02905638868572,71030800,MSFT
2020-03-03,156.26910400390625,166.23362782707545,154.1318145032724,165.0937429922885,71677000,MSFT
2020-03-04,162.00660705566406,162.14908727738012,157.32355901142066,160.04980137381693,49814400,MSFT
2020-03-05,157.9409637451172,162.31052511256803,157.39001621509487,157.73198314771483,47817300,MSFT
2020-03-06,153.4763946533203,154.93924423326555,148.18540868091614,154.4642910003139,72821100,MSFT
2020-03-09,143.07492065429688,149.84775902864055,142.48598322850134,143.435889783358,70419300,MSFT
2020-03-10,152.85897827148438,152.96346858405525,144.93676019104754,150.2372411030131,65354400,MSFT
2020-03-11,145.9341583251953,149.8002707223912,143.5783794771565,149.25883148736696,56371600,MSFT
2020-03-12,132.09402465820312,145.7821838160187,131.6380734962404,138.0214477414232,93226400,MSFT
2020-03-13,150.8736572265625,153.79937110403267,133.6803430845326,140.11121440764762,92727400,MSFT
2020-03-16,128.6363525390625,141.8685592719839,128.23739349861998,132.98692659116145,87905900,MSFT
2020-03-17,139.227783203125,140.11118916733258,128.2373595768807,132.98689141306144,81059800,MSFT
2020-03-18,133.3668975830078,138.68638100850166,128.2564092897263,131.08712725461115,81593200,MSFT
2020-03-19,135.56112670898438,142.62841700207625,132.03696815969562,135.61811876462252,85922700,MSFT
2020-03-20,130.46966552734375,139.7312540410922,129.05429960314783,138.6863510776693,84866200,MSFT
2020-03-23,129.1682891845703,133.52837128420802,125.881620623842,130.14669177586433,78975200,MSFT
2020-03-24,140.90914916992188,142.10604082694735,134.19331668258258,136.5490811192796,82516700,MSFT
2020-03-25,139.5602569580078,146.59906738567054,137.20449296873716,141.45057605299218,75638200,MSFT
2020-03-26,148.2899169921875,148.81236851080732,140.93763483465182,140.96613087253797,64568100,MSFT
2020-03-27,142.20101928710938,147.1310370046496,141.7260659731949,144.1483307730437,57042300,MSFT
2020-03-30,152.20352172851562,152.5549970065621,142.49547567385673,144.8037561165446,63420300,MSFT
2020-03-31,149.80979919433594,156.52563234720105,148.71739774047174,151.4151294187409,77927200,MSFT
2020-04-01,144.49032592773438,149.84779977411256,143.26495251632153,145.33574241165908,57969900,MSFT
2020-04-02,147.48251342773438,147.69149406752848,142.82797625652344,144.25283634906882,49630700,MSFT
2020-04-03,146.1241455078125,149.4963171018683,144.5662991410881,147.33053104311554,41243300,MSFT
2020-04-06,156.99110412597656,158.15948545558706,149.68631836450496,152.2890682680744,67111700,MSFT
2020-04-07,155.3002471923828,161.48413441584339,155.0817582215985,161.09466920123717,62769000,MSFT
2020-04-08,156.8580322265625,158.3208815535297,155.3096803166894,157.37097525189856,48318200,MSFT
2020-04-09,156.8675994873047,158.98588747288602,155.1482705957952,158.02648687721998,51385100,MSFT
2020-04-13,157.21902465820312,157.27603122535353,154.16983281192037,156.1171440984928,41905300,MSFT
2020-04-14,164.998779296875,165.04627752742255,159.58431438622728,160.53422101947862,52874300,MSFT
2020-04-15,163.2699737548828,164.87531845127268,160.7622205618649,162.62402963993992,40940800,MSFT
2020-04-16,168.1714324951172,168.3994152624169,164.23882034933587,165.5686980836176,50479600,MSFT
2020-04-17,169.65330505371094,170.98316834305447,167.06004989785689,170.50821509765711,52765600,MSFT
2020-04-20,166.29066467285156,169.79582271685595,166.2241787409171,167.78202514998281,36669600,MSFT
2020-04-21,159.413330078125,164.97027490463032,157.78898343996238,164.8087925244848,56203700,MSFT
2020-04-22,164.82781982421875,165.28377099611347,162.2630745524747,162.80451385139472,34620200,MSFT
2020-04-23,162.83299255371094,166.2906521024293,162.34854539106306,165.38824370404214,32790800,MSFT
2020-04-24,165.8061981201172,165.81569196802081,162.15856029457086,163.44092549392695,34277600,MSFT
2020-04-27,165.33123779296875,168.03846276162992,164.61880788104367,167.74399405047532,33194400,MSFT
2020-04-28,161.3036346435547,166.87008780328102,160.90467561776978,166.7940935372614,34392700,MSFT
2020-04-29,168.5419464111328,168.7794230968236,163.26997558433888,164.54284714097906,51286600,MSFT
2020-04-30,170.23281860351562,171.36319561712972,167.4020856607841,170.98323866231826,53875900,MSFT
2020-05-01,165.8251953125,169.69130747870238,165.29323546301947,166.99357632410124,39370500,MSFT
2020-05-04,169.88128662109375,170.03327515016903,165.09376391061315,165.74920175962944,30372900,MSFT
2020-05-05,171.70510864257812,174.450338086352,170.88818840181372,171.572122300799,36839200,MSFT
2020-05-06,173.39596557617188,174.9728142035313,172.5315614803006,172.95901660365254,32139300,MSFT
2020-05-07,174.40286254882812,175.30527094576834,173.43395373066107,174.94430178922232,28316000,MSFT
2020-05-08,175.42872619628906,175.73270323488325,174.17485714814552,175.71370104636537,30877800,MSFT
2020-05-11,177.38555908203125,178.11697670899608,173.6904230840471,173.97538346108584,30892700,MSFT
2020-05-12,173.36744689941406,177.67052260190522,173.16797463195846,177.4425542962417,32038200,MSFT
2020-05-13,170.74571228027344,174.83031358141244,167.6965057001137,173.4054536736494,44711500,MSFT
2020-05-14,171.48663330078125,171.63862183186455,166.87958060148486,168.64640741566177,41873900,MSFT
2020-05-15,173.98486328125,177.6894925196797,168.1334362582344,170.09024116337534,46610400,MSFT
2020-05-18,175.64724731445312,176.87262055157336,174.74483886920328,176.44516544534193,35264500,MSFT
2020-05-19,174.43136596679688,177.25258992843055,174.29837961314254,175.76122950334033,26799100,MSFT
2020-05-20,176.85081481933594,177.0318020320773,175.2124241516012,176.04113977332156,31261300,MSFT
2020-05-21,174.72662353515625,177.8128975506415,174.59326682345701,176.6031523221469,29119500,MSFT
2020-05-22,174.80288696289062,175.70782337730952,173.87890996538644,174.4980777507676,20826900,MSFT
2020-05-26,172.9549102783203,177.6509856570582,172.50720958063704,177.49857381640152,36073600,MSFT
2020-05-27,173.18350219726562,173.3549691405075,168.22071368879833,171.64989267092176,39517100,MSFT
2020-05-28,172.79295349121094,175.41247189302518,171.82136076722483,172.16428012121764,33810200,MSFT
2020-05-29,174.55520629882812,175.52681369967453,171.84996129665396,174.05987504067974,42130400,MSFT
2020-06-01,174.15509033203125,174.31702243383316,172.85009869499837,173.87884210235282,22622400,MSFT
2020-06-02,176.1364288330078,176.22215504170484,172.74534536425864,175.50774089964386,30794600,MSFT
2020-06-03,176.56507873535156,177.11756076291744,174.86953695945328,176.05070693577963,27311000,MSFT
2020-06-04,174.24085998535156,177.02231087757588,173.65028222738718,175.55538677286637,28761800,MSFT
2020-06-05,178.3177947998047,178.82264637625497,173.37404583909802,173.9551033467779,39893600,MSFT
2020-06-08,179.42271423339844,179.60370145806192,175.6887117435754,177.11753989433996,33211600,MSFT
2020-06-09,180.79440307617188,181.651694207209,178.37491244759534,179.07980627930513,29783900,MSFT
2020-06-10,187.50035095214844,189.10064603035806,181.9469704923257,182.0612866274209,43872300,MSFT
2020-06-11,177.431884765625,186.47159494477742,177.2413772514786,183.96639279090866,52854700,MSFT
2020-06-12,178.83212280273438,182.62327580090312,176.3935774041009,181.49925685081865,43373600,MSFT
2020-06-15,179.97520446777344,181.7660071501727,175.27911483833037,175.8220765372761,32770200,MSFT
2020-06-16,184.3855438232422,186.3001685905178,182.37565801817837,183.73780074282863,42556700,MSFT
2020-06-17,185.02371215820312,187.0050221314009,184.49980563299377,185.7762218691107,25687800,MSFT
2020-06-18,187.0050811767578,187.167013329353,184.79515278530405,184.79515278530405,23061600,MSFT
2020-06-19,185.8905487060547,189.83411407758476,185.14755918205572,189.1673304707642,44441100,MSFT
2020-06-22,191.05340576171875,191.2343784743109,185.96676585995345,186.50019277764127,32818900,MSFT
2020-06-23,192.329833984375,194.27303423664063,191.87259842577603,192.5012864177539,30917400,MSFT
2020-06-24,188.45291137695312,193.6062219286943,187.23364580385098,192.03451671588377,36740600,MSFT
2020-06-25,190.83428955078125,191.09148269469972,186.1953653454678,188.41481354457534,27803900,MSFT
2020-06-26,187.0145721435547,190.4056555951069,185.63337438286644,190.2532437572232,54675800,MSFT
2020-06-29,189.0244140625,189.1101402509109,184.36643553991252,186.49062234990015,26701600,MSFT
2020-06-30,193.85389709472656,194.70166798928813,188.357681249384,188.49103797881637,34310300,MSFT
2020-07-01,194.9874267578125,196.5591465629425,192.1964558697461,193.50144769462975,32061200,MSFT
2020-07-02,196.473388671875,198.1498896510141,195.2731782720934,195.92090671600337,29315800,MSFT
2020-07-06,200.70274353027344,201.1123485300744,198.21658173292928,198.92147558606962,31897600,MSFT
2020-07-07,198.3689422607422,204.48432399466574,198.12128398792274,200.46455362976818,33600700,MSFT
2020-07-08,202.73171997070312,203.1413105076855,198.78815379243784,200.10268069679142,33600000,MSFT
2020-07-09,204.15101623535156,206.11327165088568,201.43623636214315,206.06564112885147,33121700,MSFT
2020-07-10,203.53179931640625,203.92234915396207,201.0646929402599,203.48416880588633,26177600,MSFT
2020-07-13,197.24497985839844,205.5607560236362,196.70201815845206,204.30338021415548,38135600,MSFT
2020-07-14,198.46424865722656,198.94052473796404,192.44411202000435,196.34958169596874,37591800,MSFT
2020-07-15,198.16896057128906,201.30286556387918,195.3017835765053,199.6168440382108,32179400,MSFT
2020-07-16,194.24444580078125,195.93998757949456,192.71083615432784,195.6542190082387,29940700,MSFT
2020-07-17,193.2537841796875,195.31128577018185,191.8344762485348,194.76833860463782,31635300,MSFT
2020-07-20,201.56005859375,202.22684225080772,193.37762385459058,195.27320803339165,36884800,MSFT
2020-07-21,198.84524536132812,203.78899294881228,198.15940670556205,203.52227953099117,37990400,MSFT
2020-07-22,201.70291137695312,202.22681794982566,198.50233567288583,199.27390056439273,49605700,MSFT
2020-07-23,192.92990112304688,200.91229258668062,192.55840637545583,197.35927722794668,67457000,MSFT
2020-07-24,191.7487335205078,193.23471241579142,188.13855305601066,190.91048305248486,39827000,MSFT
2020-07-27,194.17776489257812,194.2920665013878,191.32962868313254,191.91068608590263,30160900,MSFT
2020-07-28,192.43460083007812,194.98743376683993,192.16788737503714,193.949155350088,23251400,MSFT
2020-07-29,194.3778076171875,194.93980994999856,192.4250726197522,192.8918284495138,19632600,MSFT
2020-07-30,194.2254180908203,194.75885961533362,190.10087921146712,191.46302209344006,25079600,MSFT
2020-07-31,195.28269958496094,195.3684403198741,189.56738702018401,194.70164222615028,51044000,MSFT
2020-08-03,206.265625,207.3134381221961,200.455065920416,201.48382393090174,78983000,MSFT
2020-08-04,203.1698455810547,204.57963325518696,200.3312441892674,204.0080961402909,49280100,MSFT
2020-08-05,202.83645629882812,204.79871139406026,201.53146450991576,204.70345036554147,28806400,MSFT
2020-08-06,206.0846710205078,206.10371159915528,201.5124176259521,202.26492745672695,32656800,MSFT
2020-08-07,202.39830017089844,205.4655196114251,200.92184126067818,204.6558589111581,27820400,MSFT
2020-08-10,198.3689422607422,201.82671046724803,196.55909938176273,201.6266681637787,36716500,MSFT
2020-08-11,193.7300567626953,197.7974438909009,193.50143901907384,197.3307026496794,36446500,MSFT
2020-08-12,199.26441955566406,200.30269808261428,195.03508498428386,195.54945683508657,28013100,MSFT
2020-08-13,198.79763793945312,201.321909948508,198.27373133117436,199.50253178830027,22588900,MSFT
2020-08-14,198.98812866210938,199.6453919392723,197.6640818192709,198.85477194897427,17958900,MSFT
2020-08-17,200.3026885986328,201.169514645871,199.00721694022218,199.65496003682452,20184800,MSFT
2020-08-18,201.45529174804688,202.28400760033358,199.2834736604858,200.54083514206582,21336200,MSFT
2020-08-19,200.23304748535156,202.5247077340246,199.80336574182783,201.94224572660374,27627600,MSFT
2020-08-20,204.89273071289062,205.29376795305888,199.47870611572912,200.08025469101796,26981500,MSFT
2020-08-21,203.40316772460938,206.487344560312,203.24084416167003,204.20524223675469,36249300,MSFT
2020-08-24,204.04287719726562,205.7902628241952,202.839751103684,205.09320849159093,25460100,MSFT
2020-08-25,206.69741821289062,206.83109730111778,203.47956222275502,203.47956222275502,23043700,MSFT
2020-08-26,211.1661376953125,212.06370355764227,207.54724433690507,208.04377292307376,39600800,MSFT
2020-08-27,216.3509979248047,220.71467669554357,209.49513302411248,212.82758145339662,57602200,MSFT
2020-08-28,218.57582092285156,220.22771568625402,216.35100743795786,217.87876641205395,26292900,MSFT
2020-08-31,215.34835815429688,218.37524550732942,214.18343436922757,216.75199559089802,28774200,MSFT
2020-09-01,217.00985717773438,217.181724050309,214.29805843882244,215.3293033840546,25725500,MSFT
2020-09-02,221.1920928955078,222.3474735322865,217.08622920281584,217.67823447442825,34080800,MSFT
2020-09-03,207.48997497558594,218.9577772060662,205.25561798169193,218.91958942041342,58400300,MSFT
2020-09-04,204.57762145996094,208.5020748978359,195.92664012521107,205.38925379080658,59664100,MSFT
2020-09-08,193.51089477539062,200.54817062580975,193.07165511687595,197.17753404239843,52924300,MSFT
2020-09-09,201.7512664794922,205.14100397041202,197.3684863965206,198.22786446784107,45679000,MSFT
2020-09-10,196.09852600097656,205.0455254022006,194.89541419577412,203.7660088945279,35461500,MSFT
2020-09-11,194.8190155029297,199.21135322657878,192.15497713349296,197.8459033435166,33620100,MSFT
2020-09-14,196.13673400878906,199.75562740153794,194.81902968180668,195.01955560675427,30375800,MSFT
2020-09-15,199.3545684814453,200.30942320721906,197.58808141079317,199.0108201973697,21823900,MSFT
2020-09-16,195.79299926757812,201.14017794127574,195.40150526357743,201.11153346000052,26328100,MSFT
2020-09-17,193.74960327148438,195.10549542521738,190.9327843465496,191.01871778722526,34011300,MSFT
2020-09-18,191.3433380126953,194.4561591751333,187.3902400287708,193.64454139976738,55225300,MSFT
2020-09-21,193.39625549316406,193.5585936061161,187.51436188906752,188.28779182875024,39839700,MSFT
2020-09-22,198.0559539794922,198.70526273170444,192.95703353650538,195.80249637462492,33517100,MSFT
2020-09-23,191.5343017578125,198.70526991631596,190.99958545426037,198.51428731939603,30803800,MSFT
2020-09-24,194.0169677734375,196.28952707803427,190.2070915104246,190.82775593197994,31202500,MSFT
2020-09-25,198.43792724609375,199.60283667261433,193.39628060658876,194.3606932585249,29437300,MSFT
2020-09-28,199.9847412109375,202.97344064362275,198.66703725685977,201.35973410737958,32004900,MSFT
2020-09-29,197.90316772460938,200.5863215055889,197.47348604997921,199.89882499821042,24221900,MSFT
2020-09-30,200.83460998535156,202.41011456289073,197.21570216747432,198.35198170021263,33829100,MSFT
2020-10-01,202.86843872070312,204.32936526589785,201.77990493075555,203.85193790943092,27158400,MSFT
2020-10-02,196.88148498535156,201.4647902745246,196.2608207134227,198.60976959147385,33154800,MSFT
2020-10-05,200.88233947753906,200.91098395337687,197.63582470662806,197.8649950832573,21331600,MSFT
2020-10-06,196.61415100097656,200.69137041613547,195.57336278885933,199.3927819040882,28554300,MSFT
2020-10-07,200.357177734375,200.62453590384288,197.3875788228527,197.71222594721692,25681100,MSFT
2020-10-08,201.07330322265625,201.65576516882732,198.9153368592637,201.0064564005077,19925800,MSFT
2020-10-09,206.0672149658203,206.11496062047993,201.69397817169286,201.69397817169286,26458000,MSFT
2020-10-12,211.40484619140625,213.75379540238984,207.02206617071406,208.9126745888685,40461400,MSFT
2020-10-13,212.7989501953125,215.0428648969688,210.47864535807548,212.6652711005284,28950800,MSFT
2020-10-14,210.88919067382812,214.09750276031914,209.2372962708504,212.93257896540766,23421700,MSFT
2020-10-15,209.74339294433594,210.41178833961618,206.25816444692333,207.29896717306707,22733100,MSFT
2020-10-16,209.74339294433594,212.25465097016937,209.4187458337608,210.21126243606867,26057900,MSFT
2020-10-19,204.5490264892578,212.26425615574857,204.0715990190784,210.4691242054964,27625800,MSFT
2020-10-20,204.95957946777344,207.5567857207398,203.4700082929691,206.05767124299427,22753500,MSFT
2020-10-21,205.10284423828125,207.12713205079888,203.49868036105715,203.49868036105715,22724900,MSFT
2020-10-22,205.188720703125,206.30589892543762,202.14273195608644,204.27205380357498,22351500,MSFT
2020-10-23,206.46827697753906,206.51602263791943,203.53687992528793,205.32245397806003,18879600,MSFT
2020-10-26,200.59588623046875,206.57327167863946,198.70527791822374,204.19569269246188,37111600,MSFT
2020-10-27,203.6227569580078,204.97864883156453,200.83458308943582,202.03769472007534,36700300,MSFT
2020-10-28,193.5299835205078,199.41189318251043,192.97618050181404,198.29471470146902,51195600,MSFT
2020-10-29,195.47787475585938,197.9986908313189,194.18881495491607,194.8572249672143,31432600,MSFT
2020-10-30,193.3294677734375,195.06729607017297,190.60812555077848,194.31296712943194,36953700,MSFT
2020-11-02,193.19578552246094,196.01260444475008,191.0855498716354,195.06729288841902,30842200,MSFT
2020-11-03,197.11065673828125,198.72436357805273,193.95008988401975,194.68533211248038,27512000,MSFT
2020-11-04,206.62103271484375,208.46391008308424,202.8302579359049,204.35803146698734,42311800,MSFT
2020-11-05,213.2095184326172,214.00204965218953,211.16612977646565,212.0159499519229,36080100,MSFT
2020-11-06,213.62013244628906,214.23123897961761,208.18700591079525,212.2260379268585,25231900,MSFT
2020-11-09,208.53074645996094,217.82147990831737,208.04377574015598,214.3076211153665,44395000,MSFT
2020-11-10,201.48390197753906,206.72605996738244,200.252145721527,204.81635040648283,44045100,MSFT
2020-11-11,206.7738494873047,208.19657408725112,202.6202244831886,202.80164926115162,29440800,MSFT
2020-11-12,205.71392822265625,209.21824372278732,204.77817456284876,207.40402536215038,21593900,MSFT
2020-11-13,206.73561096191406,207.6045323412355,204.49171088632605,206.59238856748885,18621100,MSFT
2020-11-16,207.423095703125,207.91008095610752,204.83544745934216,205.1696378838174,24953300,MSFT
2020-11-17,204.77818298339844,207.85280227776673,204.41533346837915,206.34414439621403,24154100,MSFT
2020-11-18,202.07846069335938,205.99403846971327,201.93484870300213,204.53885502759786,28372800,MSFT
2020-11-19,203.36131286621094,203.94529990151645,200.97749406149,202.36567026258092,24792700,MSFT
2020-11-20,201.41783142089844,204.1941538861214,201.04446371546402,203.15064088991645,22843100,MSFT
2020-11-23,201.1497802734375,203.23680633815258,199.28294168158865,201.9539546502228,25683500,MSFT
2020-11-24,204.7398681640625,205.11323589712526,199.95309486424628,200.65195967575906,33979700,MSFT
2020-11-25,204.74942016601562,206.10886192206488,203.39956130497038,205.9365451088525,21012900,MSFT
2020-11-27,206.05145263671875,207.0471097276896,204.91219818073947,205.68766777600618,14512200,MSFT
2020-11-30,204.94088745117188,205.60144979385137,201.8486218587643,204.96960691789403,33064800,MSFT
2020-12-01,206.98963928222656,208.05230344579502,204.25160461083848,205.36212481674454,30904500,MSFT
2020-12-02,206.1854705810547,206.28121189127353,203.72507667561828,205.71637614197203,23724500,MSFT
2020-12-03,205.1036834716797,207.15242201812288,204.5388330764818,205.4579000486771,25120900,MSFT
2020-12-04,205.218505859375,206.19501151420144,204.08881998260125,205.0844768171886,24666000,MSFT
2020-12-07,205.15151977539062,206.3482130777084,203.90697042743815,205.22810989970768,24620000,MSFT
2020-12-08,206.79818725585938,207.69810302754718,203.8112452120222,204.845190059829,23284100,MSFT
2020-12-09,202.76773071289062,206.0514503597692,202.2028949393342,205.984443126197,32440600,MSFT
2020-12-10,201.5423126220703,203.9931382813653,201.38913236634608,202.73900597977865,26733300,MSFT
2020-12-11,204.16546630859375,204.22291986369575,200.19244998636745,201.0923657780035,30979400,MSFT
2020-12-14,205.06532287597656,206.9896146941102,203.80162258210368,204.01224173242744,28798400,MSFT
2020-12-15,204.99832153320312,206.23330239723967,203.18892213217688,205.99396377483902,27000600,MSFT
2020-12-16,209.92872619628906,210.7233323076712,205.5631913355503,205.5919108063652,35023300,MSFT
2020-12-17,210.06275939941406,211.47007192934876,208.6267273980989,210.49356607819405,32515800,MSFT
2020-12-18,209.26812744140625,210.32122328894448,206.8077338457158,209.26812744140625,63354900,MSFT
2020-12-21,213.09754943847656,214.4474228830975,208.01399902795885,208.27248885115827,37181900,MSFT
2020-12-22,214.38999938964844,216.00793106077268,212.3891317075916,213.19330609539352,22612200,MSFT
2020-12-23,211.5945281982422,214.0262025743925,211.38390900722848,213.59539590479994,18699600,MSFT
2020-12-24,213.250732421875,214.0740579439434,211.76682990316124,211.97744907913722,10550600,MSFT
2020-12-28,215.3665008544922,216.39086269746974,213.50923056206076,214.87824065113975,17933500,MSFT
2020-12-29,214.59104919433594,217.49183275361256,214.04536461399422,216.65893884295096,17403200,MSFT
2020-12-30,212.22637939453125,216.00794208381058,212.02534309135797,215.62499144526328,20272300,MSFT
2020-12-31,212.93484497070312,213.49011248709138,210.31168765702222,212.24554837160557,20942100,MSFT
2021-01-04,208.40652465820312,213.4900752334204,205.64933874293737,213.04011740396882,37130100,MSFT
2021-01-05,208.60755920410156,209.20112898306692,206.50138202886356,207.9948528511583,23823000,MSFT
2021-01-06,203.19850158691406,207.2576901048468,202.90172401611616,203.12191147056765,35930700,MSFT
2021-01-07,208.98094177246094,209.98616708451945,204.59627029591414,204.9121844778068,27694500,MSFT
2021-01-08,210.25424194335938,211.17330891527592,207.7746966889817,209.35432615637777,22956200,MSFT
2021-01-11,208.2150421142578,209.5744837947097,207.4874433218534,209.15324546396417,23031300,MSFT
2021-01-12,205.76422119140625,207.84169356915027,204.22289427900293,207.26727495468438,23249300,MSFT
2021-01-13,207.1140899658203,207.51617714350778,204.80686188159456,204.8930348974412,20087100,MSFT
2021-01-14,203.93569946289062,208.1863566093762,203.66764131924498,206.70245392329073,29480800,MSFT
2021-01-15,203.58148193359375,205.3621623545727,202.9879266626255,204.41439050035876,31746500,MSFT
2021-01-19,207.20986938476562,207.72683453458131,203.562350037291,204.63458270836028,30480900,MSFT
2021-01-20,214.77294921875,216.16111060778343,208.0235956832945,208.4161146150016,37777300,MSFT
2021-01-21,215.37606811523438,216.64935150148284,212.93481093432405,215.11757827987228,30709400,MSFT
2021-01-22,216.3142852783203,220.25859646157198,216.17068792070867,217.39610073257143,30172700,MSFT
2021-01-25,219.74163818359375,219.9809768749982,214.65808671545548,219.34911922375264,33152100,MSFT
2021-01-26,222.4221954345703,224.19329267545595,220.26814758976505,221.9722376050097,49169600,MSFT
2021-01-27,222.96791076660156,230.18637361109083,220.3256169707931,227.85042573267413,69870600,MSFT
2021-01-28,228.7407684326172,232.2925610607269,225.064529617763,225.56235818896445,49111200,MSFT
2021-01-29,222.06797790527344,227.86954440379412,221.48399101899585,225.92611574790212,42503100,MSFT
2021-02-01,229.4299774169922,232.15844331568243,222.51787744117462,225.03572420202573,33314200,MSFT
2021-02-02,229.29600524902344,231.9766011706054,228.51098203808783,231.00967824023755,25916300,MSFT
2021-02-03,232.6371612548828,234.63802880665224,229.0566498927126,229.35344208114293,27158100,MSFT
2021-02-04,231.6894073486328,232.86696415588534,230.11934621370298,232.31169667293688,25296100,MSFT
2021-02-05,231.87130737304688,232.9052522107318,230.16721716132736,231.9000268456431,18054800,MSFT
2021-02-08,232.12977600097656,233.2881669112596,230.5405638250113,232.78077013104104,22211900,MSFT
2021-02-09,233.37432861328125,234.3221002924528,231.08625176555742,231.55534615768994,23565000,MSFT
2021-02-10,232.46482849121094,235.4326186992125,230.61712669579214,234.5518543054015,22186700,MSFT
2021-02-11,234.06370544433594,234.6955485780454,231.82348386964716,234.3413319385941,15751100,MSFT
2021-02-12,234.54234313964844,234.83912077191874,232.37871207689895,233.5275348439118,16561100,MSFT
2021-02-16,233.30734252929688,235.63372209695896,232.56060701574452,234.5806260608858,26728500,MSFT
2021-02-17,234.32444763183594,234.429999771811,231.1962886570467,231.56092598454555,21653500,MSFT
2021-02-18,233.9310302734375,234.06536803282074,231.1195276514465,232.0215160251843,16925600,MSFT
2021-02-19,231.22508239746094,233.9982091087317,230.46702209962763,233.89265696504796,25262600,MSFT
2021-02-22,225.0263214111328,228.30801355738436,223.00165002550102,227.81864342177664,36446900,MSFT
2021-02-23,223.83645629882812,225.33336682720707,219.48004782088785,221.01534892993712,30228700,MSFT
2021-02-24,225.06471252441406,225.68842042273627,219.73915368791364,220.70830363621744,26339700,MSFT
2021-02-25,219.72955322265625,225.10307807896038,218.66444150450877,222.69458880716616,39542200,MSFT
2021-02-26,222.98245239257812,225.85152606966585,220.25729214925016,222.16682092029995,37819200,MSFT
2021-03-01,227.35806274414062,227.86662818043706,223.72132352037755,226.36011252225157,25324000,MSFT
2021-03-02,224.4121856689453,227.70348251561026,224.00917241783225,227.42520204873816,22812500,MSFT
2021-03-03,218.3573455810547,224.13389755602432,218.0694748183949,222.7713248972642,34029500,MSFT
2021-03-04,217.56094360351562,223.08801625993092,215.19083022458815,217.57054857019696,44727800,MSFT
2021-03-05,222.2340087890625,223.8364715609729,217.30187304022164,220.23812306789688,41872800,MSFT
2021-03-08,218.1942596435547,223.93242202512073,217.9447794153884,222.0133028006234,35267400,MSFT
2021-03-09,224.32586669921875,225.86116808415042,222.30119513567817,223.46226882126913,33080500,MSFT
2021-03-10,223.02084350585938,227.41562829059083,222.6562061675543,227.41562829059083,29746800,MSFT
2021-03-11,227.54039001464844,229.4978853058214,224.8344247079214,225.4581472805967,29907600,MSFT
2021-03-12,226.21615600585938,226.2833322000355,223.7980619246952,224.54651717619805,22653700,MSFT
2021-03-15,225.31422424316406,225.67886163624672,222.43554497159334,225.45816699177453,26034900,MSFT
2021-03-16,228.09690856933594,230.35186474160002,226.39848405501235,226.72473079014074,28092200,MSFT
2021-03-17,227.45401000976562,228.90295443295722,223.7980901339011,226.60000251813773,29562100,MSFT
2021-03-18,221.3896026611328,224.719275803559,221.01537498492127,223.15518889547872,34833000,MSFT
2021-03-19,221.03453063964844,223.06879203869224,220.07497116587825,221.6774337300686,46430700,MSFT
2021-03-22,226.4464874267578,227.31967558191016,220.83305760883877,220.95780504888268,30127000,MSFT
2021-03-23,227.97215270996094,231.30182541849308,227.48278262536803,227.88579586710034,31638400,MSFT
2021-03-24,225.93792724609375,228.37520237530592,225.80358947742405,228.2312742809165,25620100,MSFT
2021-03-25,222.94407653808594,227.35805660601366,222.20522617954543,225.78437942941395,34061900,MSFT
2021-03-26,226.91665649414062,227.13736575038837,222.18603456103727,222.18603456103727,25479900,MSFT
2021-03-29,225.726806640625,227.22371728101677,222.50268578373593,227.02220332170978,25227500,MSFT
2021-03-30,222.4739227294922,224.39304213318255,221.7542529531083,224.08597600056692,24792000,MSFT
2021-03-31,226.2353515625,229.43068651308948,222.99203570768762,223.49101075651635,43623500,MSFT
2021-04-01,232.5492706298828,233.01944545451641,228.42316149759984,228.8261747651646,30338000,MSFT
2021-04-05,238.99749755859375,239.8515049488845,232.88509343721387,232.94266466595224,36910600,MSFT
2021-04-06,237.83644104003906,239.31415636924692,236.89607673963405,237.59655114205796,22931900,MSFT
2021-04-07,239.79396057128906,240.78230588022694,237.19356201186886,237.78848433406324,22719800,MSFT
2021-04-08,243.0084686279297,243.8624760860077,241.8090191282854,242.54788411974718,23625200,MSFT
2021-04-09,245.5032958984375,245.63763363837313,242.2311945964939,242.6437981399692,24326800,MSFT
2021-04-12,245.56085205078125,247.24968598255364,244.3230122129058,244.4093836874821,27148700,MSFT
2021-04-13,248.03656005859375,248.70826351478416,246.44368755447493,246.85632045190187,23837500,MSFT
2021-04-14,245.25381469726562,248.36277817763542,244.84121113085754,247.06739624976979,23070900,MSFT
2021-04-15,249.00570678710938,249.41831037148776,247.30729690134913,247.4991912440341,25627500,MSFT
2021-04-16,250.19554138183594,250.4450362292379,247.1825396982639,248.97691132612795,24878600,MSFT
2021-04-19,248.2764892578125,250.90570297994432,247.39371065484556,249.66786265864081,23209300,MSFT
2021-04-20,247.8158416748047,249.6773894161858,246.4532543230003,247.39363315922765,19722900,MSFT
2021-04-21,250.04205322265625,250.13801504914483,246.84673231299666,248.4683905453081,24030400,MSFT
2021-04-22,246.76995849609375,251.19351425483057,245.30181881820317,249.6869986347857,25606200,MSFT
2021-04-23,250.58901977539062,250.93447650853264,246.86592330580729,247.4512699735004,21462600,MSFT
2021-04-26,250.9728546142578,251.82687689447934,249.64868668498414,251.07842141991543,19763300,MSFT
2021-04-27,251.3758544921875,252.5465184915261,249.60066319959668,251.001612155055,31014200,MSFT
2021-04-28,244.2654571533203,246.16539545227755,242.72056581581106,245.72397701053836,46903100,MSFT
2021-04-29,242.2984161376953,245.74324661060515,238.9303668400057,245.12912898431568,40589000,MSFT
2021-04-30,241.98171997070312,242.84533234959014,239.5060692196905,239.64040697084403,30945100,MSFT
2021-05-03,241.6746826171875,244.06399130382755,240.96460323871534,243.1523979660195,19626600,MSFT
2021-05-04,237.769287109375,241.05099410582295,235.82138212667073,240.82069451117363,32756100,MSFT
2021-05-05,236.50265502929688,239.41011943668963,235.87894714797247,238.98791087136092,21901300,MSFT
2021-05-06,239.6307830810547,239.75553049788766,234.79460977972275,236.4834291811037,26491100,MSFT
2021-05-07,242.2504119873047,244.0159980566037,241.0125719605132,241.95293622585686,27032900,MSFT
2021-05-10,237.18389892578125,241.54989737192435,237.12632770118802,240.72467565541882,29299900,MSFT
2021-05-11,236.2723388671875,236.62738584949687,232.76036211665323,234.66028588552803,33641600,MSFT
2021-05-12,229.33474731445312,234.49718271340848,228.44236390313688,232.37654952810314,36684400,MSFT
2021-05-13,233.20176696777344,235.66784215247608,231.6568754357032,232.0215127667873,29624300,MSFT
2021-05-14,238.11471557617188,239.10306082061462,235.5622980961346,235.64865494854968,23901100,MSFT
2021-05-17,235.26480102539062,236.61778349101087,233.67194331645007,236.57940755176028,24970200,MSFT
2021-05-18,233.24974060058594,236.44507570607448,233.07701226535352,236.3107379527679,20168000,MSFT
2021-05-19,233.82676696777344,233.9325628200257,229.47955390828275,230.16240603830045,25739800,MSFT
2021-05-20,237.0583953857422,238.4722063912413,234.53854854557304,234.63473195533908,21800700,MSFT
2021-05-21,235.7984161376953,238.83762919018815,235.38485985977684,238.10668534582032,21863100,MSFT
2021-05-24,241.1940155029297,241.55949482361876,238.04900607225056,238.31830198996036,21411500,MSFT
2021-05-25,242.09808349609375,243.0887108966254,241.23249158269627,242.14617519695508,17704300,MSFT
2021-05-26,241.8768768310547,243.27144808873797,241.16515782189026,241.81915798529013,17771600,MSFT
2021-05-27,239.7801971435547,241.86724777869244,239.72249297377158,241.56909978446225,24426200,MSFT
2021-05-28,240.1360626220703,242.44433227006198,240.02065427610526,241.4056131297948,18270200,MSFT
2021-06-01,237.94322204589844,241.68452766984606,237.52005320809064,241.62682349539628,23213300,MSFT
2021-06-02,237.8470458984375,239.7417445032834,236.4428474366505,238.64532119633685,19406700,MSFT
2021-06-03,236.31781005859375,236.9237185044888,233.7113925974972,235.84653488909666,25307700,MSFT
2021-06-04,241.20364379882812,242.0307712219281,238.0490216910813,238.28946553877864,25281100,MSFT
2021-06-07,244.10818481445312,244.37748072250199,240.2610836417249,240.42458368050268,23079200,MSFT
2021-06-08,242.9156036376953,246.22411314134618,242.85788479009744,245.40659823560296,22455000,MSFT
2021-06-09,243.89659118652344,245.76243758892673,243.53112655730328,244.10818292342645,17937600,MSFT
2021-06-10,247.40708923339844,247.61868099093334,243.973558759814,244.56985479894277,24563600,MSFT
2021-06-11,248.03225708007812,248.6092988045353,246.8011564650918,248.12841113345158,18999700,MSFT
2021-06-14,249.955810546875,250.01351471996307,246.98389887756707,248.04185763593912,19150500,MSFT
2021-06-15,248.48426818847656,250.05196672313224,247.83026798722594,249.84037496966238,18038900,MSFT
2021-06-16,247.54177856445312,250.61944250008625,244.6949166769222,249.4845544741539,27220000,MSFT
2021-06-17,250.9272003173828,251.7447152916932,246.22413379282088,246.28183796973158,27565500,MSFT
2021-06-18,249.5133819580078,252.27367262643241,248.85938173817627,249.70574877610207,37202200,MSFT
2021-06-21,252.59104919433594,253.44701394017824,248.06109579519787,249.8884629766057,26696100,MSFT
2021-06-22,255.36102294921875,255.63031891575838,252.36988587520372,252.67766108012302,24694100,MSFT
2021-06-23,255.13009643554688,256.6304633976864,254.3222087906294,255.82257575276896,19518700,MSFT
2021-06-24,256.4958801269531,257.61154309721616,255.32251298159505,255.98614034624336,21446900,MSFT
2021-06-25,254.8897247314453,257.03449459793245,254.63968306773089,256.0534941839957,25611100,MSFT
2021-06-28,258.4482421875,258.6213546854569,255.74565612665353,256.01495201827004,19590000,MSFT
2021-06-29,261.02581787109375,261.26626170283777,257.7365626894256,258.59252746788644,19937800,MSFT
2021-06-30,260.5449523925781,260.98736086236244,259.29465610147,260.34298777501124,21656500,MSFT
2021-07-01,261.2181091308594,261.4489257502427,259.294559033211,259.30415682498847,16725300,MSFT
2021-07-02,267.03692626953125,267.3735535200733,262.0837889720143,262.3915641354273,26458000,MSFT
2021-07-06,267.04656982421875,268.69119759373734,263.81498911192836,267.4024220376937,31565600,MSFT
2021-07-07,269.229736328125,269.9606949040537,266.55600233060557,268.71999662413555,23260000,MSFT
2021-07-08,266.815673828125,268.0755969208778,264.3631295960202,266.3155319677022,24618600,MSFT
2021-07-09,267.31585693359375,267.4216381390511,264.7960100826157,265.1807143722743,23916700,MSFT
2021-07-12,266.7195129394531,269.07584463447415,266.0077793129093,268.4891758346326,18931700,MSFT
2021-07-13,270.2396545410156,272.03816979015454,266.7868844783001,266.9118906217508,26120100,MSFT
2021-07-14,271.7111511230469,272.8171868548692,269.82605039030216,271.557263551942,23113700,MSFT
2021-07-15,270.2877197265625,271.7111577808716,269.1335775905223,271.22064297039645,22604200,MSFT
2021-07-16,270.0183410644531,273.2402933017713,268.7776430510648,271.2878911548484,26186800,MSFT
2021-07-19,266.42132568359375,269.65287588063586,263.95918381411985,268.267917410176,32935600,MSFT
2021-07-20,268.64312744140625,270.2300510737556,265.7000968938325,267.4024288847443,26259700,MSFT
2021-07-21,270.6435852050781,270.75899355414396,266.69070249429734,268.23914676268924,24364300,MSFT
2021-07-22,275.202392578125,275.4716884823561,272.58636264371466,272.99029182453523,23384100,MSFT
2021-07-23,278.59747314453125,278.90521894376,275.5486324297109,276.3853722718105,22768100,MSFT
2021-07-26,278.00115966796875,278.616709994847,275.6833068492784,277.95308263976796,23176100,MSFT
2021-07-27,275.587158203125,278.5109345714232,272.1343877026181,278.36667411756946,33604100,MSFT
2021-07-28,275.2793273925781,279.0590972753007,272.98067033830415,277.943434405772,33566900,MSFT
2021-07-29,275.548583984375,277.58754263217537,275.144625501769,275.29851304985465,18168300,MSFT
2021-07-30,274.01947021484375,275.70257739504893,273.05769468329794,274.26954124538486,20944800,MSFT
2021-08-02,273.9328308105469,275.8082749172966,272.8940971151015,275.4139435469008,16267400,MSFT
2021-08-03,276.14495849609375,276.25076905660643,273.14422383185655,274.50995786548094,17879000,MSFT
2021-08-04,275.5581970214844,276.5969012290769,273.769280048737,275.2792740204176,16191300,MSFT
2021-08-05,278.4531555175781,278.55896605599236,275.1639006499143,275.9140841592982,13900200,MSFT
2021-08-06,278.3954162597656,278.43389548261604,276.62575357226086,277.48174751216084,16589300,MSFT
2021-08-09,277.3086242675781,280.4055415160007,276.8085117411987,278.67435793533804,16117600,MSFT
2021-08-10,275.49090576171875,278.1934918740184,274.29831384057627,277.7606812698353,18616600,MSFT
2021-08-11,275.9814147949219,277.6260422247308,274.93305396223553,276.23145639673766,13955900,MSFT
2021-08-12,278.73211669921875,278.8860042800306,275.3947550024405,275.67367807710286,14561300,MSFT
2021-08-13,281.6558837890625,281.70396081045175,278.2415640899501,278.41470593926334,18249000,MSFT
2021-08-16,283.3390808105469,283.55067260402876,278.9341323874401,281.98297377292107,22507600,MSFT
2021-08-17,281.8770751953125,282.21370240044297,279.953524710054,281.21347728086533,20075300,MSFT
2021-08-18,280.15228271484375,284.09347133334273,279.70899787712983,281.4146181894163,21813000,MSFT
2021-08-19,285.9725036621094,286.64704708243323,278.13832497152845,278.1864940413031,29850500,MSFT
2021-08-20,293.2862548828125,294.71241765143077,287.21548370876025,288.81509036069724,40817600,MSFT
2021-08-23,293.5657653808594,294.2884777670295,290.8676509020545,292.21670814145693,22830200,MSFT
2021-08-24,291.6096496582031,294.5294067686128,291.0122120736746,293.92232360780326,18175800,MSFT
2021-08-25,291.02191162109375,293.50802996134405,289.4897644777505,293.2285728625707,20006100,MSFT
2021-08-26,288.2080078125,291.42648286158527,288.07311681656455,290.0388729783915,17666100,MSFT
2021-08-27,288.815185546875,289.92333882072455,286.0303192932978,288.11173480081567,22605700,MSFT
2021-08-30,292.5444030761719,293.1514863285869,290.10645389602473,290.16426854794526,16348100,MSFT
2021-08-31,290.89654541015625,293.42121586283224,290.53036644546444,293.3441394842218,26285300,MSFT
2021-09-01,290.8483581542969,294.08612491832895,290.5207320699009,291.8505275583118,18983800,MSFT
2021-09-02,290.1931457519531,292.3227302959744,289.2584364332611,291.20496087003505,16285600,MSFT
2021-09-03,290.18353271484375,291.5904047928127,289.3355453558773,290.03896669123856,14747900,MSFT
2021-09-07,289.2583923339844,290.1352868730688,287.3504504950294,290.05821049267576,17180400,MSFT
2021-09-08,289.2872619628906,289.6727026291222,286.64696252160434,288.87291398187256,15046800,MSFT
2021-09-09,286.43505859375,291.1471582820578,286.19415442336,289.87517720465905,19927000,MSFT
2021-09-10,284.95098876953125,289.0078348637292,284.6330083063583,287.5624103075582,19633400,MSFT
2021-09-13,286.18450927734375,287.67813278036044,283.3803812009098,286.7241322672505,23652900,MSFT
2021-09-14,288.8825988769531,290.42439115897747,287.2540846387654,288.66095649526324,21853400,MSFT
2021-09-15,293.7295837402344,294.211391982283,290.8387342879429,292.2263443776221,28356300,MSFT
2021-09-16,294.11505126953125,294.20177323213824,289.81732959262365,292.70817930849984,19550800,MSFT
2021-09-17,288.959716796875,293.4212665400656,288.6320906685241,293.1032859884223,41372500,MSFT
2021-09-20,283.5923156738281,287.8515134151559,278.98623011838976,285.5484559338163,38278700,MSFT
2021-09-21,284.07415771484375,286.7144871567123,283.3707364278861,284.93179059163447,22364100,MSFT
2021-09-22,287.7166442871094,289.29698969688434,283.7947469001605,285.9339770236081,26626300,MSFT
2021-09-23,288.6609802246094,289.9522229123692,286.70483974436394,287.9768206871402,18604600,MSFT
2021-09-24,288.4586486816406,288.8922585277224,286.12668346058666,287.3794027439531,14999000,MSFT
2021-09-27,283.4670715332031,285.6833776639269,282.28181268174734,285.36539716620223,23571700,MSFT
2021-09-28,273.20452880859375,280.20039373530875,272.4625547192188,279.2560390156346,43186200,MSFT
2021-09-29,273.6671142578125,276.3363216518175,272.7131432346265,274.7270983987107,26353700,MSFT
2021-09-30,271.66278076171875,277.35772848518707,271.3736781629652,275.31486617919455,32343600,MSFT
2021-10-01,278.5816345214844,279.42962204644147,271.0557893483687,271.8555783869406,30086300,MSFT
2021-10-04,272.80950927734375,277.280704871904,270.05357963632,276.9434331461272,31350700,MSFT
2021-10-05,278.25390625,279.83422199721866,273.7152514221425,273.7152514221425,24993000,MSFT
2021-10-06,282.4456481933594,282.9467476472076,275.12218554145016,275.382351437471,28002600,MSFT
2021-10-07,284.1223449707031,285.8472268251137,283.2261886390808,284.440325492257,20430500,MSFT
2021-10-08,284.1223449707031,285.8472268251137,283.0720064625797,285.4424949358928,17685700,MSFT
2021-10-11,283.5249328613281,287.12884966284184,282.0987696561335,282.26259742313226,19298600,MSFT
2021-10-12,282.2239990234375,284.69085485665033,281.71328346594987,284.5944873273196,17974100,MSFT
2021-10-13,285.52923583984375,286.4639451294158,282.81182993730505,284.1801784650092,23416300,MSFT
2021-10-14,291.7348327636719,292.23590264952657,286.9938276619869,288.32362285174867,27262900,MSFT
2021-10-15,293.1417541503906,293.37304209699454,289.58600707147593,291.3397960809564,25384800,MSFT
2021-10-18,296.1097717285156,296.9962825877865,291.6771292104213,292.52511657650416,22729300,MSFT
2021-10-19,297.0155944824219,298.04664203126316,296.0423321773978,297.1312237845537,17682100,MSFT
2021-10-20,296.22540283203125,298.4320932312607,294.97268352184886,297.9599010679799,16537100,MSFT
2021-10-21,299.4535217285156,299.7040420623986,295.2135849120758,295.99414145888375,16918100,MSFT
2021-10-22,297.9116516113281,299.77142421719265,296.6011180073885,299.1065265444657,17449300,MSFT
2021-10-25,296.91912841796875,298.14291066917554,295.3098760778801,298.1043577788396,17554500,MSFT
2021-10-26,298.8271179199219,301.0338080808827,297.37207690825886,299.6847507755604,28107300,MSFT
2021-10-27,311.4119873046875,314.2353768644904,304.50284339356364,304.50284339356364,52588700,MSFT
2021-10-28,312.5490417480469,313.0501117800628,309.667808194034,312.5297505959251,26297900,MSFT
2021-10-29,319.5545959472656,319.92077503348816,312.11547313465474,312.337115583487,34766000,MSFT
2021-11-01,317.3863525390625,319.429214753653,314.49550312432325,319.3039399071891,27073200,MSFT
2021-11-02,321.0096130371094,321.31797741681345,317.9934882764792,318.2922070795532,26487100,MSFT
2021-11-03,321.84796142578125,322.7152105302098,318.6198397635644,321.7515938792344,21500100,MSFT
2021-11-04,324.19915771484375,324.29552525226745,317.52130201351525,320.778330690629,23992200,MSFT
2021-11-05,323.8330383300781,326.46372260907503,322.25272217294105,326.19391109896634,22570100,MSFT
2021-11-08,324.72906494140625,325.3650552623817,322.2718550075241,325.0277836578472,20897000,MSFT
2021-11-09,323.7269592285156,326.39616621738094,322.35861092573055,324.84472843590123,21307400,MSFT
2021-11-10,318.7643127441406,322.45498024865833,317.91635496264894,322.39716561372114,25500900,MSFT
2021-11-11,320.3350830078125,321.6263258185868,318.48495546682875,319.198022393328,16849800,MSFT
2021-11-12,324.4690246582031,324.96047859803025,321.6456347130858,321.7709095924338,23831000,MSFT
2021-11-15,323.84259033203125,325.5867337696935,321.87680452226203,325.25910770260543,16723000,MSFT
2021-11-16,327.157470703125,328.27526945186895,323.30300442769504,323.4668027763442,20886800,MSFT
2021-11-17,327.3794860839844,330.34320817217764,326.2982657750648,327.2057248474174,19053400,MSFT
2021-11-18,329.455078125,330.5942484179435,325.4487587667228,326.4720587629754,22463500,MSFT
2021-11-19,331.23138427734375,333.15250973725915,330.3529147568212,330.7776841426584,21963400,MSFT
2021-11-22,328.06488037109375,337.5642399354129,327.7945753077866,332.6890561129603,31031100,MSFT
2021-11-23,325.9893493652344,327.69808997134413,322.0119904551096,325.381155553639,30427600,MSFT
2021-11-24,326.21142578125,326.4527706824411,322.34990736219254,324.6378523117165,21661300,MSFT
2021-11-26,318.266357421875,326.23073957142407,316.76036751775325,322.77469337120857,24217200,MSFT
2021-11-29,324.9757385253906,327.2926436665053,323.1511569453452,323.3442446492078,28563500,MSFT
2021-11-30,319.1447448730469,326.08582451918915,317.60013207363266,323.71099964845,42885600,MSFT
2021-12-01,318.6524658203125,327.5339693788618,317.9863810414146,323.5276501773053,33337600,MSFT
2021-12-02,318.0829162597656,321.94443467534484,316.4514223722996,318.8648713820366,30766000,MSFT
2021-12-03,311.8272399902344,321.1817696501505,307.01963950096615,320.49632899700646,41779300,MSFT
2021-12-06,314.8971862792969,316.1135740499522,308.1781522521098,312.7347453190639,30032600,MSFT
2021-12-07,323.3249816894531,324.1744910771266,318.67184447052034,320.1585374557871,31021900,MSFT
2021-12-08,323.3731689453125,323.8848188965732,319.34752350913357,323.70139443658877,24761000,MSFT
2021-12-09,321.56793212890625,324.84055346464856,320.62184956942644,322.832576975175,22214200,MSFT
2021-12-10,330.68115234375,331.1252187320229,323.1994600837699,323.38288457347915,38095700,MSFT
2021-12-13,327.6497497558594,331.887779298735,327.34082128919505,328.8854341614765,28899400,MSFT
2021-12-14,316.9727478027344,323.0546572178961,312.88918131517073,321.68380516476225,44438700,MSFT
2021-12-15,323.0642395019531,323.5855526741377,313.26564359900055,317.23333915012444,35381100,MSFT
2021-12-16,313.6518249511719,325.10124228323565,311.83690659632845,324.08757603047445,35034800,MSFT
2021-12-17,312.5898742675781,313.67112406852533,306.2666502470529,309.7709825901244,47750300,MSFT
2021-12-20,308.8345642089844,311.6244956878622,306.5755796789902,308.96970202135424,28326500,MSFT
2021-12-21,315.9590148925781,316.38378416236156,308.72830354629133,312.09749750257555,24740600,MSFT
2021-12-22,321.6645202636719,322.0603000056447,314.4724298833023,316.93413627601956,24831500,MSFT
2021-12-23,323.1029052734375,324.74406240118367,321.2107694796361,321.23006646593336,19617800,MSFT
2021-12-27,330.59423828125,330.6231984892731,323.8172549933941,323.8462152014172,19947000,MSFT
2021-12-28,329.435791015625,331.90716045361296,328.53799505142064,331.2700063774219,15661500,MSFT
2021-12-29,330.11151123046875,332.38012934520907,327.9200810470128,329.4839910257525,15042000,MSFT
2021-12-30,327.5726013183594,331.2506951069542,327.08991153548817,330.0729308583066,15994500,MSFT
2021-12-31,324.6763916015625,327.6111236275241,324.2226621264703,326.7905747449666,18000800,MSFT
2022-01-03,323.1607666015625,326.29824977245147,318.3628296202537,323.7400001560889,28865100,MSFT
2022-01-04,317.6195373535156,323.5952391659229,314.82957629356036,323.2380239826921,32674300,MSFT
2022-01-05,305.4267272949219,314.78125567055275,305.0405814422899,314.5785047925629,40054300,MSFT
2022-01-06,303.0133056640625,307.66644167118665,300.7060346434731,302.30856806148427,39646100,MSFT
2022-01-07,303.1677551269531,305.54258020265945,299.35449471125537,303.27393271968896,32720000,MSFT
2022-01-10,303.3898010253906,303.82423357931884,294.1414784951119,298.77528825214137,44289500,MSFT
2022-01-11,304.07525634765625,305.6488002414314,299.1614780529444,302.53064320042563,29386800,MSFT
2022-01-12,307.2512512207031,312.21331483505577,306.1024475266732,308.60280577441176,34372200,MSFT
2022-01-13,294.2477111816406,309.77103274969136,293.47541923124135,309.3752235502706,45366000,MSFT
2022-01-14,299.4607849121094,300.0593155927295,293.2340742667173,293.71676410090123,39846400,MSFT
2022-01-18,292.172119140625,299.0745771307378,291.2936202020948,293.5429710843101,42333200,MSFT
2022-01-19,292.82861328125,303.04234706972517,292.2204488137044,295.6861584231921,45933900,MSFT
2022-01-20,291.1585388183594,300.8605935323066,290.7144723819565,298.3699267373795,35380700,MSFT
2022-01-21,285.78125,293.58150224513423,285.37577770702404,292.2106800557735,57984400,MSFT
2022-01-24,286.1094970703125,286.82386842126607,266.49297997417904,282.08388134377833,85731500,MSFT
2022-01-25,278.5023193359375,284.77728601402885,275.2972818230597,281.4274180089752,72848600,MSFT
2022-01-26,286.437744140625,297.8195767322565,282.8851546395586,297.32722375809846,90428900,MSFT
2022-01-27,289.4593811035156,296.6611038089516,287.6155027527548,292.18175832051594,53481300,MSFT
2022-01-28,297.587890625,297.80027529096344,284.2560022424525,289.8358945088993,49743700,MSFT
2022-01-31,300.2137145996094,301.5652399492526,295.76329997634053,298.25399547736595,46444500,MSFT
2022-02-01,298.07061767578125,299.87587283189384,294.56628497930495,299.66348813934843,40950400,MSFT
2022-02-02,302.60784912109375,304.21038262271304,298.1864239841783,298.91045860750387,36636000,MSFT
2022-02-03,290.8205261230469,300.45502254049995,289.57517852557834,298.7752424556932,43730000,MSFT
2022-02-04,295.34820556640625,298.10917678556535,289.5848887928777,289.816570444543,35096500,MSFT
2022-02-07,290.531005859375,297.18245606272853,289.5173395906922,295.5702886097434,28533300,MSFT
2022-02-08,294.0159606933594,294.9813401359987,289.5655756040924,290.8205570951065,32421200,MSFT
2022-02-09,300.43572998046875,301.1308043619736,296.7480028768317,299.1421250545375,31284700,MSFT
2022-02-10,291.9114990234375,298.4181483420068,290.2896683057425,293.5140327543915,45386200,MSFT
2022-02-11,284.8255920410156,293.7553529211515,284.03397373558494,292.69342951887205,39175600,MSFT
2022-02-14,284.78692626953125,286.4860034605709,281.263297311286,283.599498987924,36359500,MSFT
2022-02-15,290.0675964355469,290.3861587262389,286.7370251821731,289.62353008877903,27058300,MSFT
2022-02-16,289.72900390625,291.0543038082839,284.09887060149885,288.635864710569,29982100,MSFT
2022-02-17,281.2450256347656,287.11697114460276,280.5388310528338,286.69132365987,32461600,MSFT
2022-02-18,278.5364990234375,284.2730302677064,276.9693549958802,283.48945825392775,34264000,MSFT
2022-02-22,278.33331298828125,282.02869492098785,275.21836232867406,275.70205013593005,41736100,MSFT
2022-02-23,271.1263427734375,282.1834680729997,270.9619054573808,280.7130382995433,37811200,MSFT
2022-02-24,284.9791564941406,285.530567636646,262.66179572392394,263.6195175824751,56989700,MSFT
2022-02-25,287.6104736328125,287.92004094921725,282.1351235020053,285.51128484773926,32546700,MSFT
2022-02-28,289.04217529296875,289.38076267083534,283.44106207991604,284.7083218045915,34627500,MSFT
2022-03-01,285.3274841308594,290.18369968046295,282.61881436647946,286.7301612299099,31217800,MSFT
2022-03-02,290.3965148925781,291.63475461259384,284.118256021791,285.7240737108103,31873000,MSFT
2022-03-03,286.26580810546875,293.2405780996094,284.4567908872236,293.0084173965025,27314500,MSFT
2022-03-04,280.4034423828125,286.01423787839684,277.80122950255003,284.6889381946854,32356500,MSFT
2022-03-07,269.81072998046875,280.2390376841762,269.4431225318955,279.1168784545169,43157200,MSFT
2022-03-08,266.8505859375,274.695988493688,261.19143233256847,268.7369507911687,48159500,MSFT
2022-03-09,279.0878601074219,280.1519791699358,271.6197193077244,274.192941941818,35204500,MSFT
2022-03-10,276.2728576660156,277.2499166939854,271.42629534719316,273.7866947163707,30628000,MSFT
2022-03-11,270.93292236328125,280.06495143344847,270.31378773793114,278.5655013687833,27209300,MSFT
2022-03-14,267.42138671875,276.0890662106608,266.8216184054348,271.1941466911913,30660700,MSFT
2022-03-15,277.78192138671875,278.4300760838003,269.6366346705724,271.2037785530538,34245100,MSFT
2022-03-16,284.7856750488281,284.95979554587495,273.9607413197424,279.67790429313914,37826300,MSFT
2022-03-17,285.58856201171875,285.9658230600183,279.92941011159456,283.72153460608763,30816600,MSFT
2022-03-18,290.628662109375,291.1800733202025,283.17988724924487,285.7337436372442,43390600,MSFT
2022-03-21,289.40008544921875,290.3481241566419,285.27905598306444,289.1389046674614,28351200,MSFT
2022-03-22,294.1402587890625,295.04959432677754,289.0228329688514,290.01922877865013,27599700,MSFT
2022-03-23,289.7193298339844,293.3373349131294,288.0070855267432,290.7060719110069,25715400,MSFT
2022-03-24,294.178955078125,294.2756985521243,288.5875247357409,289.3807798917864,24484500,MSFT
2022-03-25,293.772705078125,295.53333629451396,289.5259402451533,295.2721554304442,22566500,MSFT
2022-03-28,300.5636291503906,300.6603430987499,294.4014214022609,294.4014214022609,29578200,MSFT
2022-03-29,305.1199035644531,305.5165310537255,298.9673801627558,303.6688403450475,30393400,MSFT
2022-03-30,303.6204833984375,305.6423243268449,301.41486827122543,303.52376945863284,28163600,MSFT
2022-03-31,298.2515869140625,304.858779193998,297.84530566978634,303.6592133025089,33422100,MSFT
2022-04-01,299.3254089355469,300.0122374321194,295.5719864101128,299.2770224362612,27110500,MSFT
2022-04-04,304.69427490234375,304.8296921264754,299.605870116793,299.9734775453708,24289600,MSFT
2022-04-05,300.7377014160156,304.5975202300645,299.76064270992003,303.04971351922677,23156700,MSFT
2022-04-06,289.72900390625,296.98432119939486,287.03001760705087,295.23337365440614,40110400,MSFT
2022-04-07,291.5379638671875,293.7435789334034,286.6817492492974,286.9816333071018,31411200,MSFT
2022-04-08,287.281494140625,291.2960964316169,286.61400270541924,290.6382881981249,24361900,MSFT
2022-04-11,275.95355224609375,283.06373875112814,275.7020251620772,282.2705132557711,34569300,MSFT
2022-04-12,272.8580017089844,281.25481613450495,271.33921469606946,279.80375250936805,30966700,MSFT
2022-04-13,278.2366027832031,279.1652752180004,272.12278108336227,273.5061508141746,21907200,MSFT
2022-04-14,270.7006530761719,278.9040073349883,270.20731168273284,278.69118355991185,28221600,MSFT
2022-04-18,271.3681945800781,273.2449056189471,269.25932284261444,269.81073402373755,20778000,MSFT
2022-04-19,275.99224853515625,276.8338901106772,269.3270459623916,270.26540148092727,22297700,MSFT
2022-04-20,277.0176696777344,280.24873024308215,276.05997725645005,279.95849984253823,22906700,MSFT
2022-04-21,271.6486511230469,283.7311589725049,270.9231196600876,279.16514645140296,29454600,MSFT
2022-04-22,265.0899658203125,273.96081411049454,264.46117751038287,272.4903841306375,29405800,MSFT
2022-04-25,271.5616455078125,271.93890659301337,261.93624768786924,264.3740527877632,35678900,MSFT
2022-04-26,261.404296875,269.2787207469881,261.1914730124075,268.4467917071966,46518400,MSFT
2022-04-27,273.9801025390625,281.47726299922044,270.05256019523966,272.89664665414017,63477700,MSFT
2022-04-28,280.1810302734375,281.4869933800965,272.27755777079875,275.8858797797823,33646600,MSFT
2022-04-29,268.46600341796875,280.42277840331,267.47929116346074,279.1941927831202,37073900,MSFT
2022-05-02,275.1893310546875,275.64399875590436,267.2084825593842,268.64986271938767,35151100,MSFT
2022-05-03,272.58709716796875,274.8604357472129,271.01027020615345,274.69596890447576,25978600,MSFT
2022-05-04,280.5195617675781,281.3901938245139,267.7018362258143,273.3706425590282,33599300,MSFT
2022-05-05,268.3016662597656,277.00804788297944,265.3898558476399,276.22447589864737,43260400,MSFT
2022-05-06,265.76708984375,270.1396166091243,262.4199492559165,265.8444668964473,37780300,MSFT
2022-05-09,255.94825744628906,263.4744394387105,254.72938410241275,261.2494870702996,47726000,MSFT
2022-05-10,260.70770263671875,264.819048596667,256.4222361684426,262.82625738724875,39336400,MSFT
2022-05-11,252.04971313476562,262.507041521962,250.84049357545095,257.01235492970693,48975900,MSFT
2022-05-12,247.01934814453125,251.40155812616646,241.86323478464925,249.2830033480953,51033800,MSFT
2022-05-13,252.6011199951172,254.4584941959466,247.0193732332159,248.95412449484758,34925100,MSFT
2022-05-16,252.96876525878906,257.14783569365153,247.43537464280422,251.47899829857158,32550900,MSFT
2022-05-17,258.1151428222656,259.57585977965135,253.89737021197146,257.4282849486114,28828800,MSFT
2022-05-18,246.36326599121094,255.59413551227334,245.09305474022761,255.01235236440064,31356000,MSFT
2022-05-19,245.45181274414062,249.84424444235316,244.23008588747544,246.18872524247453,32692300,MSFT
2022-05-20,244.8894500732422,250.6878410141278,238.95532648602892,249.42730580573198,39199300,MSFT
2022-05-23,252.7337646484375,253.55795512434815,245.7330428682586,247.73049081283042,33175400,MSFT
2022-05-24,251.7349853515625,253.3930420574841,245.80086274871203,250.05754672530148,29043900,MSFT
2022-05-25,254.5469207763672,256.5443535711688,249.32063736572647,250.29997184139762,28547900,MSFT
2022-05-26,257.8242492675781,258.9974916357113,253.49000806634814,254.3044925724609,25002100,MSFT
2022-05-27,264.9413757324219,265.03834453491794,259.4338910030426,260.32596255899296,26910800,MSFT
2022-05-31,263.6129455566406,266.4248628217989,260.76223485872504,264.25290403889915,37827700,MSFT
2022-06-01,264.14630126953125,269.25623459703166,261.8385798988137,266.84186825760014,25292200,MSFT
2022-06-02,266.24066162109375,266.30854273854516,253.6548987948604,256.4183467798957,44008200,MSFT
2022-06-03,261.819091796875,265.14494022982973,260.25800402669876,262.1002923632558,28059000,MSFT
2022-06-06,260.5877380371094,265.85281527967646,259.10420716791305,263.79720697367605,22400300,MSFT
2022-06-07,264.2238464355469,264.83471731044557,257.8630839124664,258.54183590473656,22860700,MSFT
2022-06-08,262.1973571777344,264.7086925044536,261.4216362950806,263.4578629247985,17372300,MSFT
2022-06-09,256.748046875,264.4274912567582,256.59290269880853,259.6472278413425,26439700,MSFT
2022-06-10,245.30638122558594,252.66584504493977,244.86034549346968,252.66584504493977,31422800,MSFT
2022-06-13,234.90225219726562,241.45695191998857,234.1944273628666,237.66570001230667,46135800,MSFT
2022-06-14,237.06454467773438,238.27658064725975,234.17504027372604,236.4536738145781,28651500,MSFT
2022-06-15,244.11373901367188,247.54623321805892,238.9359248223612,240.76852264491998,33111700,MSFT
2022-06-16,237.52993774414062,239.90552503927643,235.63916478659826,238.50925737974993,33169200,MSFT
2022-06-17,240.1285400390625,242.8919877338187,236.6184889029332,237.2681383521673,43084800,MSFT
2022-06-21,246.0336151123047,247.0129348663082,241.93207466775263,242.6592962620597,29928300,MSFT
2022-06-22,245.44212341308594,249.3594317398159,242.7659386682965,244.23977847011096,25939900,MSFT
2022-06-23,250.9980926513672,251.4926127999007,245.92695305257084,247.8080352595046,25861400,MSFT
2022-06-24,259.5696105957031,259.8411054436494,253.7712204115489,253.8584834422403,33923200,MSFT
2022-06-27,256.8450622558594,260.151471392347,255.28394404349044,260.0642083256776,24615100,MSFT
2022-06-28,248.69036865234375,258.8035884452092,248.5352245163049,255.96258358137382,27295500,MSFT
2022-06-29,252.35560607910156,254.01366307535287,247.9922615951773,249.76668411063616,20069800,MSFT
2022-06-30,249.0297393798828,251.64774884681984,245.21910548593416,249.24305888897192,31730900,MSFT
2022-07-01,251.6962432861328,251.88047513446844,246.87720152441233,248.60315448518915,22837700,MSFT
2022-07-05,254.8668975830078,254.99295404252342,247.00320860845787,248.38007952148388,22941000,MSFT
2022-07-06,258.1248779296875,259.8508160325724,254.4305945207555,255.73959933597524,23824400,MSFT
2022-07-07,260.2483215332031,260.88827998765817,256.9709719895022,257.06794077182286,20859900,MSFT
2022-07-08,259.5308532714844,259.95749231914675,255.29358006652834,256.74802329517996,19658800,MSFT
2022-07-11,256.4765319824219,258.43517157163143,254.2172802316378,257.58189346441975,19455200,MSFT
2022-07-12,245.96572875976562,257.8630779320997,244.38522912726302,257.80490257305115,35868500,MSFT
2022-07-13,245.04458618164062,245.84937984355258,240.57459691919928,242.59142655470853,29497400,MSFT
2022-07-14,246.36326599121094,247.39107006314066,238.47048883303972,242.95987452362783,25102800,MSFT
2022-07-15,248.92311096191406,252.4622502240855,247.03233772876274,247.95348214538913,29774100,MSFT
2022-07-18,246.52810668945312,252.91795652335915,245.60696234722735,251.86106474959863,20975000,MSFT
2022-07-19,251.6477813720703,251.8320132260373,245.9754465210434,249.75699322481967,25012600,MSFT
2022-07-20,254.30450439453125,256.825544892012,251.04656621862563,252.00648914711226,22788300,MSFT
2022-07-21,256.79644775390625,256.84494694076886,249.22365037531554,251.89983491458102,22404700,MSFT
2022-07-22,252.45248413085938,257.27153938086525,251.2016845618034,257.18427635912064,21881300,MSFT
2022-07-25,250.96897888183594,253.55790048413337,249.0103395957646,253.0730861428635,21056000,MSFT
2022-07-26,244.24948120117188,251.98712943704783,241.9902591873935,251.9677179235894,39348000,MSFT
2022-07-27,260.57806396484375,261.8482754704679,250.98844942621554,253.22828984243685,45994000,MSFT
2022-07-28,268.01513671875,269.4016989901171,259.73449735178815,261.55740447896596,33459300,MSFT
2022-07-29,272.2135925292969,273.43533434326656,268.22843217911804,269.26594214524397,32152800,MSFT
2022-08-01,269.5664978027344,272.7371731572371,267.4623903988592,269.3822659732868,21539600,MSFT
2022-08-02,266.4733581542969,269.45012527255744,264.1074618325668,267.6175128829661,22754200,MSFT
2022-08-03,273.89105224609375,274.8897687407823,268.20901200946105,268.3544800041246,23518900,MSFT
2022-08-04,275.0351867675781,275.18062516074315,271.6608976832657,273.2413676766203,18098700,MSFT
2022-08-05,274.3176574707031,275.03517323549517,270.2161174409248,270.67184411090017,16774600,MSFT
2022-08-08,271.806396484375,277.23632456484415,270.8367675268172,275.423093558,18739200,MSFT
2022-08-09,273.7261962890625,274.4825055635908,269.1786348849365,271.1470097408237,23405200,MSFT
2022-08-10,280.37786865234375,281.00812145710677,278.22529152278446,279.4179456049466,24687800,MSFT
2022-08-11,278.3028564453125,282.3656036148159,277.80836586315127,282.0165514391727,20065900,MSFT
2022-08-12,283.0443115234375,283.0443115234375,278.22525580031515,279.7184922528835,22619700,MSFT
2022-08-15,284.5569152832031,285.2453433252316,281.2989476986178,282.16193138302435,18085700,MSFT
2022-08-16,283.8199768066406,285.10959940447333,281.59954863684186,283.12184303694977,18102900,MSFT
2022-08-17,283.0718078613281,285.0443308942976,281.27418133685177,281.53652609959147,18253400,MSFT
2022-08-18,281.9543762207031,283.64510179006146,280.89521149700556,281.9737992817374,17186200,MSFT
2022-08-19,278.0481872558594,281.06042243303864,277.4748955705993,280.7203261035374,20570000,MSFT
2022-08-22,269.885986328125,274.46262247376245,269.37099355295584,274.0933767758062,25061100,MSFT
2022-08-23,268.6131591796875,270.96462513583367,267.6025963871895,268.6131591796875,17527400,MSFT
2022-08-24,267.98150634765625,269.38073768829963,267.3207367981383,267.6122606253299,18137000,MSFT
2022-08-25,270.95489501953125,271.12006518473976,266.74747418276837,269.4779119694947,16583400,MSFT
2022-08-26,260.4995422363281,272.40270697945806,260.3926709090645,271.1783719738918,27549300,MSFT
2022-08-29,257.72052001953125,259.82906392811554,256.3795873901303,258.3229611362696,20338500,MSFT
2022-08-30,255.52442932128906,259.48889764724737,253.27983562180526,259.1196816439674,22767100,MSFT
2022-08-31,254.0669708251953,259.54726943283595,253.9309204276981,257.8759964592217,24791800,MSFT
2022-09-01,253.0272674560547,253.50341421016233,248.17855922552292,251.54058765801105,23263400,MSFT
2022-09-02,248.8101348876953,257.2443697118644,247.265156339412,254.29046300933095,22855400,MSFT
2022-09-06,246.0797119140625,250.5300249496929,244.80680442412418,248.9462001827662,21328200,MSFT
2022-09-07,250.78265380859375,251.5016925834483,246.05054362667008,247.4886360031437,24126700,MSFT
2022-09-08,251.20050048828125,253.05642612748184,247.5761123040182,250.21911682986428,20319900,MSFT
2022-09-09,256.9723205566406,257.7205384807604,252.92040261166707,253.12444856663964,22084700,MSFT
2022-09-12,259.10028076171875,259.8776479982531,257.65247691062,258.25491798547915,18747700,MSFT
2022-09-13,244.85537719726562,253.02725242179903,244.46669355719365,251.51142329243044,33353300,MSFT
2022-09-14,245.078857421875,247.03194264420256,242.78567587282814,246.35176481752862,23913000,MSFT
2022-09-15,238.43252563476562,244.28206983666107,237.111030916621,242.69823034248557,31530900,MSFT
2022-09-16,237.8106689453125,238.354811263805,235.2065402152561,237.34424853509077,39791800,MSFT
2022-09-19,237.5968780517578,238.19931916772862,234.03078901134762,235.60491699915002,26826900,MSFT
2022-09-20,235.58551025390625,236.61549610192634,232.85507215538624,235.21627927599923,26660300,MSFT
2022-09-21,232.1845703125,240.64796931692138,232.13598300454865,237.35395148181902,28625600,MSFT
2022-09-22,234.15711975097656,236.95558294370812,230.8436784817332,231.13517270867078,31061200,MSFT
2022-09-23,231.18373107910156,234.30285235773331,228.54074168946926,232.75785901455737,34176000,MSFT
2022-09-26,230.72706604003906,234.6138138859922,230.19263524586722,230.3383971861503,27694200,MSFT
2022-09-27,229.71649169921875,234.95388322610455,227.86056625784224,233.18540604277874,27018700,MSFT
2022-09-28,234.2445831298828,235.46890336480436,228.08407652025923,230.10518718115333,29029700,MSFT
2022-09-29,230.77565002441406,233.15628008036532,227.77314091515188,232.1262942883284,27484200,MSFT
2022-09-30,226.30589294433594,233.72958091891374,226.14070793604793,231.54328520200156,35694800,MSFT
2022-10-03,233.92388916015625,234.76925194456734,228.01603154626426,228.74479665745017,28880400,MSFT
2022-10-04,241.8334503173828,243.27154283676492,238.04386235617537,238.15074851262196,34888400,MSFT
2022-10-05,242.1443634033203,243.4852960194291,237.18876929584698,239.02525687467363,20347100,MSFT
2022-10-06,239.80258178710938,243.25207293473719,239.11269245364227,240.91030415961444,20239900,MSFT
2022-10-07,227.60794067382812,234.4874855805171,226.56822859279998,234.07936404235068,37769600,MSFT
2022-10-10,222.75918579101562,227.91884002309686,220.3105310476207,226.45159837907644,29743600,MSFT
2022-10-11,219.0279541015625,222.57460545971847,217.76475812921726,221.1753739104601,30474000,MSFT
2022-10-12,219.3583221435547,221.4085821373912,217.61900908089987,219.01822579092038,21903900,MSFT
2022-10-13,227.60794067382812,229.4152788681851,212.92575128751184,213.6253670289897,42551800,MSFT
2022-10-14,222.08872985839844,230.5229788868416,221.87495757893063,228.87109948608796,30198600,MSFT
2022-10-17,230.8048095703125,232.1943296760622,228.4824782570643,229.1432331202453,28142300,MSFT
2022-10-18,231.747314453125,237.02356694835538,228.7059298585046,236.3531154742312,26329600,MSFT
2022-10-19,229.7845001220703,232.8258846804723,227.65650356694331,230.32864238101766,19985700,MSFT
2022-10-20,229.4638214111328,234.4777286286027,228.2200635500685,229.09459052619272,21811000,MSFT
2022-10-21,235.2648162841797,236.11990546004,227.86056720320732,228.09377738574145,26299700,MSFT
2022-10-24,240.2495880126953,240.8228797300147,234.4680538752151,236.85839536600284,24911200,MSFT
2022-10-25,243.5630645751953,243.93229554935058,238.86981463229142,240.25931991173306,34775500,MSFT
2022-10-26,224.7705841064453,231.55295340898678,223.5462493233221,224.62482219919764,82543200,MSFT
2022-10-27,220.32997131347656,227.07347975374336,219.38743397662293,224.49850096140887,40424600,MSFT
2022-10-28,229.1917724609375,229.9011145363862,219.64981530818488,219.83443818188346,40647700,MSFT
2022-10-31,225.5576629638672,228.2686626281402,224.60539921895975,227.14150237504404,28357300,MSFT
2022-11-01,221.70977783203125,229.06545410633566,220.89356446941574,227.95773173513913,30592300,MSFT
2022-11-02,213.8682861328125,224.7511761173168,213.80997246609851,222.96327583397812,38407000,MSFT
2022-11-03,208.18392944335938,214.16952462545234,207.92156981485337,213.85857768399836,36633900,MSFT
2022-11-04,215.12173461914062,215.31606900887368,207.38710136295038,211.39046095991677,36789100,MSFT
2022-11-07,221.4182891845703,221.9430084136209,215.01487607123818,215.70478029409642,33498000,MSFT
2022-11-08,222.38999938964844,225.09128806890277,219.44578895990887,222.2248143785305,28192500,MSFT
2022-11-09,218.15341186523438,222.15677181548412,217.97851534706965,220.93243688127146,27852900,MSFT
2022-11-10,236.1004638671875,236.44056019136823,228.34640704745314,228.7642252711611,46268000,MSFT
2022-11-11,240.11354064941406,240.9686298310699,235.0801950029828,236.1101955294159,34620200,MSFT
2022-11-14,234.7109832763672,237.00416504738854,232.4372393956365,235.13852790216598,31123300,MSFT
2022-11-15,235.1190643310547,240.0066479183107,233.2339895014383,238.7045911196065,31390100,MSFT
2022-11-16,235.54779052734375,237.5648577519869,234.27129594257252,236.58067882132508,24093300,MSFT
2022-11-17,235.4990997314453,237.02895459171626,231.55268915517976,231.69884700298584,23123500,MSFT
2022-11-18,235.0508575439453,237.50641331153858,232.9168638897255,237.2822848010197,27613500,MSFT
2022-11-21,235.85963439941406,238.41262379283273,235.02162809086872,235.2554806346632,26394700,MSFT
2022-11-22,238.76341247558594,239.03625034999712,234.5539032214211,237.36023776801466,19665700,MSFT
2022-11-23,241.24819946289062,241.93029414801862,238.02285434078252,238.84136796293612,19508500,MSFT
2022-11-25,241.1605224609375,242.33956874564888,240.4199497182592,240.9851181755742,9200800,MSFT
2022-11-28,235.57705688476562,240.34199604159997,234.64161691636573,239.7865813482157,24778200,MSFT
2022-11-29,234.18362426757812,236.58070207820637,232.11784747654085,235.22625156300845,17956300,MSFT
2022-11-30,248.6148681640625,248.80001134833023,233.72565090628407,234.41749940509243,47594200,MSFT
2022-12-01,248.1763916015625,249.56981269736582,244.50280391577542,247.37735568786078,26041500,MSFT
2022-12-02,248.49790954589844,249.51130517453961,243.30422163631067,243.43090166559634,21528500,MSFT
2022-12-05,243.80120849609375,247.32863821310553,241.7159389367775,245.56491592032455,23435300,MSFT
2022-12-06,238.8511199951172,245.4187517382797,237.54539368771614,244.4053559887348,22463700,MSFT
2022-12-07,238.12030029296875,239.86452986599542,236.01555299377063,238.5685424627585,20481500,MSFT
2022-12-08,241.07281494140625,242.37855615254333,236.84381267858302,238.5782885351059,22611800,MSFT
2022-12-09,239.14344787597656,241.95953631031935,237.91567738898425,238.44186049239534,20609700,MSFT
2022-12-12,246.0521240234375,246.081355592582,240.84869655601585,241.12153444706453,30665100,MSFT
2022-12-13,250.34933471679688,257.1703110963209,246.59779176063924,254.99733220148903,42196900,MSFT
2022-12-14,250.64166259765625,255.87432140305884,247.80608156750714,250.55396789409684,35410900,MSFT
2022-12-15,242.64161682128906,247.69888605332656,241.01432850057725,247.2311661145022,35560400,MSFT
2022-12-16,238.43211364746094,243.45039767115878,237.28228413602537,242.19339565744826,86102000,MSFT
2022-12-19,234.30056762695312,238.93884171366832,232.60507706860986,238.59778690074495,29696400,MSFT
2022-12-20,235.6160125732422,236.69762512272143,232.32245069187238,233.27738320943791,25150800,MSFT
2022-12-21,238.1787872314453,239.33835580645467,233.9692773438502,235.50887122029903,23690600,MSFT
2022-12-22,232.09835815429688,235.8011771653982,227.88883383804284,235.08983601075406,28651700,MSFT
2022-12-23,232.62454223632812,232.76096118037862,227.9570517012324,230.07155276829016,21207000,MSFT
2022-12-27,230.89979553222656,232.81939944393886,229.7986903288203,232.59528581734625,16688600,MSFT
2022-12-28,228.53195190429688,233.5892213133109,228.18115822076558,230.83159608110222,17457100,MSFT
2022-12-29,234.84622192382812,235.73295246137508,229.62330203859167,229.62330203859167,19770700,MSFT
2022-12-30,233.6866912841797,233.8231102365172,230.60750365307476,232.11786589802279,21938500,MSFT
2023-01-03,233.45281982421875,239.46502226115788,231.32856489611547,236.86330844238375,25740000,MSFT
2023-01-04,223.24082946777344,226.9144019342719,220.18113479471134,226.3394946084548,50623400,MSFT
2023-01-05,216.62448120117188,221.73047501122883,216.08854432449274,221.3894202164649,39585600,MSFT
2023-01-06,219.17745971679688,219.98623444144232,213.74018002094996,217.2968261609176,43613600,MSFT
2023-01-09,221.31146240234375,225.3261046224166,220.61962878753835,220.65859925614794,27369800,MSFT
2023-01-10,222.9972381591797,225.3943160955878,221.51610752466433,221.9351032710945,27033900,MSFT
2023-01-11,229.740234375,229.91562377471337,225.19940935858202,225.37479875829538,28669300,MSFT
2023-01-12,232.41014099121094,233.76459137721616,227.58673939319505,229.2432592016942,27269500,MSFT
2023-01-13,233.1117706298828,233.24818958315328,228.91199978075178,230.93880627830646,21333300,MSFT
2023-01-17,234.20314025878906,234.7488160791734,231.02650408240027,231.88400315360477,29831300,MSFT
2023-01-18,229.77923583984375,236.1812174269308,229.4966590348899,235.3919352846435,30028700,MSFT
2023-01-19,225.9984588623047,229.49665708491057,224.78042720405,227.80115166394182,28623000,MSFT
2023-01-20,234.07644653320312,234.583151851916,228.51247153332469,228.85352633542087,35389800,MSFT
2023-01-23,236.37608337402344,238.89984125052814,233.5210096061912,234.9339381400993,31934000,MSFT
2023-01-24,235.84988403320312,237.7110398533446,234.29081253406932,236.29812619619068,40234400,MSFT
2023-01-25,234.4564666748047,237.07767305092727,224.99479068566467,228.4832349642451,66526600,MSFT
2023-01-26,241.657470703125,241.95954016253594,235.81091899256552,237.41871476554942,33454500,MSFT
2023-01-27,241.81336975097656,243.44065810829167,240.51738240492458,242.62214447980068,26498900,MSFT
2023-01-30,236.50274658203125,239.31883481228712,236.00578021468996,238.25670004532253,25867400,MSFT
2023-01-31,241.47230529785156,241.6087242304683,236.73659825337256,237.22381085108213,26541100,MSFT
2023-02-01,246.28599548339844,248.65384183422793,239.1921804627177,241.65747529132665,31259900,MSFT
2023-02-02,257.83294677734375,257.9206414880855,250.67091469575902,252.20076959193378,39940400,MSFT
2023-02-03,251.74276733398438,257.44316094972766,250.52473578092378,252.90233575146593,29077300,MSFT
2023-02-06,250.20318603515625,251.69405562891393,248.264089107466,250.8560641029921,22518000,MSFT
2023-02-07,260.7171630859375,261.8962090659223,253.428453032111,253.86695619791232,50841400,MSFT
2023-02-08,259.908447265625,269.6819309436082,259.4017271241036,266.2129795710124,54686000,MSFT
2023-02-09,256.87799072265625,266.9730522112078,256.0789548463012,266.79763305844943,42375100,MSFT
2023-02-10,256.37127685546875,257.3359482905629,253.99367698119255,254.84142214986286,25818500,MSFT
2023-02-13,264.3810729980469,267.5771867135627,260.3177065131593,260.7951951195851,44630900,MSFT
2023-02-14,265.20928955078125,267.9376679050751,262.39318676983703,265.696502095269,37047900,MSFT
2023-02-15,263.08953857421875,264.46692310846817,260.02216525434795,262.112672647368,28922400,MSFT
2023-02-16,256.08538818359375,260.569199060256,255.8411717100615,257.91212263576193,29603600,MSFT
2023-02-17,252.0899658203125,254.0730020433987,250.07762481803098,253.38921392498247,30000100,MSFT
2023-02-21,246.82469177246094,249.57946061577636,245.7696748690076,248.59281657060217,28397400,MSFT
2023-02-22,245.6915283203125,248.45606050673507,244.5485970470492,248.2118440405047,22491100,MSFT
2023-02-23,248.87611389160156,250.89821842663798,244.68535109646456,249.64783134560344,29219100,MSFT
2023-02-24,243.4545440673828,245.1933643431698,242.3604589246293,244.1774302685833,24990900,MSFT
2023-02-27,244.37278747558594,246.97125445707402,243.62059652709382,246.61958212194187,21190000,MSFT
2023-02-28,243.64987182617188,245.67199123491113,242.9758320232588,243.30797773153637,22491000,MSFT
2023-03-01,240.57275390625,245.12493737930367,240.10384757221487,244.95887197567075,27565300,MSFT
2023-03-02,245.30078125,245.58406578455748,239.92801913938823,240.84627541231006,24808200,MSFT
2023-03-03,249.3841094970703,249.70647705919302,245.57433813705987,246.35583390228538,30760100,MSFT
2023-03-06,250.92752075195312,254.10233469653934,250.05811076028263,250.49769740222126,24109800,MSFT
2023-03-07,248.27047729492188,251.72859113392445,247.52806453283253,250.37073314257202,21473200,MSFT
2023-03-08,247.8308563232422,248.65142003720348,245.0077146908978,248.16298712568516,17340200,MSFT
2023-03-09,246.4828338623047,253.55533409337485,245.7599476632948,249.90186482884056,26653400,MSFT
2023-03-10,242.83909606933594,246.94192996221227,241.87200834587694,245.27149758216976,28333900,MSFT
2023-03-13,248.04579162597656,251.94349199727765,240.04525738823747,241.67662167942007,33339700,MSFT
2023-03-14,254.7568817138672,255.0304029898369,249.94092478651652,250.81033489351847,33620300,MSFT
2023-03-15,259.2992248535156,260.3151734937316,253.21334102016098,253.9655466626367,46028000,MSFT
2023-03-16,269.81036376953125,270.1620211712839,257.1892436798215,259.07458764401633,54768800,MSFT
2023-03-17,272.9656677246094,276.77543928091814,269.92762867957384,271.82275116350945,69527400,MSFT
2023-03-20,265.9321594238281,271.06070433302705,263.6072142951392,270.5722714845319,43466600,MSFT
2023-03-21,267.44635009765625,268.6381277112385,263.28489174322317,268.5209085708176,34558700,MSFT
2023-03-22,265.9908447265625,274.538422009309,265.8833739672702,267.07515164944215,34873300,MSFT
2023-03-23,271.236572265625,274.55791015384574,268.8334906504202,271.5100935079119,36610900,MSFT
2023-03-24,274.0792541503906,274.1378637154936,268.9116255422268,270.82627422927686,28172000,MSFT
2023-03-27,269.9862060546875,274.9486717802247,269.1460858667074,274.0108888501196,26840200,MSFT
2023-03-28,268.86279296875,269.7517444509293,265.7563369743328,269.4098354483097,21878600,MSFT
2023-03-29,274.0206604003906,274.63609068107115,271.9692360686493,272.5065003836282,25087000,MSFT
2023-03-30,277.4787902832031,277.87930894211155,274.9682671851268,277.6546488294555,25053400,MSFT
2023-03-31,281.63037109375,282.57793202096093,276.452994776974,277.16611747446694,32766000,MSFT
2023-04-03,280.585205078125,281.60112415662576,277.3810860970175,279.89160882011697,24883300,MSFT
2023-04-04,280.5363464355469,283.7307170583828,279.0612991751383,280.585207618267,25824300,MSFT
2023-04-05,277.7620849609375,280.5070761358077,276.3749518849941,279.2371622142725,22064800,MSFT
2023-04-06,284.8540954589844,285.3229720001434,275.50548186907776,276.65817644820123,29770300,MSFT
2023-04-10,282.6951904296875,282.90032388757146,278.12343611580997,282.51933193992477,23103000,MSFT
2023-04-11,276.28692626953125,279.3640772236538,275.1244834565677,279.1393873695439,27276600,MSFT
2023-04-12,276.93170166015625,280.37028867291156,275.43709804068334,278.20164520430563,27403400,MSFT
2023-04-13,283.13482666015625,283.1934362329106,276.61914739244156,277.02941440172174,24222700,MSFT
2023-04-14,279.5204162597656,281.8062788337825,277.1270829372931,280.36050660414264,20987900,MSFT
2023-04-17,282.1188049316406,284.8540468047271,279.5398949610126,283.2226679530425,23836200,MSFT
2023-04-18,281.6988525390625,285.0104426931192,280.3703290467019,284.8248357623357,20161800,MSFT
2023-04-19,281.7769470214844,282.36304264200237,277.9573982326938,279.3738357310493,17150300,MSFT
2023-04-20,279.4910888671875,282.34355041766946,278.48491818075087,278.6509985011603,23244400,MSFT
2023-04-21,279.149169921875,279.64735118903843,276.51162043764214,278.4165205997633,21676400,MSFT
2023-04-24,275.2514953613281,278.35795159650013,272.27206627525993,275.564099605755,26611000,MSFT
2023-04-25,269.0484313964844,275.085455775241,268.9995702123378,273.0438095298006,45772200,MSFT
2023-04-26,288.536865234375,292.63971378431694,285.95795485763057,289.8361135268747,64599200,MSFT
2023-04-27,297.7780456542969,298.1395111111619,288.4196826173737,289.12302732036886,46462600,MSFT
2023-04-28,300.1518249511719,301.78317430412875,296.2931927346846,296.9770107869876,36469600,MSFT
2023-05-01,298.49114990234375,301.460830664017,298.0906312953761,299.8685344351108,21294100,MSFT
2023-05-02,298.3446350097656,302.0274089293755,296.87933607669675,300.6402759672235,26404400,MSFT
2023-05-03,297.3580017089844,301.47059918400157,297.05517563669,299.5266454015473,22360800,MSFT
2023-05-04,298.3446350097656,300.6402759672235,296.38112489974674,299.15542063563385,22519900,MSFT
2023-05-05,303.4633483886719,304.75281837217517,297.23093994665044,298.64740725132,28197100,MSFT
2023-05-08,301.5096130371094,303.0237728629805,299.0088390583922,302.95538510450854,21318600,MSFT
2023-05-09,299.89788818359375,302.8675694301154,299.22384819981767,300.8747542688823,21340800,MSFT
2023-05-10,305.0849609375,305.7590007361898,300.5523190484158,301.4803236876646,30078000,MSFT
2023-05-11,302.93585205078125,303.922496091225,299.17494240713177,302.92610366423224,31680200,MSFT
2023-05-12,301.8222351074219,303.463362538451,299.50706787229524,303.3656699936466,19774700,MSFT
2023-05-15,302.3009338378906,302.73075724835036,300.4741992492285,301.94927639928727,16336500,MSFT
2023-05-16,304.52813720703125,306.4525640397429,302.66231993782725,302.66231993782725,26730300,MSFT
2023-05-17,307.406494140625,307.8274576468927,304.21493944981296,305.73240981509633,24315000,MSFT
2023-05-18,311.8315124511719,312.3406122958503,307.1323177228801,307.9253064598199,27276000,MSFT
2023-05-19,311.6553039550781,312.05669811668946,309.7266699904712,310.0888957303577,27546700,MSFT
2023-05-22,314.4356384277344,315.8160338813464,311.33222095812204,311.90982815472574,24115700,MSFT
2023-05-23,308.63995361328125,315.9432948088947,308.63015403990534,313.30977897111853,30797200,MSFT
2023-05-24,307.25958251953125,309.8539301457172,306.0456005180939,308.1211084957931,23384900,MSFT
2023-05-25,319.07611083984375,320.03551297467794,313.28041010709336,316.4523646988683,43301700,MSFT
2023-05-26,325.89984130859375,326.39911178441344,317.0790277557837,317.216072437286,36630600,MSFT
2023-05-30,324.2550964355469,328.6899722814739,323.5795829729366,328.1907018049732,29503100,MSFT
2023-05-31,321.4942932128906,328.8857420420062,320.45652421282057,325.3123928059222,45950600,MSFT
2023-06-01,325.5962829589844,326.52634626965755,317.90134604784606,319.08592941453026,26773900,MSFT
2023-06-02,328.3570556640625,330.41296452982044,325.56689576601605,327.2312100565703,25873800,MSFT
2023-06-05,328.8857116699219,331.4506903935802,327.6325911531441,328.18082951193753,21307100,MSFT
2023-06-06,326.67315673828125,328.32767137670015,325.19488504565373,328.2885029579965,20396200,MSFT
2023-06-07,316.5894775390625,327.4661687531418,315.7279515267093,324.6858083621168,40717100,MSFT
2023-06-08,318.4300231933594,319.78104998315,316.5601268268705,317.1377341007984,23277700,MSFT
2023-06-09,319.92791748046875,323.0607044418597,317.59788906515115,318.1656968052279,22529000,MSFT
2023-06-12,324.8816223144531,325.1263726657708,318.33210052305157,321.6802685980965,24260300,MSFT
2023-06-13,327.2703857421875,329.90390189326365,323.4522862648796,327.44659882342825,22951300,MSFT
2023-06-14,330.25628662109375,331.9206007397858,325.8214120391003,327.319282795224,26003800,MSFT
2023-06-15,340.79034423828125,342.49379686840723,330.11923649037317,330.3933556478273,38899100,MSFT
2023-06-16,335.14154052734375,344.08962778195877,334.769545086919,343.94278354537636,46552000,MSFT
2023-06-20,330.95135498046875,334.89672875576605,328.8073398893107,332.18490609503823,26375400,MSFT
2023-06-21,326.5556945800781,330.6381434386612,325.0969920993696,329.30668603957923,25117800,MSFT
2023-06-22,332.5765686035156,332.9779627764546,326.34033425250004,327.1039541755478,23556800,MSFT
2023-06-23,327.9849853515625,330.8632513932906,326.44797610789226,327.3388409466085,23146900,MSFT
2023-06-26,321.69989013671875,329.05217088580866,321.592184438732,326.71237290027926,21520600,MSFT
2023-06-27,327.54449462890625,329.0913036434743,322.38513830210024,324.8913794122553,24354100,MSFT
2023-06-28,328.7976379394531,330.88291577640626,326.80046664644476,327.6326238415943,20259500,MSFT
2023-06-29,328.0143737792969,329.052112767679,325.6354077895199,327.6815169223393,16997000,MSFT
2023-06-30,333.38916015625,335.53317570907825,330.1192989180002,330.6577377615813,26832800,MSFT
2023-07-03,330.8927001953125,333.7415980832822,329.5025348266666,332.06751392034784,12508700,MSFT
2023-07-05,331.0493469238281,334.475852129054,327.7011785685613,328.05360476311387,18172400,MSFT
2023-07-06,334.10382080078125,335.7877045236946,328.4549930763807,330.2171837710964,28161200,MSFT
2023-07-07,330.1387939453125,334.61283670931624,329.9234124809672,332.19470249101795,21214800,MSFT
2023-07-10,324.862060546875,328.1906896092201,320.71110367143984,327.57391387264727,32791400,MSFT
2023-07-11,325.48858642578125,325.8703814238738,320.1334477409768,324.10819090994494,26698200,MSFT
2023-07-12,330.1192321777344,334.475769797387,328.62136146608015,329.53182545465006,29995300,MSFT
2023-07-13,335.4646301269531,336.52193851467035,331.90105061768867,332.42971974992344,20567200,MSFT
2023-07-14,337.9904479980469,344.0504693091922,337.07998382815504,340.29110736020874,28352700,MSFT
2023-07-17,338.4701232910156,339.70364458763055,335.0142499676755,338.4211553009667,20363900,MSFT
2023-07-18,351.941162109375,359.0780898369436,334.98488257273925,338.5680009815039,64738600,MSFT
2023-07-19,347.6238708496094,354.84890735199804,345.039322192249,354.1538245897535,39732900,MSFT
2023-07-20,339.58624267578125,350.4531652099648,338.1177404381011,346.1455646214541,33778400,MSFT
2023-07-21,336.5513000488281,342.944177986763,332.69403214811535,341.8183323536975,69405400,MSFT
2023-07-24,337.86322021484375,339.635240557494,335.1220277473729,338.58770169869877,26678100,MSFT
2023-07-25,343.60992431640625,344.5008191812914,337.82402242034016,339.8211637778006,41637700,MSFT
2023-07-26,330.6772766113281,337.43240985586726,326.11512671611416,334.2702247265649,58383700,MSFT
2023-07-27,323.7752990722656,334.16248813756204,322.1403538163887,333.330360964953,39635300,MSFT
2023-07-28,331.2646789550781,332.8702554950669,326.1738899082172,326.66339057868936,28484900,MSFT
2023-07-31,328.8661804199219,330.60880180685933,326.3599092198598,329.8451818704879,25446000,MSFT
2023-08-01,329.27728271484375,331.4310974539715,326.6927349046381,328.15143723260553,18311900,MSFT
2023-08-02,320.62298583984375,326.6242697138595,319.506909807834,326.6242697138595,27761300,MSFT
2023-08-03,319.80059814453125,322.9529838203489,319.1055155220307,319.154453640907,18253700,MSFT
2023-08-04,320.8971252441406,328.1025921516829,320.36845604431744,324.9110375542309,23741500,MSFT
2023-08-07,323.1781921386719,324.1571937032398,320.6425816716518,321.4747389768859,17741500,MSFT
2023-08-08,319.2033996582031,321.84671543145896,316.21745729083267,320.094294531756,22327600,MSFT
2023-08-09,315.4636535644531,320.2411556284152,314.30840912670357,319.61461022525367,22373300,MSFT
2023-08-10,316.14892578125,321.3670201533067,314.4356732724542,319.1740366258562,20113700,MSFT
2023-08-11,314.2692565917969,315.63985260966695,312.5070361030333,313.53500552400016,24355500,MSFT
2023-08-14,317.23565673828125,317.2552260127922,313.3587892587537,314.6413087197182,18836100,MSFT
2023-08-15,315.101318359375,318.2635030559149,314.1614855535714,316.217394091123,16966300,MSFT
2023-08-16,314.336181640625,318.2801192612422,313.747531106502,314.728605350037,20698900,MSFT
2023-08-17,310.8828125,315.77836341676965,310.22547958022847,314.47354784052,21257200,MSFT
2023-08-18,310.4903869628906,312.3544220351469,305.65366819423417,308.538028861624,24755000,MSFT
2023-08-21,315.78814697265625,316.6612873829202,311.03975175794454,311.91289216820854,24040000,MSFT
2023-08-22,316.357177734375,319.9086615433213,315.3761035356602,319.33965168167043,16084600,MSFT
2023-08-23,320.8112487792969,322.96962389693414,317.33823788637403,317.69144015108157,21166400,MSFT
2023-08-24,313.9142761230469,326.67805954758404,313.9044558013969,326.5505151261544,23281400,MSFT
2023-08-25,316.8673400878906,319.20227141780845,312.76642738205277,315.38590853898717,21684100,MSFT
2023-08-28,317.57373046875,319.97734429438725,315.63119277463596,319.4966275172615,14808500,MSFT
2023-08-29,322.194580078125,322.7537995550599,315.7881667802801,315.7881667802801,19284600,MSFT
2023-08-30,322.5673522949219,323.5680370692741,320.2716425608164,322.44962819676334,15222100,MSFT
2023-08-31,321.5568542480469,324.64723165247267,320.5953908586677,322.9696033369281,26411000,MSFT
2023-09-01,322.4398193359375,325.7067829359754,320.5953952258838,325.0396597293619,14942000,MSFT
2023-09-05,327.2372741699219,328.51268854222997,322.4398370951833,322.77339871686183,18553900,MSFT
2023-09-06,326.5799865722656,328.13007064456224,323.9310742393436,327.0705236753987,17535800,MSFT
2023-09-07,323.66619873046875,326.7761872339446,322.8028486285546,325.0200859411969,18381000,MSFT
2023-09-08,327.94366455078125,329.7979091740935,323.2247000080773,323.84278154918144,19530100,MSFT
2023-09-11,331.544189453125,332.01511580762883,329.08168383895804,330.85742559530763,16583300,MSFT
2023-09-12,325.490966796875,330.41597829482106,325.2064768442106,329.46433515175244,17565500,MSFT
2023-09-13,329.69976806640625,330.4748250083912,324.90233116375424,325.0396659724569,16544400,MSFT
2023-09-14,332.28985595703125,334.4089499611632,330.2001630423912,332.73132139955476,20267000,MSFT
2023-09-15,323.9703369140625,331.01444277565355,323.4111174113431,330.54354630179284,37679800,MSFT
2023-09-18,322.83221435546875,324.1468499483667,320.18330252768726,321.5960515105036,16834200,MSFT
2023-09-19,322.4300231933594,323.15603844559445,318.36839165791633,319.9969783891352,16505900,MSFT
2023-09-20,314.6991271972656,323.3522079151342,314.4440682913458,323.2737351610063,21436500,MSFT
2023-09-21,313.4826354980469,319.19249448338184,309.0383706041025,313.2177562445035,35560400,MSFT
2023-09-22,311.0103454589844,315.3663173545135,310.166606068044,315.23877291658,21447900,MSFT
2023-09-25,311.5302734375,311.65781785899316,309.0383368775715,310.59824108043864,17836000,MSFT
2023-09-26,306.23248291015625,309.9016904509528,304.15258067558153,309.1658848784398,26297600,MSFT
2023-09-27,306.8702087402344,308.35161042949267,303.82887271896175,306.3894620209308,19410100,MSFT
2023-09-28,307.7040710449219,309.5092436550282,303.5933684920157,305.10420093112447,19683600,MSFT
2023-09-29,309.7741394042969,313.4237361635249,309.01872314440465,311.7362875557097,24147300,MSFT
2023-10-02,315.7096252441406,315.79794825806266,309.21491966040423,310.29410713051254,20570000,MSFT
2023-10-03,307.4588317871094,315.3074247202829,305.320067458415,314.75799567015525,21033500,MSFT
2023-10-04,312.9234313964844,313.9830083427308,308.0573115463436,308.086742575961,20720100,MSFT
2023-10-05,313.31585693359375,313.92414811592056,308.9402741782087,313.0509776654909,16965600,MSFT
2023-10-06,321.06640625,322.95987258872464,310.31380965348364,310.5590782447178,25673600,MSFT
2023-10-09,323.57781982421875,324.04871616218304,317.063474375702,318.60376767446286,19891200,MSFT
2023-10-10,322.1749572753906,324.8336598616772,321.4685826836827,324.69629510828605,20557100,MSFT
2023-10-11,326.1286315917969,326.52105520300006,322.910710075927,324.9415104974041,20063200,MSFT
2023-10-12,324.89251708984375,327.3157714229003,322.4986937835042,324.313686937738,19313100,MSFT
2023-10-13,321.52740478515625,327.51193245626143,320.18330820544537,326.0893930672297,21072400,MSFT
2023-10-16,326.3445129394531,329.7782723940854,324.34311333126567,324.78457872571454,22158000,MSFT
2023-10-17,325.77545166015625,327.148949363288,321.21346324546664,323.3521975217721,18338500,MSFT
2023-10-18,323.8623962402344,329.23869374170175,322.0866542980727,326.1973576731345,23153600,MSFT
2023-10-19,325.0495300292969,330.5043005032586,324.64728599110776,325.86380848903855,25052100,MSFT
2023-10-20,320.48748779296875,325.63812679181063,319.2905761994472,325.441899996805,25027700,MSFT
2023-10-23,323.08734130859375,326.4328077015871,318.25065300887303,319.31019990102027,24374700,MSFT
2023-10-24,324.2744140625,325.55961871050516,321.39987419726737,325.02983032476106,31153600,MSFT
2023-10-25,334.22259521484375,339.6479349004677,331.2303006335069,338.49024447115744,55053800,MSFT
2023-10-26,321.6844482421875,335.1643987741883,320.75241573436665,334.0950314410102,37828500,MSFT
2023-10-27,323.5680847167969,330.347311140755,322.1847664797221,324.17634594018955,29856500,MSFT
2023-10-30,330.9261474609375,333.02566069281073,325.54984988044805,327.09996393650596,22828100,MSFT
2023-10-31,331.7109069824219,332.5840771904945,328.35565075769745,332.4369220823928,20265300,MSFT
2023-11-01,339.52032470703125,340.8447807446002,333.2218157421507,333.35918048886424,28158800,MSFT
2023-11-02,341.727783203125,342.22811070154637,338.2449517203371,340.6682062676254,24348100,MSFT
2023-11-03,346.1229553222656,347.6828896003234,340.75647841286957,343.01296696867126,23637700,MSFT
2023-11-06,349.7823486328125,350.7732430573265,346.66254017187435,346.76065357014403,23828300,MSFT
2023-11-07,353.7066345214844,355.60010029773895,350.86152569633424,352.5980160280282,25833900,MSFT
2023-11-08,356.32611083984375,356.9834136941428,353.72624062685685,354.8348591059033,26767800,MSFT
2023-11-09,353.8636474609375,357.8860575764988,353.53987621597344,355.44316251543404,24847300,MSFT
2023-11-10,362.6736755371094,363.0955302142946,354.23643229337705,354.6484666487655,28042100,MSFT
2023-11-13,359.74029541015625,361.49642668428953,358.97505869997684,361.2511581241037,19986500,MSFT
2023-11-14,363.2623291015625,364.9105564931209,360.39760923672634,363.98834436046604,27683900,MSFT
2023-11-15,363.4098205566406,366.81121863639925,360.89314538692616,364.99254154145893,26860100,MSFT
2023-11-16,369.79974365234375,369.97668823321743,363.9111612043172,364.6779510555463,27182300,MSFT
2023-11-17,363.58673095703125,368.03017560302834,360.7849886688486,367.2830363259732,40157000,MSFT
2023-11-20,371.0482177734375,372.45399413615905,364.7172740131472,364.9335496074717,52465100,MSFT
2023-11-21,366.7522277832031,369.848877892723,364.83523819118903,369.30820390562985,28423100,MSFT
2023-11-22,371.4512634277344,373.35841268345206,368.62003030581224,371.5987172360064,23345300,MSFT
2023-11-24,371.038330078125,371.56919374191403,368.78713213501106,370.9400175476793,10176600,MSFT
2023-11-27,372.1983947753906,374.19404643508545,369.82923344697656,370.3993982063347,22179200,MSFT
2023-11-28,376.2191467285156,376.51405435302496,371.75602133936184,371.9428061684763,20453100,MSFT
2023-11-29,372.4342956542969,377.79198354961045,371.04816997841607,377.2611498870986,28963400,MSFT
2023-11-30,372.4932861328125,373.653296016865,369.1115390125993,372.0803854957098,30554400,MSFT
2023-12-01,368.1678466796875,371.75602952719976,365.0220252786822,370.37974391455106,33040500,MSFT
2023-12-04,362.8887634277344,363.26230306598103,356.75441514637487,362.84943241289693,32063300,MSFT
2023-12-05,366.2115173339844,366.76203156592914,359.4283719754838,360.2443330697854,23065000,MSFT
2023-12-06,362.55450439453125,367.8434010010659,361.7975548433351,367.2142547508921,21182100,MSFT
2023-12-07,364.6680908203125,365.15962347811006,360.11649360898355,361.9941519618629,23118900,MSFT
2023-12-08,367.892578125,368.11866396815253,361.99418568198814,362.94776032697274,20154400,MSFT
2023-12-11,365.01214599609375,365.3070835963392,359.90022426700926,362.23992455873395,27708800,MSFT
2023-12-12,368.0400085449219,368.079339558926,364.1863791933993,364.5697890781994,24838300,MSFT
2023-12-13,368.0301818847656,371.2448248811306,364.4911405130115,369.65223376326037,30955500,MSFT
2023-12-14,359.73309326171875,367.43051168709843,357.9635876470979,366.98812028305656,43277500,MSFT
2023-12-15,364.45184326171875,366.09354566450713,360.0771902707865,360.6375447439286,78502300,MSFT
2023-12-18,366.33929443359375,366.68337330414107,362.4365238179664,363.1935033333252,21802900,MSFT
2023-12-19,366.9389953613281,366.9389953613281,363.5768985428581,365.19895042864266,20603700,MSFT
2023-12-20,364.34368896484375,369.662076309118,364.2552166800982,368.6495201604417,26316700,MSFT
2023-12-21,367.2142639160156,368.0695260278655,363.77353495979867,366.25084900799567,17708000,MSFT
2023-12-22,368.2366027832031,368.8264479888416,366.39827539290235,367.3518499751321,17107500,MSFT
2023-12-26,368.3153076171875,370.5566956584925,367.1749480872917,368.6495462723812,12673100,MSFT
2023-12-27,367.7352600097656,368.70848509896524,366.49658807749455,367.36169037934906,14905400,MSFT
2023-12-28,368.92474365234375,370.08475350322914,367.82371531924764,369.0132159290277,14327000,MSFT
2023-12-29,369.6719055175781,370.77293391810167,367.15526060187455,369.6325745030526,18730800,MSFT
2024-01-02,364.5895080566406,369.53432646906003,360.55893338629653,367.52886438904085,25258600,MSFT
2024-01-03,364.3240051269531,366.9389624174864,362.2694022559853,362.76093490456435,23083500,MSFT
2024-01-04,361.70904541015625,366.78166590955874,360.95209593669983,364.3928244536736,20901500,MSFT
2024-01-05,361.5222473144531,365.75925616095924,360.293415746423,362.72158812488135,21004600,MSFT
2024-01-08,368.3447570800781,368.84613000704053,362.7609531121448,363.0460204620728,23134000,MSFT
2024-01-09,369.4261474609375,369.62274253642516,364.9040407138779,365.71016152546855,20830000,MSFT
2024-01-10,376.28790283203125,377.66421828465786,369.94714950002793,369.99629076586194,25514200,MSFT
2024-01-11,378.116455078125,384.063988833949,373.9384270676175,379.4632498955057,27850800,MSFT
2024-01-12,381.89141845703125,382.0978537915272,378.13610141587486,378.96187275463393,21661200,MSFT
2024-01-16,383.66094970703125,387.3572854699558,381.0558322148753,386.9935560466254,27202300,MSFT
2024-01-17,382.87445068359375,383.5035968868469,378.2933627006387,381.4096929597069,22234100,MSFT
2024-01-18,387.1999816894531,387.31794474262756,383.51348627386955,385.08639698467385,23392100,MSFT
2024-01-19,391.9187316894531,391.9187316894531,386.8362699111173,389.0580075164466,29331100,MSFT
2024-01-22,389.79522705078125,393.83561098518595,386.9246632087036,393.24576581207174,27016900,MSFT
2024-01-23,392.1448059082031,392.6166881291798,387.25896937303906,389.0481557100348,20525900,MSFT
2024-01-24,395.7428283691406,398.7608465253621,393.66857465315076,394.7401124022686,24867000,MSFT
2024-01-25,398.0137023925781,400.1174768477645,395.7133328486228,397.4730283974927,21021200,MSFT
2024-01-26,397.0895690917969,399.2916558179086,395.61497110591324,397.52212023438454,17803300,MSFT
2024-01-29,402.78155517578125,403.03716177894273,397.48281829193445,399.1835322269837,24510200,MSFT
2024-01-30,401.670654296875,406.05511721074,399.5669101187714,405.2785172108199,33477600,MSFT
2024-01-31,390.84716796875,408.2867703249603,390.48343853417316,400.06832715130344,47871100,MSFT
2024-02-01,396.9421081542969,401.0906449466683,394.99562804766003,395.0251188068164,30657700,MSFT
2024-02-02,404.25616455078125,405.6619409058491,396.72587980855803,396.9716461643717,28256700,MSFT
2024-02-05,398.78045654296875,404.197156266753,397.1485644483077,402.9584843152066,25352300,MSFT
2024-02-06,398.6231994628906,401.0612125775962,396.08690380386986,399.0066093885159,18382600,MSFT
2024-02-07,407.0381774902344,407.2839438164574,400.50079921285686,400.5401302252688,22340500,MSFT
2024-02-08,407.09722900390625,408.52268594139866,405.5439987554575,407.03824747553335,21225300,MSFT
2024-02-09,413.42816162109375,413.69360849220726,408.060632682177,408.21792675374667,22032800,MSFT
2024-02-12,408.2277526855469,413.61493194410616,407.7263797250581,413.43798737008973,21202900,MSFT
2024-02-13,399.4391174316406,403.1256124684785,396.55874317637694,398.08248245796057,27824900,MSFT
2024-02-14,403.2998352050781,403.64455035620506,398.4542264131706,401.9013178119368,20401200,MSFT
2024-02-15,400.4141845703125,402.94534207042653,398.17851011795324,401.9703171422234,21825500,MSFT
2024-02-16,397.9519958496094,402.11806357382386,397.34137293273426,401.7930352108052,22296500,MSFT
2024-02-20,396.7011413574219,398.37542488528044,391.99340052173363,397.1443207958614,24307900,MSFT
2024-02-21,396.10040283203125,396.2087556364425,391.2153895315718,394.12080761512743,18518900,MSFT
2024-02-22,405.42718505859375,406.5893400835542,402.393757864311,403.9892639250621,27009900,MSFT
2024-02-23,404.1370544433594,409.57360004080124,402.7877689820269,409.3864998448466,16295900,MSFT
2024-02-26,401.3793640136719,405.92952022656453,401.2020621700657,405.24008986741234,16193500,MSFT
2024-02-27,401.32025146484375,402.1475498168189,397.74512033420825,401.8225215015325,14835800,MSFT
2024-02-28,401.5566101074219,403.11271245725675,399.1928962585418,402.0096479981962,13183100,MSFT
2024-02-29,407.38714599609375,407.93867824413843,399.7838456551883,402.4627294555139,31947300,MSFT
2024-03-01,409.218994140625,409.583396137478,404.6688382927548,405.0529271345384,17823400,MSFT
2024-03-04,408.6477966308594,411.04105586312363,406.08709401097116,407.1901585103068,17596000,MSFT
2024-03-05,396.563232421875,407.98788407033936,394.5836375385052,407.70225951365865,26919200,MSFT
2024-03-06,396.0117492675781,399.03534841652714,392.3676988449284,396.87845143918287,22344100,MSFT
2024-03-07,402.9552001953125,403.58550992875143,396.15948083378726,399.98083315410713,18718500,MSFT
2024-03-08,400.07928466796875,404.21580644025056,398.2178408535662,401.79297194630584,18002200,MSFT
2024-03-11,398.4049987792969,399.5474670630361,395.19429952187465,397.65650787745375,16120800,MSFT
2024-03-12,409.0023193359375,409.28794389731524,400.64067006988586,401.4581099515854,22457000,MSFT
2024-03-13,408.8251037597656,411.8585313952043,405.23028537501085,411.77975394826365,17115900,MSFT
2024-03-14,418.7921142578125,421.3528170705886,411.6713965625505,413.88738417925487,34157300,MSFT
2024-03-15,410.1251525878906,416.2117246963819,406.55002108975805,412.9517630950902,45079900,MSFT
2024-03-18,411.011474609375,414.3699300128756,407.5249795776433,407.98787589557446,20106000,MSFT
2024-03-19,415.0397033691406,415.2957826626085,409.26827120822617,411.5138040831413,19837900,MSFT
2024-03-20,418.80194091796875,419.5208864985866,414.3010169757645,415.62075700500156,17860100,MSFT
2024-03-21,422.8793640136719,424.30745690999566,420.70278020104655,423.3324019440985,21296200,MSFT
2024-03-22,422.2588806152344,423.36194516542855,419.62925888508494,423.2043902779049,17648500,MSFT
2024-03-25,416.4677429199219,420.9489800236463,415.2366387798196,418.8117700116772,18060500,MSFT
2024-03-26,415.2760314941406,419.55042134825453,414.98057853086766,419.17616089060704,16725600,MSFT
2024-03-27,415.0593566894531,418.0337234540762,412.67595596490696,418.02386500319915,16705000,MSFT
2024-03-28,414.360107421875,415.4927172172239,412.78428811448583,414.5964697982947,21871200,MSFT
2024-04-01,418.1518859863281,421.4217055688743,415.83740435240986,417.5412631842415,16316000,MSFT
2024-04-02,415.0692443847656,415.9950371448598,411.52365828826186,413.7593326884334,17912000,MSFT
2024-04-03,414.09417724609375,416.86169679254687,412.75472038791173,413.38506009911544,16502300,MSFT
2024-04-04,411.56304931640625,422.1899488258563,411.2577378896696,418.5655553413228,19370900,MSFT
2024-04-05,419.0875244140625,420.06257930400153,411.9963827991793,413.6608379545396,16554800,MSFT
2024-04-08,418.171630859375,420.820969557038,416.9011228829619,418.7428800514856,14272400,MSFT
2024-04-09,419.8360900878906,421.2740114208572,415.246529885916,419.9936750369666,12496900,MSFT
2024-04-10,416.8617248535156,417.6200741918698,413.3555426286193,415.80789248455,16216600,MSFT
2024-04-11,421.4610900878906,422.8793243997448,415.9752830660833,419.3830008173104,17966400,MSFT
2024-04-12,415.522216796875,418.7526324962857,413.424410768199,417.6397096693355,19253800,MSFT
2024-04-15,407.38714599609375,420.36790078356154,407.18029886088704,420.15122525352587,20273500,MSFT
2024-04-16,408.31292724609375,412.0751888679084,407.4758004410801,408.3030988508173,16765600,MSFT
2024-04-17,405.6143493652344,412.5479364642673,404.127165910336,410.9425718180864,15855500,MSFT
2024-04-18,398.15875244140625,405.66358827577534,397.8436126348303,404.4226257260466,21029900,MSFT
2024-04-19,393.0866394042969,399.35051316442866,391.7570408652649,397.9224202787546,30565800,MSFT
2024-04-22,394.8988037109375,396.7602475945419,389.76757007965125,394.0321015888098,20286900,MSFT
2024-04-23,401.4089050292969,402.0293863346637,396.9670716039761,398.1292267170022,15734500,MSFT
2024-04-24,402.8763427734375,406.2347982871372,400.6308101493401,403.36878440202247,15065300,MSFT
2024-04-25,393.0078125,393.84496925671834,382.1642385201122,388.0735378998874,40586500,MSFT
2024-04-26,400.1777648925781,406.7567777157392,399.62623268322636,405.93933785210214,29694700,MSFT
2024-04-29,396.1693115234375,400.17779380940664,393.1555709987601,399.12396145400385,19582100,MSFT
2024-04-30,383.44464111328125,396.0807119739039,383.2870862186978,395.4208268707794,28781400,MSFT
2024-05-01,388.96978759765625,395.64729473492514,384.40977340635925,386.6749928264685,23562500,MSFT
2024-05-02,391.8259582519531,393.88436068854867,388.68417820234623,391.6486864760746,17709400,MSFT
2024-05-03,400.5126647949219,400.9952480161036,395.7852067038653,396.1988709336313,17446700,MSFT
2024-05-06,407.28863525390625,407.67272409935384,400.2270089943109,402.5808944329267,16996600,MSFT
2024-05-07,403.1521301269531,408.4015749957849,402.90590929968624,408.3917165446932,20018200,MSFT
2024-05-08,404.3340148925781,405.9984701419799,400.56189486819255,401.9998461853561,11792300,MSFT
2024-05-09,406.0870666503906,406.48101393700307,402.9157414003457,404.36352097224125,14689700,MSFT
2024-05-10,408.4705505371094,409.10089036918424,405.57499080306246,406.6977723578493,13402300,MSFT
2024-05-13,407.4659423828125,412.0259571204268,404.60978666771797,411.6911003868472,15440200,MSFT
2024-05-14,410.2630310058594,411.1789653639721,405.3287555020644,405.7916519071735,15109300,MSFT
2024-05-15,417.4360046386719,418.15627711467357,411.7035137509103,412.32511422725236,22239500,MSFT
2024-05-16,415.3738708496094,419.744796345379,414.7424242787078,416.1730628235195,17530100,MSFT
2024-05-17,414.604248046875,417.2781174098403,412.4533372106994,416.90318192068867,15352200,MSFT
2024-05-20,419.6658630371094,421.07677928196154,414.3872272445279,414.6042935983872,16272100,MSFT
2024-05-21,423.3165283203125,427.1940941013643,419.1824213563369,421.13598848639515,21453300,MSFT
2024-05-22,424.7767639160156,426.6415653807663,421.43200286988593,424.35250743086516,18073700,MSFT
2024-05-23,421.3037414550781,427.81570226312846,419.7448321943187,427.19410176133954,17211700,MSFT
2024-05-24,424.42156982421875,425.30955759417924,418.7482761527639,421.49118910602255,11855300,MSFT
2024-05-28,424.5794677734375,425.07279769134385,420.9090919797955,423.8986700778892,15718000,MSFT
2024-05-29,423.4447937011719,425.1911706830153,420.0112068053538,420.0112068053538,15517100,MSFT
2024-05-30,409.1382141113281,418.639722265152,408.7139275324575,418.639722265152,28394500,MSFT
2024-05-31,409.5920715332031,411.19045552886206,399.1137496856911,411.19045552886206,47995300,MSFT
2024-06-03,408.0035400390625,410.8747236026411,403.4649291544174,409.9867358256656,17484700,MSFT
2024-06-04,410.51953125,410.88459054146256,404.21476096620233,406.9280752908703,14348900,MSFT
2024-06-05,418.3536376953125,418.42268099839066,410.746468843911,412.23633479956106,16988000,MSFT
2024-06-06,418.8568420410156,419.63631177830695,414.96939969919424,418.35366597658657,14861300,MSFT
2024-06-07,418.1957702636719,420.59334639709124,417.3571033955117,420.51442686018504,13621700,MSFT
2024-06-10,422.1620788574219,422.3692689624298,418.2351925422475,419.03438448631385,13982900,MSFT
2024-06-11,426.907958984375,427.04610581067664,419.57708382911113,419.8040264249776,14551100,MSFT
2024-06-12,435.1761474609375,437.4849276655188,427.47033721280536,429.51273012432705,22366200,MSFT
2024-06-13,435.689208984375,437.4750908737884,433.508699318619,434.9689666213265,15960600,MSFT
2024-06-14,436.6660461425781,437.2284494695541,430.8940801420427,432.4332670607897,13582000,MSFT
2024-06-17,442.38861083984375,444.9243335295661,434.8406700551031,436.68571890132137,20790000,MSFT
2024-06-18,440.3857421875,444.1350675846114,438.95510350912195,443.71078097637735,17112500,MSFT
2024-06-20,439.7542419433594,440.5731562487516,435.383316572412,440.34621367715397,19877400,MSFT
2024-06-21,443.77984619140625,444.569161991758,440.5534794666223,441.4118686798834,34187100,MSFT
2024-06-24,441.697998046875,446.71021649298933,440.45479708566984,443.7995580906483,15913700,MSFT
2024-06-25,444.9342041015625,445.3979353653379,440.79022131418793,442.27021086532676,16413400,MSFT
2024-06-26,446.1280517578125,447.54884412889345,442.21101156026344,443.01020350518843,16507000,MSFT
2024-06-27,446.8088684082031,450.0845859651154,445.74325902922413,446.14779313508967,14806300,MSFT
2024-06-28,440.98760986328125,449.3051447547128,440.4548051400977,447.02596302446955,28362300,MSFT
2024-07-01,450.63714599609375,451.2685926172397,439.71481466960876,442.67479410049566,17662800,MSFT
2024-07-02,453.153076171875,453.45893827703065,447.0653724350894,447.15419830732895,13979800,MSFT
2024-07-03,454.6231994628906,454.869864398923,451.7717684597979,452.07763057164084,9932800,MSFT
2024-07-05,461.3226318359375,462.1021014719612,452.8472281684966,453.478674753155,16000300,MSFT
2024-07-08,460.0202331542969,461.4607780718062,458.26398000009,460.326095268591,12962300,MSFT
2024-07-09,453.4096374511719,461.09569535136285,451.89017298008986,460.77011087707854,17207200,MSFT
2024-07-10,460.0301513671875,460.2373415030919,452.7387206812327,455.06725356597207,18196100,MSFT
2024-07-11,448.6342468261719,458.5797648874454,445.5262442034591,456.8037891977259,23111200,MSFT
2024-07-12,447.49957275390625,450.2720845844748,444.6382651481434,448.2691662493938,16324300,MSFT
2024-07-15,447.9040832519531,451.1600787227488,445.40783511291056,447.25288415779397,14429400,MSFT
2024-07-16,443.5233154296875,448.23954820722287,440.7014827721708,448.1606286695201,17175700,MSFT
2024-07-17,437.6033630371094,438.9156374910901,433.32126292871686,436.68577660898285,21778000,MSFT
2024-07-18,434.4953308105469,438.7182331565263,428.60497114914784,438.41237105587203,20794800,MSFT
2024-07-19,431.2787780761719,435.2550453064195,426.236961800489,427.3222934197587,20940400,MSFT
2024-07-22,437.03106689453125,438.6689256733767,433.05482935357276,435.89641421757136,15808800,MSFT
2024-07-23,438.9156188964844,442.40840302613475,437.1889642431626,437.9782800404941,13107100,MSFT
2024-07-24,423.17840576171875,435.5906035987281,421.88588376058476,434.5743451525585,26805800,MSFT
2024-07-25,412.8184814453125,424.0663978828946,411.94036982301,423.0797380180107,29943800,MSFT
2024-07-26,419.5968017578125,423.19813411147953,411.7035233681291,412.6211398648851,23583800,MSFT
2024-07-29,421.0373229980469,426.38500194360023,419.0344049240428,425.8225986635412,15125800,MSFT
2024-07-30,417.27813720703125,423.32633592791996,411.79228152562297,422.01409176409487,32687600,MSFT
2024-07-31,412.7691345214844,416.1533704185598,406.7110288792971,414.89044707540063,42891400,MSFT
2024-08-01,411.5456848144531,421.7576205131753,407.5793229682275,415.1766160278779,30296400,MSFT
2024-08-02,403.0406494140625,409.46381430513844,398.9460172931046,406.98728858808795,29437900,MSFT
2024-08-05,389.8786315917969,395.69007252981703,380.4362896519731,383.9784249914832,40709200,MSFT
2024-08-06,394.2791442871094,400.2583309236166,393.183966261965,394.66395609733,24946500,MSFT
2024-08-07,393.1148681640625,404.60944914169323,392.16768315982324,403.18868669056855,20650900,MSFT
2024-08-08,397.3180236816406,400.4457182788044,394.6047093244423,397.07135874007713,20203000,MSFT
2024-08-09,400.60357666015625,402.6064947272633,396.89375651412195,398.64013341356633,19276700,MSFT
2024-08-12,401.3830871582031,403.3070858906621,398.8473641425328,401.62975211823795,16762900,MSFT
2024-08-13,408.4870300292969,409.41449264240543,404.10625814496586,404.1259805010332,19414300,MSFT
2024-08-14,411.2989807128906,412.14752377963794,406.9478375879701,409.26646397851016,18267000,MSFT
2024-08-15,416.162109375,416.2411711538097,412.8310776655769,414.94631960204117,20752100,MSFT
2024-08-16,413.6317138671875,416.46852653153576,412.4752279591184,415.73709195319884,22775600,MSFT
2024-08-19,416.6563415527344,416.8737991572246,411.6449527797598,414.11604821044875,15234000,MSFT
2024-08-20,419.88848876953125,420.9362307322599,416.76505094858624,416.82435482083605,16387600,MSFT
2024-08-21,419.23614501953125,421.46999458583696,416.8441115746798,419.17681098270833,16067300,MSFT
2024-08-22,410.74542236328125,421.8554866317301,409.81628817687795,419.45355922894015,19361900,MSFT
2024-08-23,411.9711608886719,414.4126044200127,407.32548933843145,412.15896655760116,18493800,MSFT
2024-08-26,408.70928955078125,412.4554786638681,406.58415351672016,411.55599630876077,13152800,MSFT
2024-08-27,409.05523681640625,409.5692137906275,405.5067475085558,408.0865565785304,13492900,MSFT
2024-08-28,405.85272216796875,410.2018441208808,402.6007521142328,410.08323636580656,14882700,MSFT
2024-08-29,408.3435363769531,417.17028122626607,405.85268326493673,410.142500929111,17045200,MSFT
2024-08-30,412.3171081542969,412.663037378181,407.3650233246306,410.7949049431994,24308300,MSFT
2024-09-03,404.70611572265625,415.02541234976394,402.32397617802485,413.0781880012741,20313600,MSFT
2024-09-04,404.17236328125,406.4853049884444,399.6947395600007,401.2169427939581,15135800,MSFT
2024-09-05,403.6682434082031,408.3237783354607,401.4343636867301,402.9071267784607,14195500,MSFT
2024-09-06,397.0556335449219,405.9021372589665,396.16601504088436,404.3305241544344,19609500,MSFT
2024-09-09,401.02911376953125,403.9252302108811,397.5003824546475,402.5315288470681,15295100,MSFT
2024-09-10,409.4111022949219,411.5164502597468,402.9862541865475,403.48047327180706,19594300,MSFT
2024-09-11,418.14886474609375,419.0878628478116,404.8444661227044,410.6960329818373,19266900,MSFT
2024-09-12,422.0631103515625,422.42882765829563,414.89693341936385,418.4157709894436,17395700,MSFT
2024-09-13,425.611572265625,426.83722589839596,420.5408798146308,420.9065970976519,15874600,MSFT
2024-09-16,426.3529052734375,428.517587221267,423.2689830915265,425.6214706998335,13834700,MSFT
2024-09-17,430.1188659667969,436.741413807479,427.2721591954558,435.1401487897844,18874200,MSFT
2024-09-18,425.82904052734375,430.9886889198146,425.43367129700556,429.9705988234429,18898000,MSFT
2024-09-19,433.617919921875,436.39542861722236,431.8486072464737,436.12856118496126,21706600,MSFT
2024-09-20,430.23748779296875,434.161588684006,429.1996397408119,432.16495436382024,55167100,MSFT
2024-09-23,428.497802734375,431.41367697848,425.4138807437856,429.25888919848313,15128900,MSFT
2024-09-24,424.2080383300781,428.33970279345715,421.17352579677157,427.9937433882553,17015800,MSFT
2024-09-25,427.1139831542969,428.1123153119531,423.61493391499886,424.8603454388432,13396400,MSFT
2024-09-26,426.3232421875,430.2671006249204,424.1684543301705,430.0595370663028,14492000,MSFT
2024-09-27,423.0712890625,426.85702409572957,422.52766014209345,426.5308226116947,14896100,MSFT
2024-09-30,425.324951171875,425.4435890958682,420.451958019216,423.25911892558076,16807300,MSFT
2024-10-01,415.8260498046875,423.52599147760804,413.9677812470877,423.49633953955015,19092900,MSFT
2024-10-02,412.30718994140625,417.93140514988795,411.89203266645677,417.6941594936009,16582300,MSFT
2024-10-03,411.7240295410156,414.699207817815,409.50004373541833,412.80142348929195,13686400,MSFT
2024-10-04,411.24957275390625,414.8969119270876,410.172178794162,413.40436067339476,19169700,MSFT
2024-10-07,404.8049621582031,412.287415913181,404.2711971193028,411.190264062665,20919800,MSFT
2024-10-08,409.9151611328125,410.8541894054543,403.45079759655545,406.1492143378804,19229300,MSFT
2024-10-09,412.6333923339844,415.51964507918063,409.50992407936405,411.051885220099,14974300,MSFT
2024-10-10,411.03216552734375,412.5247169639496,408.37326417465465,410.4292326632597,13848400,MSFT
2024-10-11,411.5065612792969,412.3071937353824,408.4720490414364,411.3286496589972,14144900,MSFT
2024-10-14,414.2939453125,419.1372858012014,412.6926503077809,412.9397598241915,16653100,MSFT
2024-10-15,413.8985595703125,417.59533856944756,410.45881429415135,417.2987890411578,18900200,MSFT
2024-10-16,411.3088684082031,411.5460839058675,405.7340930599272,410.36987028679,15508900,MSFT
2024-10-17,411.9019470214844,417.61511832115826,410.78500708577025,417.4767225011017,14820000,MSFT
2024-10-18,413.32525634765625,414.7980193813877,411.4472300958726,412.31706040147395,17145300,MSFT
2024-10-21,413.9381408691406,414.1160525024568,408.96629801765454,411.3088916838687,14206100,MSFT
2024-10-22,422.5672302246094,425.6017126142665,413.20671913798,413.65149823512496,25482200,MSFT
2024-10-23,419.69085693359375,426.0959170295647,417.64478266305224,425.8784594235447,19654400,MSFT
2024-10-24,419.8193359375,421.0548835944768,417.5162582126422,420.4123746810587,13581600,MSFT
2024-10-25,423.1997985839844,427.51926858228103,421.638079540004,421.82588520642906,16899100,MSFT
2024-10-28,421.6578369140625,426.94598717649535,421.3711813975522,426.669225694439,14882400,MSFT
2024-10-29,426.9558410644531,428.16173672961014,420.8769227357868,423.05149857942604,17644100,MSFT
2024-10-30,427.5291748046875,433.43015208412135,427.10415361686785,432.38241000195467,29749100,MSFT
2024-10-31,401.65185546875,411.3484314804884,401.60241546152275,410.55766284750285,53971000,MSFT
2024-11-01,405.6253662109375,410.69605883957496,402.78855349489004,404.2811047814158,24230400,MSFT
2024-11-04,403.7374572753906,405.6748178590432,400.88088657331804,405.06196083886334,19672300,MSFT
2024-11-05,406.7027587890625,410.102988488707,403.3618329661191,403.6484884800003,17626000,MSFT
2024-11-06,415.32196044921875,415.58885807174516,405.7736437068039,407.65170044035887,26681800,MSFT
2024-11-07,420.51123046875,421.91482589939426,415.0254108601489,416.40921822256973,19901800,MSFT
2024-11-08,417.6546936035156,421.56890050557604,416.90347090417674,420.4025506464113,16891400,MSFT
2024-11-11,413.17706298828125,419.8984307044044,411.19029254705583,417.6348987728619,24503300,MSFT
2024-11-12,418.1390075683594,419.5327090402253,412.37642617579047,413.4142742125201,19401200,MSFT
2024-11-13,420.2839050292969,424.366129168666,413.3747019871383,416.7650676989441,21502200,MSFT
2024-11-14,421.9543762207031,423.21957584577814,415.14402288993426,420.086213638624,30246900,MSFT
2024-11-15,410.2018127441406,417.91161788162964,408.8575514031372,414.96609164012756,28247600,MSFT
2024-11-18,410.9530944824219,413.5625557641184,407.3354068851738,410.07336996510656,24727000,MSFT
2024-11-19,412.9595642089844,413.10782389174204,406.79168992363145,408.3336509537854,18133500,MSFT
2024-11-20,410.6861572265625,412.46536399512735,405.8329222910528,412.05020669970736,19191700,MSFT
2024-11-21,408.913330078125,415.7571129679985,406.35806834126146,415.4797975064388,20780200,MSFT
2024-11-22,413.00372314453125,413.39988374041405,407.1206461090675,407.4276728377604,24814600,MSFT
2024-11-25,414.7765808105469,417.0446130867062,410.8743369468268,414.3705063731925,27691100,MSFT
2024-11-26,423.8883972167969,424.92835279721186,414.8360050762814,415.56890369905886,23458900,MSFT
2024-11-27,418.93634033203125,423.13572759358533,417.97563494679554,421.03601885024915,18332400,MSFT
2024-11-29,419.40179443359375,420.80819926930246,413.79603299145003,416.06409541148713,16271900,MSFT
2024-12-02,426.8497619628906,428.85039263641124,417.27242003383,417.5299380247713,20207200,MSFT
2024-12-03,427.06768798828125,428.3255063010946,423.64082448545395,425.7207055754366,18302000,MSFT
2024-12-04,433.22802734375,435.4564646159383,428.48392353237045,428.8800841135143,26009400,MSFT
2024-12-05,438.3782043457031,440.3986627358307,431.9900352112823,433.72326431540773,21697800,MSFT
2024-12-06,439.319091796875,441.8248445475462,437.5363238090719,438.06124339003895,18821000,MSFT
2024-12-09,441.7456359863281,444.03349609525384,436.2785468030062,438.35842787251636,19144400,MSFT
2024-12-10,439.0813903808594,445.31111943385133,437.3679889585384,440.13125981361975,18469500,MSFT
2024-12-11,444.6871643066406,446.034146674654,439.7945036123786,439.7945036123786,19200200,MSFT
2024-12-12,445.2516784667969,451.78843398650577,444.8059789125675,444.8059789125675,20834800,MSFT
2024-12-13,442.983642578125,447.10377945438483,441.30983602760955,444.142443353527,20177800,MSFT
2024-12-16,447.2622375488281,447.8465797272876,441.01271109813007,442.9836304987913,23598800,MSFT
2024-12-17,450.104736328125,450.92679906279125,445.26161469090005,446.6878170659997,22733500,MSFT
2024-12-18,433.1983337402344,448.3120705924071,432.83185420697276,446.9948298056794,24444500,MSFT
2024-12-19,432.8417663574219,438.93282241461935,432.13857903304347,437.38777493352876,22963700,MSFT
2024-12-20,432.4158935546875,439.48745236080407,424.5222720446017,428.95931906801104,64263700,MSFT
2024-12-23,431.078857421875,433.4558513948008,428.6820357713906,432.5545685943141,19152500,MSFT
2024-12-24,435.1197509765625,435.38718282685113,430.02902490868655,430.48460812290455,7164500,MSFT
2024-12-26,433.9114074707031,436.7143034093448,432.44561022869516,434.8721127935591,8194200,MSFT
2024-12-27,426.4040832519531,431.04913980352325,422.2641488688207,430.4350863105853,18117700,MSFT
2024-12-30,420.7586975097656,423.45263204127576,417.8567839421245,421.9769208859116,13158700,MSFT
2024-12-31,417.4606018066406,422.64049156656444,416.6286554798762,422.016524265212,13246500,MSFT
2025-01-02,414.5685729980469,421.98681399014663,410.87433837182135,421.4519805555425,16896500,MSFT
2025-01-03,419.2928771972656,419.96635323692743,415.51939233739597,417.0446121521978,16662900,MSFT
2025-01-06,423.749755859375,430.1577525838614,421.4024733118246,423.8983123069827,20573600,MSFT
2025-01-07,418.3222961425781,426.52294519780327,416.7673346717813,424.88876369017254,18139100,MSFT
2025-01-08,420.4913024902344,422.87821031177674,417.5002550030301,419.4018380991605,15054600,MSFT
2025-01-10,414.93505859375,420.63983782074297,411.042698272716,420.56061778951556,20201100,MSFT
2025-01-13,413.19195556640625,414.489399057034,408.3389196630922,411.26063086426467,17604800,MSFT
2025-01-14,411.6864929199219,415.7174656234234,406.783918522941,413.80596878606093,16935900,MSFT
2025-01-15,422.2245178222656,424.04688082339095,414.2615595275802,415.11333355996726,19637800,MSFT
2025-01-16,420.5110778808594,425.3740271428382,420.3229265289763,424.5916197701724,15300000,MSFT
2025-01-17,424.91845703125,430.31623990051855,424.06671321451194,429.9299628963343,26197500,MSFT
2025-01-21,424.3935546875,426.770548715405,421.52135231106814,426.07727516253885,26085700,MSFT
2025-01-22,441.9239196777344,442.98364251820686,431.82165779523024,433.366705345479,27803800,MSFT
2025-01-23,442.4290466308594,442.4686717628812,437.2689839581691,437.7641923205226,18389300,MSFT
2025-01-24,439.8044128417969,442.3695883246394,437.169900939795,440.89387719602587,15549500,MSFT
2025-01-27,430.39544677734375,431.0293279263355,419.4414413066827,419.9465634582157,35647800,MSFT
2025-01-28,442.914306640625,444.08299095093025,427.24590909189664,430.4350516883182,23491700,MSFT
2025-01-29,438.09100341796875,442.5974175154718,436.17950645057016,442.40923592540474,23581400,MSFT
2025-01-30,411.01300048828125,418.8075747745586,409.20055129765046,414.75677425796516,54586300,MSFT
2025-01-31,411.08233642578125,416.6583870568431,410.933779971825,414.964783031506,34161900,MSFT
2025-02-03,406.9820556640625,411.4290171061556,404.7437041840203,407.6555317858933,25679100,MSFT
2025-02-04,408.4180603027344,409.9532240617935,405.81325998858995,408.73500084687595,20532100,MSFT
2025-02-05,409.3293151855469,409.8641184268012,406.4669964929513,408.39832109505767,16316700,MSFT
2025-02-06,411.8350524902344,414.19224891795665,410.0324869601977,410.0324869601977,16309800,MSFT
2025-02-07,405.8232116699219,414.63791357819275,404.1890302854019,412.48872643025265,22886800,MSFT
2025-02-10,408.2695617675781,411.47850211303046,406.9820321839411,409.74527293691693,20817900,MSFT
2025-02-11,407.4970397949219,408.5369652151938,405.3775335991668,405.714301867279,18140600,MSFT
2025-02-12,405.1199951171875,406.8135989590122,400.49473651773883,403.3075158999609,19121700,MSFT
2025-02-13,406.6056213378906,407.0612044905901,402.465657162982,403.0995382668374,23891700,MSFT
2025-02-14,404.5158996582031,404.99131057185383,401.99034907502397,403.8820486651223,22758500,MSFT
2025-02-18,405.7142639160156,406.6650553734785,402.6043413346739,404.08996621044764,21423100,MSFT
2025-02-19,410.7950744628906,411.50817561028913,403.74331324145845,403.9711199361536,24114200,MSFT
2025-02-20,412.9684753417969,416.1243081620841,409.4057538443196,412.1348608394034,23508700,MSFT
2025-02-21,405.108642578125,414.8738801834256,404.79109677447474,414.16928284227896,27524800,MSFT
2025-02-24,400.9306335449219,406.25983043716724,396.2861968407472,405.4063787741937,26443700,MSFT
2025-02-25,394.8769836425781,398.86646142853965,393.6861187086097,398.05268403794094,29387400,MSFT
2025-02-26,396.6930847167969,400.53367776380867,391.25470780563023,394.9861511086002,19619000,MSFT
2025-02-27,389.5477600097656,402.657388820498,389.1905096396701,398.22134834414993,21127400,MSFT
2025-02-28,393.973876953125,394.6090291195634,383.6330593862238,389.67678725566606,32845700,MSFT
2025-03-03,385.5384521484375,395.7899873220531,383.2261675615013,395.7899873220531,23007700,MSFT
2025-03-04,385.65753173828125,389.59737098453536,378.10536303990614,380.48712304915495,29342900,MSFT
2025-03-05,397.9732360839844,398.61832193178543,385.8560101474748,386.3819822563368,23433100,MSFT
2025-03-06,393.8746643066406,399.09468114787944,389.6966277473878,391.28447789138556,23304600,MSFT
2025-03-07,390.32183837890625,391.80050846371955,382.61088158953936,389.33936956128906,22034100,MSFT
2025-03-10,377.2717590332031,383.4643412864511,374.3540930979484,382.90859827837613,32840100,MSFT
2025-03-11,377.5595397949219,383.0673615053873,374.04642649696916,376.1205440687611,30380200,MSFT
2025-03-12,380.3581237792969,382.2933209136247,376.0709676751301,380.0405779726452,24253600,MSFT
2025-03-13,375.892333984375,382.39258939479765,374.58238552740926,380.2489960755926,20473000,MSFT
2025-03-14,385.60791015625,387.2652356448431,376.62667971124,376.8946174814204,19952800,MSFT
2025-03-17,385.74688720703125,389.7264008785539,382.6406623483486,383.7620820869245,22474300,MSFT
2025-03-18,380.606201171875,384.42695690697013,378.20460404859546,384.1292482671326,19486900,MSFT
2025-03-19,384.8735656738281,386.719419886704,381.0825806498319,382.60095534567967,19185500,MSFT
2025-03-20,383.9010009765625,388.8134057411041,380.36805030146087,382.8093521082507,18470500,MSFT
2025-03-21,388.2874450683594,388.76377892625936,379.8916973941909,380.3085198055768,39675900,MSFT
2025-03-24,390.0935974121094,392.3959786933822,386.84845184017416,392.3959786933822,21004500,MSFT
2025-03-25,392.1578063964844,393.34867131877104,389.65696280253144,390.9272368910712,15775000,MSFT
2025-03-26,387.0072326660156,392.30665877239477,385.61787512073846,391.99901639757354,16108400,MSFT
2025-03-27,387.612548828125,389.2599405856522,384.4567161979595,387.1659858818112,13766800,MSFT
2025-03-28,375.9220886230469,386.1736243280803,374.0663006272135,385.13158343812927,21632000,MSFT
2025-03-31,372.5379943847656,374.20522334023684,364.449889664545,369.7096411618319,35184700,MSFT
2025-04-01,379.2863464355469,379.9413357760227,370.3944277527412,371.80362246362756,19689500,MSFT
2025-04-02,379.2366943359375,382.1543297342058,373.7586133199336,375.0983627112702,16092600,MSFT
2025-04-03,370.2752990722656,374.61212363444304,366.54388609690864,371.9425583652147,30198000,MSFT
2025-04-04,357.10614013671875,371.74407816646067,356.74888974568233,361.363555677575,49209900,MSFT
2025-04-07,355.14117431640625,368.1813588125757,342.17049555544185,348.2142236601539,50425000,MSFT
2025-04-08,351.8662414550781,370.8112022714622,347.5889889390993,365.46216834014683,35868900,MSFT
2025-04-09,387.52325439453125,390.24245792204835,350.41733953240174,350.85399906862426,50199700,MSFT
2025-04-10,378.4527282714844,380.9833427250372,365.0056552003408,379.1573256201752,38024400,MSFT
2025-04-11,385.498779296875,387.0865991344375,376.0114134245454,377.7481178718862,23839200,MSFT
2025-04-14,384.8636169433594,391.6516465120973,381.2909618319917,390.23251818413166,19251200,MSFT
2025-04-15,382.7994384765625,388.9126416904877,381.24135923720473,385.5583162962043,17199900,MSFT
2025-04-16,368.78668212890625,378.7107072268867,365.20412360568145,377.77787673053996,21967800,MSFT
2025-04-17,364.9858093261719,371.4761304955969,364.10258680355696,370.9104537724408,21120200,MSFT
2025-04-21,356.3916015625,361.71089501866106,352.9678309109542,360.0635031391147,20807300,MSFT
2025-04-22,364.0330810546875,364.97584522908403,357.1259380626888,360.6192141374614,19485000,MSFT
2025-04-23,371.5456237792969,377.50003937654276,370.18600677791767,373.20291916052497,20545500,MSFT
2025-04-24,384.3575134277344,385.49880064204365,372.33953252384407,372.84566753938213,22232300,MSFT
2025-04-25,388.8729248046875,389.1805671561357,381.6780066959222,384.0597666334038,18973200,MSFT
2025-04-28,388.1882019042969,389.7561846754867,383.7025530868883,388.9821118643913,16579400,MSFT
2025-04-29,391.0462951660156,392.0982394081848,387.41409832984397,388.3270916828822,14974000,MSFT
2025-04-30,392.2570495605469,393.6464071015826,381.5192464831796,387.3347110069874,36461100,MSFT
2025-05-01,422.16802978515625,433.669971462135,421.67182852064957,427.8346397458207,58938100,MSFT
2025-05-02,431.9729919433594,436.1013902925972,426.7231738378541,428.4598783453456,30757400,MSFT
2025-05-05,432.85626220703125,436.1609495915282,428.8270797245025,429.58131540385136,20136100,MSFT
2025-05-06,430.0179443359375,434.4043769104007,427.8942186382879,428.91639204817295,15104200,MSFT
2025-05-07,430.0576477050781,434.79139692835327,427.83464541633373,430.54391525930873,23295300,MSFT
2025-05-08,434.8410339355469,440.29924790125443,432.3500938706748,434.60283673184324,23491300,MSFT
2025-05-09,435.3967590332031,437.3914674607305,432.5684058555715,436.6570993033328,15324200,MSFT
2025-05-12,445.8468017578125,445.9559515066627,436.4388142071549,442.55201785730986,22821900,MSFT
2025-05-13,445.72772216796875,447.24609694771215,441.9764112331301,444.37803887168343,23618800,MSFT
2025-05-14,449.4988098144531,450.45150777480933,444.73528972695,444.73528972695,19902800,MSFT
2025-05-15,450.512939453125,453.55526390744575,447.82852124457236,448.16655392379437,21992300,MSFT
2025-05-16,451.6463317871094,451.73580834700897,446.1383501578063,449.43915228561843,23849800,MSFT
2025-05-19,456.2197570800781,456.9355998797858,448.1963586877965,448.27591363294266,21336500,MSFT
2025-05-20,455.5238342285156,455.69283539558984,451.69606398891386,452.9587181303489,15441800,MSFT
2025-05-21,449.9561767578125,455.1360777634671,449.20055644956204,451.94462570262056,19216900,MSFT
2025-05-22,452.23291015625,457.5917944035942,451.27846319798533,452.32241705541014,18025600,MSFT
2025-05-23,447.5799560546875,451.06969358680703,446.3173019248347,447.3811293692874,16883500,MSFT
2025-05-27,458.0292663574219,458.2877744248074,453.48565331857327,453.8435898996704,20974300,MSFT
2025-05-28,454.7184753417969,459.84867709346275,454.2909661144885,458.55619745791415,17086300,MSFT
2025-05-29,456.0308837890625,459.05333474747385,452.68035209769624,458.884303233251,13974800,MSFT
2025-05-30,457.7011413574219,459.0135248792732,452.90900269221845,457.0648535034259,34770500,MSFT
2025-06-02,459.3018493652344,459.44102500437896,454.25120274050374,454.4997588416313,16626500,MSFT
2025-06-03,460.2961120605469,461.4593680607732,458.1982826150306,458.8047753297213,15743800,MSFT
2025-06-04,461.19091796875,463.00041385639463,460.3458210681402,461.3201720094852,14162700,MSFT
2025-06-05,464.9788818359375,466.93750520910584,461.3499686746429,462.2745901279283,20131700,MSFT
2025-06-06,467.6632995605469,470.6061954238558,466.0725343793748,467.37496597576217,15285600,MSFT
2025-06-09,470.0196228027344,470.69568816704816,465.9134708467471,466.98725027602023,16469900,MSFT
2025-06-10,468.2001647949219,470.06928116822303,464.26301435042564,468.46859445832456,15375900,MSFT
2025-06-11,469.890380859375,472.72392676786,466.94748481913814,467.3053910772251,16399200,MSFT
2025-06-12,476.104248046875,477.6453141185156,470.7851412769109,472.2764779222473,18950600,MSFT
2025-06-13,472.21685791015625,476.412486495024,470.02958222474376,473.65849556523114,16814500,MSFT
2025-06-16,476.3727111816406,477.91374692205306,472.25660744971805,472.4653860858625,15626100,MSFT
2025-06-17,475.279052734375,475.97499162724574,471.3419021646973,472.65428568792316,15414100,MSFT
2025-06-18,477.4663391113281,478.2219594008936,471.71972301658775,475.2392860574369,17526500,MSFT
2025-06-20,474.64276123046875,480.667759158903,474.1158234691147,479.44488246554124,37576200,MSFT
2025-06-23,483.19305419921875,484.9329468840925,469.78097686904323,475.4480376949825,24864000,MSFT
2025-06-24,487.279296875,489.0092679302753,483.9884166007436,486.1260232932434,22305600,MSFT
2025-06-25,489.4268493652344,491.70363180611855,486.5635084927723,489.1981971647186,17495100,MSFT
2025-06-26,494.57696533203125,495.1635541172166,489.9637493151316,490.13278082199906,21578900,MSFT
2025-06-27,493.0756530761719,496.41623250794254,490.18245642116284,494.6763398018984,34539200,MSFT
2025-06-30,494.53717041015625,497.86782827206525,492.4691666337086,494.16931223084276,28369000,MSFT
2025-07-01,489.2081298828125,495.17347659984546,488.14433277768,493.602615314542,19945400,MSFT
2025-07-02,488.253662109375,490.6497465796282,485.87748154577724,487.16000918956547,16319600,MSFT
2025-07-03,495.95892333984375,497.2414813819725,490.59011735274714,490.95797554637323,13984800,MSFT
2025-07-07,494.8454284667969,495.869478507003,492.36981912542933,494.50739577153047,13981600,MSFT
2025-07-08,493.75177001953125,495.32266173239384,491.2562567966873,494.3681843595188,11846600,MSFT
2025-07-09,500.60198974609375,503.8530929514779,496.85374394735805,497.4105072423231,18659500,MSFT
2025-07-10,498.58367919921875,501.52657502305914,494.87521114411277,500.14458849842043,16492100,MSFT
2025-07-11,500.4130859375,502.1132013481938,494.92494724269005,495.5910910122862,16459500,MSFT
2025-07-14,500.1147766113281,501.05930198422453,498.1362796464767,498.6234399223271,12058800,MSFT
2025-07-15,502.89862060546875,505.36427783294863,499.88612172349406,500.11477392946824,14927200,MSFT
2025-07-16,502.69976806640625,503.793421043838,498.99133023831314,502.2623068754336,15154400,MSFT
2025-07-17,508.7446594238281,510.40499725185873,502.6997578215743,502.75940886082554,17503100,MSFT
2025-07-18,507.1041564941406,511.66767331118785,504.4992933518648,511.5085634207008,21209700,MSFT
2025-07-21,507.1141357421875,509.1324405638626,502.6301736290422,503.7834776665751,14066800,MSFT
2025-07-22,502.35174560546875,508.2475192857543,502.35174560546875,508.01883675363734,13868600,MSFT
2025-07-23,502.94830322265625,503.8630030405687,497.80817995491657,503.8232255681408,16396600,MSFT
2025-07-24,507.9294128417969,510.703277326071,504.37007217269974,505.83158338819493,16107000,MSFT
2025-07-25,510.7430419921875,515.2965460849812,507.4123538189797,509.5101527540243,19125700,MSFT
2025-07-28,509.5400390625,512.0256002286585,507.17377997770546,511.110930710653,14308000,MSFT
2025-07-29,509.609619140625,514.6304403339567,508.6054427654301,512.5525452747698,16469200,MSFT
2025-07-30,510.2757873535156,512.9701576717969,506.4977462813353,512.194633411811,26380400,MSFT
2025-07-31,530.4187622070312,552.2420017670738,528.8280273057109,552.0232408256204,51617300,MSFT
2025-08-01,521.0829467773438,532.7054326872741,517.8517174087783,531.9100652869249,28977600,MSFT
2025-08-04,532.54638671875,535.141297909759,525.0797515616827,525.218957545317,25349000,MSFT
2025-08-05,524.7019653320312,534.196796907337,524.1949011418618,534.0774948252555,19171600,MSFT
2025-08-06,521.908203125,528.6291703469228,521.0034855448089,527.8338028961505,21355700,MSFT
2025-08-07,517.8319091796875,525.0400367197672,514.5608717763297,523.757448292983,16079100,MSFT
2025-08-08,519.02490234375,521.6297655095517,516.4100872243725,519.5816656001966,15531000,MSFT
2025-08-11,518.7564697265625,524.542862850504,516.7182612189127,519.2833770884752,20194400,MSFT
2025-08-12,526.183349609375,527.9132904806338,519.6811434112465,520.7250669698358,18667000,MSFT
2025-08-13,517.5734252929688,529.6234217995657,516.3703917601634,529.0368026236954,19619200,MSFT
2025-08-14,519.46240234375,522.9123929469488,517.13595097363,519.5419572956574,20269100,MSFT
2025-08-15,517.1657104492188,523.0614541020369,516.0820397908819,519.7507304052322,25213300,MSFT
2025-08-18,514.1134643554688,519.8004600468895,511.05129658888984,518.5775833311014,23760600,MSFT
2025-08-19,506.8257751464844,512.1846290296555,505.61282013208876,512.0255798217245,21481000,MSFT
2025-08-20,502.7991943359375,508.0486982628479,501.52658824278717,506.925219770199,27723000,MSFT
2025-08-21,502.15185546875,505.5278315490841,500.6381609615915,501.6041452591809,18443300,MSFT
2025-08-22,505.1295166015625,508.6150227226763,500.32946944945456,502.1618461633245,24324200,MSFT
2025-08-25,502.17181396484375,506.0855321115255,502.0323791323648,504.5319946732823,21638600,MSFT
2025-08-26,499.96099853515625,502.88882606141556,496.4456179190968,502.2713680297872,30835700,MSFT
2025-08-27,504.64154052734375,505.18928116929357,497.82986914621193,499.92117896114246,17277900,MSFT
2025-08-28,507.529541015625,508.9735181763212,503.406670609209,504.99008260275673,18015600,MSFT
2025-08-29,504.59173583984375,507.4896888132377,502.40083415821226,506.5535790393771,20961600,MSFT
2025-09-02,503.0282287597656,503.90458943006223,494.75264396148896,498.3974910813857,18128000,MSFT
2025-09-03,503.2572937011719,505.68719181229375,500.2398424947412,501.70375627159575,16345100,MSFT
2025-09-04,505.866455078125,506.04570238922344,501.0664078062513,502.2116394820944,15509500,MSFT
2025-09-05,492.9501647949219,509.8498918622262,490.3310509759443,506.9619070760115,31994800,MSFT
2025-09-08,496.13690185546875,499.1244784694731,492.9800158612091,496.04724781279185,16771000,MSFT
2025-09-09,496.34600830078125,500.17010260105087,495.6389570336189,499.3534910580183,14410500,MSFT
2025-09-10,498.29791259765625,501.1460848531792,494.6630336933239,500.8971201283455,21611800,MSFT
2025-09-11,498.9352722167969,501.08633106619584,495.8182290284252,500.17012751524385,18881600,MSFT
2025-09-12,507.7884521484375,510.42747218178897,501.7635178992086,504.55191069082485,23624900,MSFT
2025-09-15,513.225830078125,513.3353599697668,504.9004642300766,506.68306017742736,17143800,MSFT
2025-09-16,506.9320068359375,515.0880630075219,506.4938265025834,514.7395367165727,19711900,MSFT
2025-09-17,507.9079284667969,509.1726886784055,503.8348693472275,508.5054498653079,15816600,MSFT
2025-09-18,506.3444519042969,510.9453149965379,505.55771489166153,509.37184097126715,18913700,MSFT
2025-09-19,515.7852172851562,517.1495391803752,508.19677696926453,508.44574170609144,52474100,MSFT
2025-09-22,512.3196411132812,515.5959951267806,510.41751650985566,513.4549348866175,20009300,MSFT
2025-09-23,507.1212463378906,512.4590659268906,505.2091838485409,511.67229848312854,19799600,MSFT
2025-09-24,508.0373840332031,510.35772177145367,504.82077941210207,508.26644250853604,13533700,MSFT
2025-09-25,504.9303283691406,507.89799878212006,502.94857891661616,506.1950582100621,15786500,MSFT
2025-09-26,509.3419494628906,511.8116903059077,504.52199636524745,507.9477531769938,16213100,MSFT
2025-09-29,512.4689331054688,514.7096154882738,506.77264973451184,509.3817950243417,17617800,MSFT
2025-09-30,515.8051147460938,516.0142062084105,507.54943619028296,511.11459757878936,19728200,MSFT
2025-10-01,517.5578002929688,518.3544751787417,509.5709932440202,512.6680995330014,22632300,MSFT
2025-10-02,513.6041870117188,519.4399047558908,508.56514411884206,515.4963429681408,21222900,MSFT
2025-10-03,515.20751953125,518.3345307125708,512.8672756929882,514.9585548343116,15112300,MSFT
2025-10-06,526.3811645507812,528.8309994124726,516.0541122577388,516.4623876768178,21388600,MSFT
2025-10-07,521.8101196289062,527.6060256392368,519.2806599401652,526.1022689962125,14615200,MSFT
2025-10-08,522.676513671875,524.7678538085896,520.923853084141,521.1130687043808,13363400,MSFT
2025-10-09,520.2366943359375,522.158694647609,515.2574000210162,520.1769452354545,18343600,MSFT
2025-10-10,508.84405517578125,521.4118200258811,507.5195762105422,517.4881335274953,24133800,MSFT
2025-10-13,511.9212646484375,514.2714771071726,509.56108387533754,514.2714771071726,14284200,MSFT
2025-10-14,511.4432067871094,513.146147202046,503.9045484424133,508.1170420708167,14684300,MSFT
2025-10-15,511.3038330078125,515.0482722356254,507.88804423946306,512.8275263160849,14694700,MSFT
2025-10-16,509.4913330078125,514.7096236704256,506.02576365101777,510.4573477017149,15559600,MSFT
2025-10-17,511.4532165527344,513.3453119402852,505.20916197429216,506.9320087638593,19867800,MSFT
2025-10-20,514.6498413085938,516.5519656323323,511.30377036778043,512.4788764440519,14665600,MSFT
2025-10-21,515.5162963867188,516.5420602391357,510.91543308707116,515.3569857054445,15586200,MSFT
2025-10-22,518.3843383789062,523.0549187669818,515.566101626736,518.9918584655633,18962700,MSFT
2025-10-23,518.404296875,521.7802730707533,516.4623598997719,520.2964530626382,14023500,MSFT
2025-10-24,521.441650390625,523.1744351060786,518.5536961256696,520.6250388201142,15532400,MSFT
2025-10-27,529.3189697265625,532.3662956890146,526.819354031342,529.577902779321,18734700,MSFT
2025-10-28,539.8251953125,551.4269140414981,538.5305910090683,547.722348424072,29986700,MSFT
2025-10-29,539.3073120117188,544.0077970763692,534.5072653816836,542.6832878753321,36023000,MSFT
2025-10-30,523.582763671875,532.7545848667123,519.9578228356851,528.2831883129468,41023100,MSFT
2025-10-31,515.6656494140625,527.1279940743384,512.9668501497666,526.6898137654194,34006400,MSFT
2025-11-03,514.888916015625,522.7860691817526,512.4590180581705,517.657371934483,22374700,MSFT
2025-11-04,512.2001342773438,513.4150529816625,505.73698923396887,509.6407695643784,20958700,MSFT
2025-11-05,505.0597839355469,512.6980347767452,504.4821687767013,511.17434154282535,23024300,MSFT
2025-11-06,495.04144287109375,503.6058351018555,493.75677643867937,503.5659922381216,27406500,MSFT
2025-11-07,494.7626037597656,497.31199999791255,491.2073803526309,494.89207027354036,24019800,MSFT
2025-11-10,503.90460205078125,504.7510881917551,496.73440583349895,497.96929153220975,26101500,MSFT
2025-11-11,506.573486328125,507.48968986721945,500.26971300797675,502.70954902224156,17980000,MSFT
2025-11-12,509.0233154296875,509.5511194130969,497.05307240824305,507.2506574723947,26574900,MSFT
2025-11-13,501.205810546875,511.3735209246628,499.2140928412288,508.1967287528611,25273100,MSFT
2025-11-14,508.0672912597656,509.48142428367663,495.3800584752997,496.16679552350377,28505700,MSFT
2025-11-17,505.388427734375,509.9992593431845,502.8191251226507,506.34447416817187,19092800,MSFT
2025-11-18,491.74517822265625,500.89712400975867,484.76419755903834,493.31862192366924,33815100,MSFT
2025-11-19,485.102783203125,493.13937183157236,480.8305400064438,488.070453670226,23245300,MSFT
2025-11-20,477.3404846191406,492.4460215630244,474.41716428973194,491.5879641710541,26802500,MSFT
2025-11-21,471.04486083984375,477.8293938228302,467.20362215472323,477.4103368698009,31769200,MSFT
2025-11-24,472.92059326171875,475.8139832068258,466.9542001322548,473.9183160323131,34421000,MSFT
2025-11-25,475.90374755859375,478.0588322743821,463.8313270788984,472.9904142849383,28019800,MSFT
2025-11-26,484.3943786621094,487.1979770584782,480.10418316215106,485.2025316262965,25709100,MSFT
2025-11-28,490.88958740234375,491.5081706450152,485.54177754838196,486.48962635446395,14386700,MSFT
2025-12-01,485.6315612792969,488.7444513856018,483.5463243869077,487.32770213243884,23964000,MSFT
2025-12-02,488.8841552734375,492.3761849539621,485.2125428025972,485.6116258193264,19562700,MSFT
2025-12-03,476.64208984375,483.13724409881166,474.1178525596479,475.23529714339696,34615100,MSFT
2025-12-04,479.7449951171875,480.2239129901724,475.40489514051177,478.6674679630734,22318200,MSFT
2025-12-05,482.0597229003906,482.299166614698,477.78947078944657,481.4211657314621,22608700,MSFT
2025-12-08,489.9018249511719,491.17890888246444,483.2769615726175,483.7858099301447,21965900,MSFT
2025-12-09,490.8995361328125,490.99931449735556,487.3875630167038,487.9862027558801,14696100,MSFT
2025-12-10,477.4701843261719,483.14722906115725,473.99809828560024,482.92772884397027,35756200,MSFT
2025-12-11,482.3690185546875,484.92318635563356,474.7763326037194,475.5445986070271,24669200,MSFT
2025-12-12,477.4402770996094,481.3513637649093,475.2552617920193,478.72734800157895,21248100,MSFT
2025-12-15,473.73870849609375,479.6252664455081,471.44392797474177,479.0066832317436,23727700,MSFT
2025-12-16,475.3051452636719,476.80172935648005,469.8076832860371,470.8353364785088,20705600,MSFT
2025-12-17,475.0357360839844,478.9069051052783,473.9182915104317,475.8239455574328,24527200,MSFT
2025-12-18,482.87786865234375,488.4850656489584,476.8017407441929,477.10104539067044,28573500,MSFT
2025-12-19,484.8134460449219,486.73904362092316,481.39123391446003,486.2501387748106,70836100,MSFT
2025-12-22,483.81573486328125,487.6170561484318,481.5908021440126,485.01298390813173,16963000,MSFT
2025-12-23,485.7413330078125,486.71908182827985,483.63612214595605,483.8755963136496,14683600,MSFT
2025-12-24,486.90863037109375,488.04604888584674,483.7258924615979,484.5739628623746,5855900,MSFT
2025-12-26,486.599365234375,487.00843522519267,484.85335038112265,485.601642461088,8842200,MSFT
2025-12-29,485.9907531738281,487.23790659993216,483.0773893732932,483.7558335295542,10893400,MSFT
2025-12-30,486.3699035644531,488.56487537463653,484.39440153201394,484.82341501264875,13944500,MSFT
2025-12-31,482.5186767578125,487.0284031238816,482.1993981667827,486.7290680267604,15601600,MSFT
2026-01-02,471.8630065917969,483.5563186075122,469.0893385249197,483.2869444224563,25571600,MSFT
2026-01-05,471.773193359375,474.9858617296903,468.4308161640092,472.98042932285466,25250300,MSFT
2026-01-06,477.4203186035156,477.64977534720424,468.68025764779384,472.72102257015473,23037700,MSFT
2026-01-07,482.3690185546875,488.5848422406915,476.86159994291296,478.6674756822987,25564200,MSFT
2026-01-08,477.0212097167969,481.5608665012806,474.7763335277468,480.14408679814625,18162600,MSFT
2026-01-09,478.1885681152344,478.72734693664125,471.1247042989064,472.9804540365218,18491000,MSFT
2026-01-12,476.09332275390625,479.89464390147504,474.59673866594744,475.5845048686955,23519900,MSFT
2026-01-13,469.5981750488281,474.6965236309785,464.888922501957,473.5990225282599,28545800,MSFT
2026-01-14,458.3338928222656,467.13381499707015,456.1289340170423,465.39775666549855,28184300,MSFT
2026-01-15,455.6200866699219,463.1927988881192,454.8618076165624,463.0630900555096,23225800,MSFT
2026-01-16,458.8127746582031,462.13520850615447,455.4404972994736,456.78739866953146,34246700,MSFT
2026-01-20,453.48492431640625,455.7597309230742,448.2568669541529,450.1924514863621,26130000,MSFT
2026-01-21,443.0986328125,451.65911099901973,437.68100562513575,451.56931960591265,37980500,MSFT
2026-01-22,450.1126403808594,451.8087507279656,443.6873036586902,446.600636936346,25349400,MSFT
2026-01-23,464.888916015625,470.0271819611143,449.50401819491054,450.8409629929935,38000200,MSFT
2026-01-26,469.20904541015625,473.1700058760031,460.94790240319116,464.25036221183507,29291200,MSFT
2026-01-27,479.485595703125,481.7703893732875,472.0825097961169,472.62128861771004,29213900,MSFT
2026-01-28,480.533203125,482.63838346935967,476.9114647448887,482.10959164059926,36875400,MSFT
2026-01-29,432.5128173828125,441.49232224197124,420.06122635013605,438.98802836564175,128855300,MSFT
2026-01-30,429.31011962890625,438.5989157576861,425.47886802078926,438.1699022937122,58566800,MSFT
2026-02-02,422.4058837890625,429.7590957240154,421.28843915961005,429.2602343395754,42219900,MSFT
2026-02-03,410.2735595703125,421.0888704228976,407.6296003977664,421.0489834358989,61424100,MSFT
2026-02-04,413.2467956542969,418.84400576689177,408.3080557741746,410.0640575889883,45012400,MSFT
2026-02-05,392.7735290527344,407.37018733348754,391.4265972483441,406.51216038211834,66289200,MSFT
2026-02-06,400.22650146484375,400.87501513504304,392.0252195920243,398.2609865133262,53515300,MSFT
2026-02-09,412.65814208984375,413.94521298339265,399.9571203178888,403.9280678877113,45480500,MSFT
2026-02-10,412.328857421875,422.7151545880433,411.76017861216997,418.66440278178237,44857900,MSFT
2026-02-11,403.4491271972656,415.51159110220135,400.096793508188,415.2322299614449,42491000,MSFT
2026-02-12,400.9248962402344,405.2749831551046,397.1036315998776,404.07770370563327,40802400,MSFT
2026-02-13,400.4060974121094,404.61648859375555,397.1435245648219,403.528974460687,34091600,MSFT
2026-02-17,395.95623779296875,399.60790672873594,393.6315571718042,398.31087932693146,32078800,MSFT
2026-02-18,398.69000244140625,401.6432531481791,395.41747315874426,397.2233488345012,23223400,MSFT
2026-02-19,398.4599914550781,404.42999267578125,396.6700134277344,400.69000244140625,28234000,MSFT
2026-02-20,397.2300109863281,400.1199951171875,395.1600036621094,396.1099853515625,34015200,MSFT
2026-02-23,384.4700012207031,395.3599853515625,383.1000061035156,395.0,43238300,MSFT
2026-02-24,389.0,389.3599853515625,381.7099914550781,384.1400146484375,33884700,MSFT
2026-02-25,400.6000061035156,401.4700012207031,390.1600036621094,390.5299987792969,43625500,MSFT
2026-02-26,401.7200012207031,407.489990234375,398.739990234375,404.7099914550781,34405900,MSFT
2026-02-27,392.739990234375,396.82000732421875,389.8800048828125,390.8800048828125,51367200,MSFT
2026-03-02,398.54998779296875,401.19000244140625,390.6300048828125,392.8599853515625,35474900,MSFT
2026-03-03,403.92999267578125,406.70001220703125,392.6700134277344,393.1400146484375,38199200,MSFT
2026-03-04,405.20001220703125,411.0299987792969,400.30999755859375,401.2699890136719,35808000,MSFT
2026-03-05,410.67999267578125,411.6099853515625,404.3999938964844,404.4200134277344,39001300,MSFT
2026-03-06,408.9599914550781,413.04998779296875,408.510009765625,409.20001220703125,31123900,MSFT
2026-03-09,409.4100036621094,410.2099914550781,403.5,404.9200134277344,30131900,MSFT
2026-03-10,405.760009765625,410.20001220703125,402.92999267578125,410.0299987792969,31706400,MSFT
2026-03-11,404.8800048828125,409.010009765625,401.5899963378906,405.57000732421875,25512100,MSFT
2026-03-12,401.8599853515625,406.1199951171875,401.7099914550781,404.6300048828125,27263900,MSFT
2026-03-13,395.54998779296875,404.79998779296875,394.25,401.0,26848000,MSFT
2026-03-16,399.95001220703125,400.6300048828125,394.7900085449219,398.07000732421875,27733700,MSFT
2026-03-17,399.4100036621094,404.3999938964844,397.75,400.2699890136719,26228300,MSFT
2026-03-18,391.7900085449219,398.0,391.0,397.1300048828125,25908500,MSFT
2026-03-19,389.0199890136719,392.489990234375,387.05999755859375,390.1000061035156,25138800,MSFT
2026-03-20,381.8699951171875,387.0,380.1199951171875,386.7900085449219,50853200,MSFT
2026-03-23,383.0,387.2099914550781,381.67999267578125,383.8999938964844,29680100,MSFT
2026-03-24,372.739990234375,382.4700012207031,371.8500061035156,382.3599853515625,42733600,MSFT
2026-03-25,371.0400085449219,377.05999755859375,369.6300048828125,376.9200134277344,31181200,MSFT
2026-03-26,365.9700012207031,374.7200012207031,365.19000244140625,370.82000732421875,36836600,MSFT
2026-03-27,356.7699890136719,362.45001220703125,356.510009765625,361.8999938964844,37883400,MSFT
2026-03-30,358.9599914550781,365.3599853515625,356.2799987792969,361.8999938964844,44797000,MSFT
2026-03-31,370.1700134277344,372.8999938964844,363.07000732421875,364.54998779296875,45244400,MSFT
2026-04-01,369.3699951171875,373.989990234375,368.20001220703125,373.489990234375,29417200,MSFT
2026-04-02,373.4599914550781,373.6400146484375,364.1499938964844,367.2099914550781,24099100,MSFT
2026-04-06,372.8800048828125,373.7300109863281,369.5,373.489990234375,16146600,MSFT
2026-04-07,372.2900085449219,372.45001220703125,366.55999755859375,370.3399963378906,21443300,MSFT
2026-04-08,374.3299865722656,385.0,371.4100036621094,384.9800109863281,33064800,MSFT
2026-04-09,373.07000732421875,373.5,367.04998779296875,372.5,30435300,MSFT
2026-04-10,370.8699951171875,375.6400146484375,370.0299987792969,372.9800109863281,28111100,MSFT
2026-04-13,384.3699951171875,384.5400085449219,371.0199890136719,373.6099853515625,35745800,MSFT
2026-04-14,393.1099853515625,394.69000244140625,386.5199890136719,387.9200134277344,37504500,MSFT
2026-04-15,411.2200012207031,414.3699951171875,396.7300109863281,398.0,45063400,MSFT
2026-04-16,420.260009765625,420.82000732421875,412.1400146484375,419.8599853515625,41642400,MSFT
2026-04-17,422.7900085449219,431.5799865722656,420.69000244140625,424.82000732421875,48568200,MSFT
2026-04-20,418.07000732421875,423.3299865722656,416.29998779296875,421.1499938964844,27582200,MSFT
2026-04-21,424.1600036621094,427.17999267578125,417.20001220703125,420.239990234375,32048500,MSFT
2026-04-22,432.9200134277344,433.70001220703125,423.6700134277344,426.19000244140625,29378200,MSFT
2026-04-23,415.75,423.6600036621094,411.4100036621094,419.8900146484375,38308000,MSFT
2026-04-24,424.6199951171875,424.95001220703125,415.79998779296875,416.9700012207031,27457400,MSFT
2026-04-27,424.82000732421875,427.1099853515625,417.07000732421875,422.3800048828125,30867300,MSFT
2026-04-28,429.25,429.9200134277344,421.8999938964844,424.57000732421875,30438100,MSFT
2026-04-29,424.4599914550781,426.82000732421875,420.2900085449219,424.5799865722656,38288300,MSFT
2026-04-30,407.7799987792969,414.4200134277344,398.010009765625,410.80999755859375,70909400,MSFT
2026-05-01,414.44000244140625,417.1099853515625,410.44000244140625,412.79998779296875,31372400,MSFT
2026-05-04,413.6199951171875,420.7799987792969,410.79998779296875,411.5400085449219,28066500,MSFT
2026-05-05,411.3800048828125,416.7799987792969,408.79998779296875,415.32000732421875,25700900,MSFT
2026-05-06,413.9599914550781,418.4200134277344,405.1099853515625,408.0,30285900,MSFT
2026-05-07,420.7699890136719,427.9800109863281,418.760009765625,420.1099853515625,34942400,MSFT
2026-05-08,415.1199951171875,418.6300048828125,414.0,417.3900146484375,33383800,MSFT
2026-05-11,412.6600036621094,412.69000244140625,405.5,407.8699951171875,35657900,MSFT
2026-05-12,407.7699890136719,415.5,406.6400146484375,414.4800109863281,38594200,MSFT
2026-05-13,405.2099914550781,406.30999755859375,401.0299987792969,403.20001220703125,29667100,MSFT
2026-05-14,409.42999267578125,411.8399963378906,400.8800048828125,404.4800109863281,27077500,MSFT
2026-05-15,421.9200134277344,428.1700134277344,412.9100036621094,414.2699890136719,50771200,MSFT
2026-05-18,423.5400085449219,425.1199951171875,415.6099853515625,416.6199951171875,32505900,MSFT
2026-05-19,417.3550109863281,432.70001220703125,417.1000061035156,429.8949890136719,17256645,MSFT
2015-01-02,2058.199951171875,2072.360107421875,2046.0400390625,2058.89990234375,2708700000,^GSPC
2015-01-05,2020.5799560546875,2054.43994140625,2017.3399658203125,2054.43994140625,3799120000,^GSPC
2015-01-06,2002.6099853515625,2030.25,1992.43994140625,2022.1500244140625,4460110000,^GSPC
2015-01-07,2025.9000244140625,2029.6099853515625,2005.550048828125,2005.550048828125,3805480000,^GSPC
2015-01-08,2062.139892578125,2064.080078125,2030.6099853515625,2030.6099853515625,3934010000,^GSPC
2015-01-09,2044.81005859375,2064.429931640625,2038.3299560546875,2063.449951171875,3364140000,^GSPC
2015-01-12,2028.260009765625,2049.300048828125,2022.5799560546875,2046.1300048828125,3456460000,^GSPC
2015-01-13,2023.030029296875,2056.929931640625,2008.25,2031.5799560546875,4107300000,^GSPC
2015-01-14,2011.27001953125,2018.4000244140625,1988.43994140625,2018.4000244140625,4378680000,^GSPC
2015-01-15,1992.6700439453125,2021.3499755859375,1991.469970703125,2013.75,4276720000,^GSPC
2015-01-16,2019.4200439453125,2020.4599609375,1988.1199951171875,1992.25,4056410000,^GSPC
2015-01-20,2022.550048828125,2028.93994140625,2004.489990234375,2020.760009765625,3944340000,^GSPC
2015-01-21,2032.1199951171875,2038.2900390625,2012.0400390625,2020.18994140625,3730070000,^GSPC
2015-01-22,2063.14990234375,2064.6201171875,2026.3800048828125,2034.300048828125,4176050000,^GSPC
2015-01-23,2051.820068359375,2062.97998046875,2050.5400390625,2062.97998046875,3573560000,^GSPC
2015-01-26,2057.090087890625,2057.6201171875,2040.969970703125,2050.419921875,3465760000,^GSPC
2015-01-27,2029.550048828125,2047.8599853515625,2019.9100341796875,2047.8599853515625,3329810000,^GSPC
2015-01-28,2002.1600341796875,2042.489990234375,2001.489990234375,2032.3399658203125,4067530000,^GSPC
2015-01-29,2021.25,2024.6400146484375,1989.1800537109375,2002.449951171875,4127140000,^GSPC
2015-01-30,1994.989990234375,2023.3199462890625,1993.3800048828125,2019.3499755859375,4568650000,^GSPC
2015-02-02,2020.8499755859375,2021.6600341796875,1980.9000244140625,1996.6700439453125,4008330000,^GSPC
2015-02-03,2050.030029296875,2050.300048828125,2022.7099609375,2022.7099609375,4615900000,^GSPC
2015-02-04,2041.510009765625,2054.739990234375,2036.719970703125,2048.860107421875,4141920000,^GSPC
2015-02-05,2062.52001953125,2063.550048828125,2043.449951171875,2043.449951171875,3821990000,^GSPC
2015-02-06,2055.469970703125,2072.39990234375,2049.969970703125,2062.280029296875,4232970000,^GSPC
2015-02-09,2046.739990234375,2056.159912109375,2041.8800048828125,2053.469970703125,3549540000,^GSPC
2015-02-10,2068.590087890625,2070.860107421875,2048.6201171875,2049.3798828125,3669850000,^GSPC
2015-02-11,2068.530029296875,2073.47998046875,2057.989990234375,2068.550048828125,3596860000,^GSPC
2015-02-12,2088.47998046875,2088.530029296875,2069.97998046875,2069.97998046875,3788350000,^GSPC
2015-02-13,2096.989990234375,2097.030029296875,2086.699951171875,2088.780029296875,3527450000,^GSPC
2015-02-17,2100.340087890625,2101.300048828125,2089.800048828125,2096.469970703125,3361750000,^GSPC
2015-02-18,2099.679931640625,2100.22998046875,2092.14990234375,2099.159912109375,3370020000,^GSPC
2015-02-19,2097.449951171875,2102.1298828125,2090.7900390625,2099.25,3247100000,^GSPC
2015-02-20,2110.300048828125,2110.610107421875,2085.43994140625,2097.64990234375,3281600000,^GSPC
2015-02-23,2109.659912109375,2110.050048828125,2103.0,2109.830078125,3093680000,^GSPC
2015-02-24,2115.47998046875,2117.93994140625,2105.8701171875,2109.10009765625,3199840000,^GSPC
2015-02-25,2113.860107421875,2119.590087890625,2109.889892578125,2115.300048828125,3312340000,^GSPC
2015-02-26,2110.739990234375,2113.909912109375,2103.760009765625,2113.909912109375,3408690000,^GSPC
2015-02-27,2104.5,2112.739990234375,2103.75,2110.8798828125,3547380000,^GSPC
2015-03-02,2117.389892578125,2117.52001953125,2104.5,2105.22998046875,3409490000,^GSPC
2015-03-03,2107.780029296875,2115.760009765625,2098.260009765625,2115.760009765625,3262300000,^GSPC
2015-03-04,2098.530029296875,2107.719970703125,2094.489990234375,2107.719970703125,3421110000,^GSPC
2015-03-05,2101.0400390625,2104.25,2095.219970703125,2098.5400390625,3103030000,^GSPC
2015-03-06,2071.260009765625,2100.909912109375,2067.27001953125,2100.909912109375,3853570000,^GSPC
2015-03-09,2079.429931640625,2083.489990234375,2072.2099609375,2072.25,3349090000,^GSPC
2015-03-10,2044.1600341796875,2076.139892578125,2044.1600341796875,2076.139892578125,3668900000,^GSPC
2015-03-11,2040.239990234375,2050.080078125,2039.68994140625,2044.68994140625,3406570000,^GSPC
2015-03-12,2065.949951171875,2066.409912109375,2041.0999755859375,2041.0999755859375,3405860000,^GSPC
2015-03-13,2053.39990234375,2064.56005859375,2041.1700439453125,2064.56005859375,3498560000,^GSPC
2015-03-16,2081.18994140625,2081.409912109375,2055.35009765625,2055.35009765625,3295600000,^GSPC
2015-03-17,2074.280029296875,2080.590087890625,2065.080078125,2080.590087890625,3221840000,^GSPC
2015-03-18,2099.5,2106.85009765625,2061.22998046875,2072.840087890625,4128210000,^GSPC
2015-03-19,2089.27001953125,2098.68994140625,2085.56005859375,2098.68994140625,3305220000,^GSPC
2015-03-20,2108.10009765625,2113.919921875,2090.320068359375,2090.320068359375,5554120000,^GSPC
2015-03-23,2104.419921875,2114.860107421875,2104.419921875,2107.989990234375,3267960000,^GSPC
2015-03-24,2091.5,2107.6298828125,2091.5,2103.93994140625,3189820000,^GSPC
2015-03-25,2061.050048828125,2097.429931640625,2061.050048828125,2093.10009765625,3521140000,^GSPC
2015-03-26,2056.14990234375,2067.14990234375,2045.5,2059.93994140625,3510670000,^GSPC
2015-03-27,2061.02001953125,2062.830078125,2052.9599609375,2055.780029296875,3008550000,^GSPC
2015-03-30,2086.239990234375,2088.969970703125,2064.110107421875,2064.110107421875,2917690000,^GSPC
2015-03-31,2067.889892578125,2084.050048828125,2067.0400390625,2084.050048828125,3376550000,^GSPC
2015-04-01,2059.68994140625,2067.6298828125,2048.3798828125,2067.6298828125,3543270000,^GSPC
2015-04-02,2066.9599609375,2072.169921875,2057.320068359375,2060.030029296875,3095960000,^GSPC
2015-04-06,2080.6201171875,2086.989990234375,2056.52001953125,2064.8701171875,3302970000,^GSPC
2015-04-07,2076.330078125,2089.81005859375,2076.10009765625,2080.7900390625,3065510000,^GSPC
2015-04-08,2081.89990234375,2086.68994140625,2073.300048828125,2076.93994140625,3265330000,^GSPC
2015-04-09,2091.179931640625,2093.31005859375,2074.2900390625,2081.2900390625,3172360000,^GSPC
2015-04-10,2102.06005859375,2102.610107421875,2091.510009765625,2091.510009765625,3156200000,^GSPC
2015-04-13,2092.429931640625,2107.64990234375,2092.330078125,2102.030029296875,2908420000,^GSPC
2015-04-14,2095.840087890625,2098.6201171875,2083.239990234375,2092.280029296875,3301270000,^GSPC
2015-04-15,2106.6298828125,2111.909912109375,2097.820068359375,2097.820068359375,4013760000,^GSPC
2015-04-16,2104.989990234375,2111.300048828125,2100.02001953125,2105.9599609375,3434120000,^GSPC
2015-04-17,2081.179931640625,2102.580078125,2072.3701171875,2102.580078125,3627600000,^GSPC
2015-04-20,2100.39990234375,2103.93994140625,2084.110107421875,2084.110107421875,3000160000,^GSPC
2015-04-21,2097.2900390625,2109.639892578125,2094.3798828125,2102.820068359375,3243410000,^GSPC
2015-04-22,2107.9599609375,2109.97998046875,2091.050048828125,2098.27001953125,3348480000,^GSPC
2015-04-23,2112.929931640625,2120.489990234375,2103.18994140625,2107.2099609375,3636670000,^GSPC
2015-04-24,2117.68994140625,2120.919921875,2112.800048828125,2112.800048828125,3375780000,^GSPC
2015-04-27,2108.919921875,2125.919921875,2107.0400390625,2119.2900390625,3438750000,^GSPC
2015-04-28,2114.760009765625,2116.0400390625,2094.889892578125,2108.35009765625,3546270000,^GSPC
2015-04-29,2106.85009765625,2113.64990234375,2097.409912109375,2112.489990234375,4074970000,^GSPC
2015-04-30,2085.510009765625,2105.52001953125,2077.590087890625,2105.52001953125,4509680000,^GSPC
2015-05-01,2108.2900390625,2108.409912109375,2087.3798828125,2087.3798828125,3379390000,^GSPC
2015-05-04,2114.489990234375,2120.949951171875,2110.22998046875,2110.22998046875,3091580000,^GSPC
2015-05-05,2089.4599609375,2115.239990234375,2088.4599609375,2112.6298828125,3793950000,^GSPC
2015-05-06,2080.14990234375,2098.419921875,2067.929931640625,2091.260009765625,3792210000,^GSPC
2015-05-07,2088.0,2092.89990234375,2074.989990234375,2079.9599609375,3676640000,^GSPC
2015-05-08,2116.10009765625,2117.659912109375,2092.1298828125,2092.1298828125,3399440000,^GSPC
2015-05-11,2105.330078125,2117.68994140625,2104.580078125,2115.56005859375,2992670000,^GSPC
2015-05-12,2099.1201171875,2105.06005859375,2085.570068359375,2102.8701171875,3139520000,^GSPC
2015-05-13,2098.47998046875,2110.18994140625,2096.0400390625,2099.6201171875,3374260000,^GSPC
2015-05-14,2121.10009765625,2121.449951171875,2100.429931640625,2100.429931640625,3225740000,^GSPC
2015-05-15,2122.72998046875,2123.889892578125,2116.81005859375,2122.070068359375,3092080000,^GSPC
2015-05-18,2129.199951171875,2131.780029296875,2120.010009765625,2121.300048828125,2888190000,^GSPC
2015-05-19,2127.830078125,2133.02001953125,2124.5,2129.449951171875,3296030000,^GSPC
2015-05-20,2125.85009765625,2134.719970703125,2122.590087890625,2127.7900390625,3025880000,^GSPC
2015-05-21,2130.820068359375,2134.280029296875,2122.949951171875,2125.550048828125,3070460000,^GSPC
2015-05-22,2126.06005859375,2132.14990234375,2126.06005859375,2130.360107421875,2571860000,^GSPC
2015-05-26,2104.199951171875,2125.340087890625,2099.179931640625,2125.340087890625,3342130000,^GSPC
2015-05-27,2123.47998046875,2126.219970703125,2105.1298828125,2105.1298828125,3127960000,^GSPC
2015-05-28,2120.7900390625,2122.27001953125,2112.860107421875,2122.27001953125,2980350000,^GSPC
2015-05-29,2107.389892578125,2120.659912109375,2104.889892578125,2120.659912109375,3927390000,^GSPC
2015-06-01,2111.72998046875,2119.14990234375,2102.5400390625,2108.639892578125,3011710000,^GSPC
2015-06-02,2109.60009765625,2117.590087890625,2099.139892578125,2110.409912109375,3049350000,^GSPC
2015-06-03,2114.070068359375,2121.919921875,2109.610107421875,2110.639892578125,3099980000,^GSPC
2015-06-04,2095.840087890625,2112.889892578125,2093.22998046875,2112.35009765625,3200050000,^GSPC
2015-06-05,2092.830078125,2100.989990234375,2085.669921875,2095.090087890625,3243690000,^GSPC
2015-06-08,2079.280029296875,2093.010009765625,2079.110107421875,2092.340087890625,2917150000,^GSPC
2015-06-09,2080.14990234375,2085.6201171875,2072.139892578125,2079.070068359375,3034580000,^GSPC
2015-06-10,2105.199951171875,2108.5,2081.1201171875,2081.1201171875,3414320000,^GSPC
2015-06-11,2108.860107421875,2115.02001953125,2106.239990234375,2106.239990234375,3128600000,^GSPC
2015-06-12,2094.110107421875,2107.429931640625,2091.330078125,2107.429931640625,2719400000,^GSPC
2015-06-15,2084.429931640625,2091.340087890625,2072.489990234375,2091.340087890625,3061570000,^GSPC
2015-06-16,2096.2900390625,2097.39990234375,2082.10009765625,2084.260009765625,2919900000,^GSPC
2015-06-17,2100.43994140625,2106.7900390625,2088.860107421875,2097.39990234375,3222240000,^GSPC
2015-06-18,2121.239990234375,2126.64990234375,2101.580078125,2101.580078125,3520360000,^GSPC
2015-06-19,2109.989990234375,2121.639892578125,2109.449951171875,2121.06005859375,4449810000,^GSPC
2015-06-22,2122.85009765625,2129.8701171875,2112.5,2112.5,3030020000,^GSPC
2015-06-23,2124.199951171875,2128.030029296875,2119.889892578125,2123.159912109375,3091190000,^GSPC
2015-06-24,2108.580078125,2125.10009765625,2108.580078125,2123.64990234375,3102480000,^GSPC
2015-06-25,2102.31005859375,2116.0400390625,2101.780029296875,2109.9599609375,3214610000,^GSPC
2015-06-26,2101.489990234375,2108.919921875,2095.3798828125,2102.6201171875,5025470000,^GSPC
2015-06-29,2057.639892578125,2098.6298828125,2056.639892578125,2098.6298828125,3678960000,^GSPC
2015-06-30,2063.110107421875,2074.280029296875,2056.320068359375,2061.18994140625,4078540000,^GSPC
2015-07-01,2077.419921875,2082.780029296875,2067.0,2067.0,3727260000,^GSPC
2015-07-02,2076.780029296875,2085.06005859375,2071.02001953125,2078.030029296875,2996540000,^GSPC
2015-07-06,2068.760009765625,2078.610107421875,2058.39990234375,2073.949951171875,3486360000,^GSPC
2015-07-07,2081.340087890625,2083.739990234375,2044.02001953125,2069.52001953125,4458660000,^GSPC
2015-07-08,2046.6800537109375,2077.659912109375,2044.6600341796875,2077.659912109375,3608780000,^GSPC
2015-07-09,2051.31005859375,2074.280029296875,2049.72998046875,2049.72998046875,3446810000,^GSPC
2015-07-10,2076.6201171875,2081.31005859375,2052.739990234375,2052.739990234375,3065070000,^GSPC
2015-07-13,2099.60009765625,2100.669921875,2080.030029296875,2080.030029296875,3096730000,^GSPC
2015-07-14,2108.949951171875,2111.97998046875,2098.179931640625,2099.719970703125,3002120000,^GSPC
2015-07-15,2107.39990234375,2114.139892578125,2102.489990234375,2109.010009765625,3261810000,^GSPC
2015-07-16,2124.2900390625,2124.419921875,2110.550048828125,2110.550048828125,3227080000,^GSPC
2015-07-17,2126.639892578125,2128.909912109375,2119.8798828125,2126.800048828125,3362750000,^GSPC
2015-07-20,2128.280029296875,2132.820068359375,2123.659912109375,2126.85009765625,3245870000,^GSPC
2015-07-21,2119.2099609375,2128.489990234375,2115.39990234375,2127.550048828125,3343690000,^GSPC
2015-07-22,2114.14990234375,2118.510009765625,2110.0,2118.2099609375,3694070000,^GSPC
2015-07-23,2102.14990234375,2116.8701171875,2098.6298828125,2114.159912109375,3772810000,^GSPC
2015-07-24,2079.64990234375,2106.010009765625,2077.090087890625,2102.239990234375,3870040000,^GSPC
2015-07-27,2067.639892578125,2078.18994140625,2063.52001953125,2078.18994140625,3836750000,^GSPC
2015-07-28,2093.25,2095.60009765625,2069.090087890625,2070.75,4117740000,^GSPC
2015-07-29,2108.570068359375,2110.60009765625,2094.080078125,2094.699951171875,4038900000,^GSPC
2015-07-30,2108.6298828125,2110.47998046875,2094.969970703125,2106.780029296875,3579410000,^GSPC
2015-07-31,2103.840087890625,2114.239990234375,2102.070068359375,2111.60009765625,3681340000,^GSPC
2015-08-03,2098.0400390625,2105.699951171875,2087.31005859375,2104.489990234375,3476770000,^GSPC
2015-08-04,2093.320068359375,2102.510009765625,2088.60009765625,2097.679931640625,3546710000,^GSPC
2015-08-05,2099.840087890625,2112.659912109375,2095.27001953125,2095.27001953125,3968680000,^GSPC
2015-08-06,2083.56005859375,2103.320068359375,2075.530029296875,2100.75,4246570000,^GSPC
2015-08-07,2077.570068359375,2082.610107421875,2067.909912109375,2082.610107421875,3602320000,^GSPC
2015-08-10,2104.179931640625,2105.35009765625,2080.97998046875,2080.97998046875,3514460000,^GSPC
2015-08-11,2084.070068359375,2102.659912109375,2076.489990234375,2102.659912109375,3708880000,^GSPC
2015-08-12,2086.050048828125,2089.06005859375,2052.090087890625,2081.10009765625,4269130000,^GSPC
2015-08-13,2083.389892578125,2092.929931640625,2078.260009765625,2086.18994140625,3221300000,^GSPC
2015-08-14,2091.5400390625,2092.449951171875,2080.610107421875,2083.14990234375,2795590000,^GSPC
2015-08-17,2102.43994140625,2102.8701171875,2079.300048828125,2089.699951171875,2867690000,^GSPC
2015-08-18,2096.919921875,2103.469970703125,2094.139892578125,2101.989990234375,2949990000,^GSPC
2015-08-19,2079.610107421875,2096.169921875,2070.530029296875,2095.68994140625,3512920000,^GSPC
2015-08-20,2035.72998046875,2076.610107421875,2035.72998046875,2076.610107421875,3922470000,^GSPC
2015-08-21,1970.8900146484375,2034.0799560546875,1970.8900146484375,2034.0799560546875,5018240000,^GSPC
2015-08-24,1893.2099609375,1965.1500244140625,1867.010009765625,1965.1500244140625,6612690000,^GSPC
2015-08-25,1867.6099853515625,1948.0400390625,1867.0799560546875,1898.0799560546875,5183560000,^GSPC
2015-08-26,1940.510009765625,1943.0899658203125,1872.75,1872.75,5338250000,^GSPC
2015-08-27,1987.6600341796875,1989.5999755859375,1942.77001953125,1942.77001953125,5006390000,^GSPC
2015-08-28,1988.8699951171875,1993.47998046875,1975.18994140625,1986.06005859375,3949080000,^GSPC
2015-08-31,1972.1800537109375,1986.72998046875,1965.97998046875,1986.72998046875,3915100000,^GSPC
2015-09-01,1913.8499755859375,1970.0899658203125,1903.0699462890625,1970.0899658203125,4371850000,^GSPC
2015-09-02,1948.8599853515625,1948.9100341796875,1916.52001953125,1916.52001953125,3742620000,^GSPC
2015-09-03,1951.1300048828125,1975.010009765625,1944.719970703125,1950.7900390625,3520700000,^GSPC
2015-09-04,1921.219970703125,1947.760009765625,1911.2099609375,1947.760009765625,3167090000,^GSPC
2015-09-08,1969.4100341796875,1970.4200439453125,1927.300048828125,1927.300048828125,3548650000,^GSPC
2015-09-09,1942.0400390625,1988.6300048828125,1937.8800048828125,1971.449951171875,3652120000,^GSPC
2015-09-10,1952.2900390625,1965.2900390625,1937.18994140625,1941.5899658203125,3626320000,^GSPC
2015-09-11,1961.050048828125,1961.050048828125,1939.18994140625,1951.449951171875,3218590000,^GSPC
2015-09-14,1953.030029296875,1963.06005859375,1948.27001953125,1963.06005859375,3000200000,^GSPC
2015-09-15,1978.0899658203125,1983.18994140625,1954.300048828125,1955.0999755859375,3239860000,^GSPC
2015-09-16,1995.31005859375,1997.260009765625,1977.9300537109375,1978.02001953125,3630680000,^GSPC
2015-09-17,1990.199951171875,2020.8599853515625,1986.72998046875,1995.3299560546875,4183790000,^GSPC
2015-09-18,1958.030029296875,1989.6600341796875,1953.449951171875,1989.6600341796875,6021240000,^GSPC
2015-09-21,1966.969970703125,1979.6400146484375,1955.800048828125,1960.8399658203125,3269350000,^GSPC
2015-09-22,1942.739990234375,1961.3900146484375,1929.219970703125,1961.3900146484375,3808260000,^GSPC
2015-09-23,1938.760009765625,1949.52001953125,1932.5699462890625,1943.239990234375,3190530000,^GSPC
2015-09-24,1932.239990234375,1937.1700439453125,1908.9200439453125,1934.81005859375,4091530000,^GSPC
2015-09-25,1931.3399658203125,1952.8900146484375,1921.5,1935.9300537109375,3721870000,^GSPC
2015-09-28,1881.77001953125,1929.1800537109375,1879.2099609375,1929.1800537109375,4326660000,^GSPC
2015-09-29,1884.0899658203125,1899.47998046875,1871.9100341796875,1881.9000244140625,4132390000,^GSPC
2015-09-30,1920.030029296875,1920.530029296875,1887.1400146484375,1887.1400146484375,4525070000,^GSPC
2015-10-01,1923.8199462890625,1927.2099609375,1900.699951171875,1919.6500244140625,3983600000,^GSPC
2015-10-02,1951.3599853515625,1951.3599853515625,1893.699951171875,1921.77001953125,4378570000,^GSPC
2015-10-05,1987.050048828125,1989.1700439453125,1954.3299560546875,1954.3299560546875,4334490000,^GSPC
2015-10-06,1979.9200439453125,1991.6199951171875,1971.989990234375,1986.6300048828125,4202400000,^GSPC
2015-10-07,1995.8299560546875,1999.31005859375,1976.43994140625,1982.3399658203125,4666470000,^GSPC
2015-10-08,2013.4300537109375,2016.5,1987.530029296875,1994.010009765625,3939140000,^GSPC
2015-10-09,2014.8900146484375,2020.1300048828125,2007.6099853515625,2013.72998046875,3706900000,^GSPC
2015-10-12,2017.4599609375,2018.6600341796875,2010.550048828125,2015.6500244140625,2893250000,^GSPC
2015-10-13,2003.68994140625,2022.3399658203125,2001.780029296875,2015.0,3401920000,^GSPC
2015-10-14,1994.239990234375,2009.56005859375,1990.72998046875,2003.6600341796875,3644590000,^GSPC
2015-10-15,2023.8599853515625,2024.1500244140625,1996.469970703125,1996.469970703125,3746290000,^GSPC
2015-10-16,2033.1099853515625,2033.5400390625,2020.4599609375,2024.3699951171875,3595430000,^GSPC
2015-10-19,2033.6600341796875,2034.449951171875,2022.31005859375,2031.72998046875,3287320000,^GSPC
2015-10-20,2030.77001953125,2039.1199951171875,2026.6099853515625,2033.1300048828125,3331500000,^GSPC
2015-10-21,2018.93994140625,2037.969970703125,2017.219970703125,2033.469970703125,3627790000,^GSPC
2015-10-22,2052.510009765625,2055.199951171875,2021.8800048828125,2021.8800048828125,4430850000,^GSPC
2015-10-23,2075.14990234375,2079.739990234375,2058.18994140625,2058.18994140625,4108460000,^GSPC
2015-10-26,2071.179931640625,2075.139892578125,2066.530029296875,2075.080078125,3385800000,^GSPC
2015-10-27,2065.889892578125,2070.3701171875,2058.840087890625,2068.75,4216880000,^GSPC
2015-10-28,2090.35009765625,2090.35009765625,2063.110107421875,2066.47998046875,4698110000,^GSPC
2015-10-29,2089.409912109375,2092.52001953125,2082.6298828125,2088.35009765625,4008940000,^GSPC
2015-10-30,2079.360107421875,2094.320068359375,2079.340087890625,2090.0,4256200000,^GSPC
2015-11-02,2104.050048828125,2106.199951171875,2080.760009765625,2080.760009765625,3760020000,^GSPC
2015-11-03,2109.7900390625,2116.47998046875,2097.510009765625,2102.6298828125,4272060000,^GSPC
2015-11-04,2102.31005859375,2114.590087890625,2096.97998046875,2110.60009765625,4078870000,^GSPC
2015-11-05,2099.929931640625,2108.780029296875,2090.409912109375,2101.679931640625,4051890000,^GSPC
2015-11-06,2099.199951171875,2101.909912109375,2083.739990234375,2098.60009765625,4369020000,^GSPC
2015-11-09,2078.580078125,2096.56005859375,2068.239990234375,2096.56005859375,3882350000,^GSPC
2015-11-10,2081.719970703125,2083.669921875,2069.909912109375,2077.18994140625,3821440000,^GSPC
2015-11-11,2075.0,2086.93994140625,2074.85009765625,2083.409912109375,3692410000,^GSPC
2015-11-12,2045.969970703125,2072.2900390625,2045.6600341796875,2072.2900390625,4016370000,^GSPC
2015-11-13,2023.0400390625,2044.6400146484375,2022.02001953125,2044.6400146484375,4278750000,^GSPC
2015-11-16,2053.18994140625,2053.219970703125,2019.3900146484375,2022.0799560546875,3741240000,^GSPC
2015-11-17,2050.43994140625,2066.68994140625,2045.9000244140625,2053.669921875,4427350000,^GSPC
2015-11-18,2083.580078125,2085.31005859375,2051.989990234375,2051.989990234375,3926390000,^GSPC
2015-11-19,2081.239990234375,2086.739990234375,2078.760009765625,2083.699951171875,3628110000,^GSPC
2015-11-20,2089.169921875,2097.06005859375,2082.820068359375,2082.820068359375,3929600000,^GSPC
2015-11-23,2086.590087890625,2095.610107421875,2081.389892578125,2089.409912109375,3587980000,^GSPC
2015-11-24,2089.139892578125,2094.1201171875,2070.2900390625,2084.419921875,3884930000,^GSPC
2015-11-25,2088.8701171875,2093.0,2086.300048828125,2089.300048828125,2852940000,^GSPC
2015-11-27,2090.110107421875,2093.2900390625,2084.1298828125,2088.820068359375,1466840000,^GSPC
2015-11-30,2080.409912109375,2093.81005859375,2080.409912109375,2090.949951171875,4275030000,^GSPC
2015-12-01,2102.6298828125,2103.3701171875,2082.929931640625,2082.929931640625,3712120000,^GSPC
2015-12-02,2079.510009765625,2104.27001953125,2077.110107421875,2101.7099609375,3950640000,^GSPC
2015-12-03,2049.6201171875,2085.0,2042.3499755859375,2080.7099609375,4306490000,^GSPC
2015-12-04,2091.68994140625,2093.840087890625,2051.239990234375,2051.239990234375,4214910000,^GSPC
2015-12-07,2077.070068359375,2090.419921875,2066.780029296875,2090.419921875,4043820000,^GSPC
2015-12-08,2063.590087890625,2073.85009765625,2052.320068359375,2073.389892578125,4173570000,^GSPC
2015-12-09,2047.6199951171875,2080.330078125,2036.530029296875,2061.169921875,4385250000,^GSPC
2015-12-10,2052.22998046875,2067.64990234375,2045.6700439453125,2047.9300537109375,3715150000,^GSPC
2015-12-11,2012.3699951171875,2047.27001953125,2008.800048828125,2047.27001953125,4301060000,^GSPC
2015-12-14,2021.93994140625,2022.9200439453125,1993.260009765625,2013.3699951171875,4612440000,^GSPC
2015-12-15,2043.4100341796875,2053.8701171875,2025.550048828125,2025.550048828125,4353540000,^GSPC
2015-12-16,2073.070068359375,2076.719970703125,2042.4300537109375,2046.5,4635450000,^GSPC
2015-12-17,2041.8900146484375,2076.3701171875,2041.6600341796875,2073.760009765625,4327390000,^GSPC
2015-12-18,2005.550048828125,2040.81005859375,2005.3299560546875,2040.81005859375,6683070000,^GSPC
2015-12-21,2021.1500244140625,2022.9000244140625,2005.9300537109375,2010.27001953125,3760280000,^GSPC
2015-12-22,2038.969970703125,2042.739990234375,2020.489990234375,2023.1500244140625,3520860000,^GSPC
2015-12-23,2064.2900390625,2064.72998046875,2042.199951171875,2042.199951171875,3484090000,^GSPC
2015-12-24,2060.989990234375,2067.360107421875,2058.72998046875,2063.52001953125,1411860000,^GSPC
2015-12-28,2056.5,2057.77001953125,2044.199951171875,2057.77001953125,2492510000,^GSPC
2015-12-29,2078.360107421875,2081.56005859375,2060.5400390625,2060.5400390625,2542000000,^GSPC
2015-12-30,2063.360107421875,2077.340087890625,2061.969970703125,2077.340087890625,2367430000,^GSPC
2015-12-31,2043.93994140625,2062.5400390625,2043.6199951171875,2060.590087890625,2655330000,^GSPC
2016-01-04,2012.6600341796875,2038.199951171875,1989.6800537109375,2038.199951171875,4304880000,^GSPC
2016-01-05,2016.7099609375,2021.93994140625,2004.1700439453125,2013.780029296875,3706620000,^GSPC
2016-01-06,1990.260009765625,2011.7099609375,1979.050048828125,2011.7099609375,4336660000,^GSPC
2016-01-07,1943.0899658203125,1985.3199462890625,1938.8299560546875,1985.3199462890625,5076590000,^GSPC
2016-01-08,1922.030029296875,1960.4000244140625,1918.4599609375,1945.969970703125,4664940000,^GSPC
2016-01-11,1923.6700439453125,1935.6500244140625,1901.0999755859375,1926.1199951171875,4607290000,^GSPC
2016-01-12,1938.6800537109375,1947.3800048828125,1914.3499755859375,1927.8299560546875,4887260000,^GSPC
2016-01-13,1890.280029296875,1950.3299560546875,1886.4100341796875,1940.3399658203125,5087030000,^GSPC
2016-01-14,1921.8399658203125,1934.469970703125,1878.9300537109375,1891.6800537109375,5241110000,^GSPC
2016-01-15,1880.3299560546875,1916.6800537109375,1857.8299560546875,1916.6800537109375,5468460000,^GSPC
2016-01-19,1881.3299560546875,1901.43994140625,1864.5999755859375,1888.6600341796875,4928350000,^GSPC
2016-01-20,1859.3299560546875,1876.1800537109375,1812.2900390625,1876.1800537109375,6416070000,^GSPC
2016-01-21,1868.989990234375,1889.8499755859375,1848.97998046875,1861.4599609375,5078810000,^GSPC
2016-01-22,1906.9000244140625,1908.8499755859375,1877.4000244140625,1877.4000244140625,4901760000,^GSPC
2016-01-25,1877.0799560546875,1906.280029296875,1875.969970703125,1906.280029296875,4401380000,^GSPC
2016-01-26,1903.6300048828125,1906.72998046875,1878.7900390625,1878.7900390625,4357940000,^GSPC
2016-01-27,1882.949951171875,1916.989990234375,1872.699951171875,1902.52001953125,4754040000,^GSPC
2016-01-28,1893.3599853515625,1902.9599609375,1873.6500244140625,1885.219970703125,4693010000,^GSPC
2016-01-29,1940.239990234375,1940.239990234375,1894.0,1894.0,5497570000,^GSPC
2016-02-01,1939.3800048828125,1947.199951171875,1920.300048828125,1936.93994140625,4322530000,^GSPC
2016-02-02,1903.030029296875,1935.260009765625,1897.2900390625,1935.260009765625,4463190000,^GSPC
2016-02-03,1912.530029296875,1918.010009765625,1872.22998046875,1907.0699462890625,5172950000,^GSPC
2016-02-04,1915.449951171875,1927.3499755859375,1900.52001953125,1911.6700439453125,5193320000,^GSPC
2016-02-05,1880.050048828125,1913.0699462890625,1872.6500244140625,1913.0699462890625,4929940000,^GSPC
2016-02-08,1853.43994140625,1873.25,1828.4599609375,1873.25,5636460000,^GSPC
2016-02-09,1852.2099609375,1868.25,1834.93994140625,1848.4599609375,5183220000,^GSPC
2016-02-10,1851.8599853515625,1881.5999755859375,1850.3199462890625,1857.0999755859375,4471170000,^GSPC
2016-02-11,1829.0799560546875,1847.0,1810.0999755859375,1847.0,5500800000,^GSPC
2016-02-12,1864.780029296875,1864.780029296875,1833.4000244140625,1833.4000244140625,4696920000,^GSPC
2016-02-16,1895.5799560546875,1895.77001953125,1871.43994140625,1871.43994140625,4570670000,^GSPC
2016-02-17,1926.8199462890625,1930.6800537109375,1898.800048828125,1898.800048828125,5011540000,^GSPC
2016-02-18,1917.8299560546875,1930.0,1915.0899658203125,1927.5699462890625,4436490000,^GSPC
2016-02-19,1917.780029296875,1918.780029296875,1902.1700439453125,1916.739990234375,4142850000,^GSPC
2016-02-22,1945.5,1946.699951171875,1924.43994140625,1924.43994140625,4054710000,^GSPC
2016-02-23,1921.27001953125,1942.3800048828125,1919.43994140625,1942.3800048828125,3890650000,^GSPC
2016-02-24,1929.800048828125,1932.0799560546875,1891.0,1917.56005859375,4317250000,^GSPC
2016-02-25,1951.699951171875,1951.8299560546875,1925.4100341796875,1931.8699951171875,4118210000,^GSPC
2016-02-26,1948.050048828125,1962.9599609375,1945.780029296875,1954.949951171875,4348510000,^GSPC
2016-02-29,1932.22998046875,1958.27001953125,1931.81005859375,1947.1300048828125,4588180000,^GSPC
2016-03-01,1978.3499755859375,1978.3499755859375,1937.0899658203125,1937.0899658203125,4819750000,^GSPC
2016-03-02,1986.449951171875,1986.510009765625,1968.800048828125,1976.5999755859375,4666610000,^GSPC
2016-03-03,1993.4000244140625,1993.68994140625,1977.3699951171875,1985.5999755859375,5081700000,^GSPC
2016-03-04,1999.989990234375,2009.1300048828125,1986.77001953125,1994.010009765625,6049930000,^GSPC
2016-03-07,2001.760009765625,2006.1199951171875,1989.3800048828125,1996.1099853515625,4968180000,^GSPC
2016-03-08,1979.260009765625,1996.8800048828125,1977.4300537109375,1996.8800048828125,4641650000,^GSPC
2016-03-09,1989.260009765625,1992.68994140625,1979.8399658203125,1981.43994140625,4038120000,^GSPC
2016-03-10,1989.5699462890625,2005.0799560546875,1969.25,1990.969970703125,4376790000,^GSPC
2016-03-11,2022.18994140625,2022.3699951171875,1994.7099609375,1994.7099609375,4078620000,^GSPC
2016-03-14,2019.6400146484375,2024.5699462890625,2012.050048828125,2019.27001953125,3487850000,^GSPC
2016-03-15,2015.9300537109375,2015.93994140625,2005.22998046875,2015.27001953125,3560280000,^GSPC
2016-03-16,2027.219970703125,2032.02001953125,2010.0400390625,2014.239990234375,4057020000,^GSPC
2016-03-17,2040.5899658203125,2046.239990234375,2022.1600341796875,2026.9000244140625,4530480000,^GSPC
2016-03-18,2049.580078125,2052.360107421875,2041.1600341796875,2041.1600341796875,6503140000,^GSPC
2016-03-21,2051.60009765625,2053.909912109375,2043.1400146484375,2047.8800048828125,3376600000,^GSPC
2016-03-22,2049.800048828125,2056.60009765625,2040.5699462890625,2048.639892578125,3418460000,^GSPC
2016-03-23,2036.7099609375,2048.550048828125,2034.8599853515625,2048.550048828125,3639510000,^GSPC
2016-03-24,2035.93994140625,2036.0400390625,2022.489990234375,2032.47998046875,3407720000,^GSPC
2016-03-28,2037.050048828125,2042.6700439453125,2031.9599609375,2037.8900146484375,2809090000,^GSPC
2016-03-29,2055.010009765625,2055.909912109375,2028.31005859375,2035.75,3822330000,^GSPC
2016-03-30,2063.949951171875,2072.2099609375,2058.27001953125,2058.27001953125,3590310000,^GSPC
2016-03-31,2059.739990234375,2067.919921875,2057.4599609375,2063.77001953125,3715280000,^GSPC
2016-04-01,2072.780029296875,2075.070068359375,2043.97998046875,2056.6201171875,3749990000,^GSPC
2016-04-04,2066.1298828125,2074.02001953125,2062.570068359375,2073.18994140625,3485710000,^GSPC
2016-04-05,2045.1700439453125,2062.5,2042.56005859375,2062.5,4154920000,^GSPC
2016-04-06,2066.659912109375,2067.330078125,2043.0899658203125,2045.56005859375,3750800000,^GSPC
2016-04-07,2041.9100341796875,2063.010009765625,2033.800048828125,2063.010009765625,3801250000,^GSPC
2016-04-08,2047.5999755859375,2060.6298828125,2041.68994140625,2045.5400390625,3359530000,^GSPC
2016-04-11,2041.989990234375,2062.929931640625,2041.8800048828125,2050.22998046875,3567840000,^GSPC
2016-04-12,2061.719970703125,2065.050048828125,2039.739990234375,2043.719970703125,4239740000,^GSPC
2016-04-13,2082.419921875,2083.179931640625,2065.919921875,2065.919921875,4191830000,^GSPC
2016-04-14,2082.780029296875,2087.840087890625,2078.1298828125,2082.889892578125,3765870000,^GSPC
2016-04-15,2080.72998046875,2083.219970703125,2076.31005859375,2083.10009765625,3701450000,^GSPC
2016-04-18,2094.340087890625,2094.659912109375,2073.64990234375,2078.830078125,3316880000,^GSPC
2016-04-19,2100.800048828125,2104.050048828125,2091.679931640625,2096.050048828125,3896830000,^GSPC
2016-04-20,2102.39990234375,2111.050048828125,2096.320068359375,2101.52001953125,4184880000,^GSPC
2016-04-21,2091.47998046875,2103.780029296875,2088.52001953125,2102.090087890625,4175290000,^GSPC
2016-04-22,2091.580078125,2094.320068359375,2081.199951171875,2091.489990234375,3790580000,^GSPC
2016-04-25,2087.7900390625,2089.3701171875,2077.52001953125,2089.3701171875,3319740000,^GSPC
2016-04-26,2091.699951171875,2096.8701171875,2085.800048828125,2089.840087890625,3557190000,^GSPC
2016-04-27,2095.14990234375,2099.889892578125,2082.31005859375,2092.330078125,4100110000,^GSPC
2016-04-28,2075.81005859375,2099.300048828125,2071.6201171875,2090.929931640625,4309840000,^GSPC
2016-04-29,2065.300048828125,2073.85009765625,2052.280029296875,2071.820068359375,4704720000,^GSPC
2016-05-02,2081.429931640625,2083.419921875,2066.110107421875,2067.169921875,3841110000,^GSPC
2016-05-03,2063.3701171875,2077.179931640625,2054.889892578125,2077.179931640625,4173390000,^GSPC
2016-05-04,2051.1201171875,2060.300048828125,2045.550048828125,2060.300048828125,4058560000,^GSPC
2016-05-05,2050.6298828125,2060.22998046875,2045.77001953125,2052.949951171875,4008530000,^GSPC
2016-05-06,2057.139892578125,2057.719970703125,2039.449951171875,2047.77001953125,3796350000,^GSPC
2016-05-09,2058.68994140625,2064.14990234375,2054.31005859375,2057.550048828125,3788620000,^GSPC
2016-05-10,2084.389892578125,2084.8701171875,2062.6298828125,2062.6298828125,3600200000,^GSPC
2016-05-11,2064.4599609375,2083.2900390625,2064.4599609375,2083.2900390625,3821980000,^GSPC
2016-05-12,2064.110107421875,2073.989990234375,2053.1298828125,2067.169921875,3782390000,^GSPC
2016-05-13,2046.6099853515625,2066.7900390625,2043.1300048828125,2062.5,3579880000,^GSPC
2016-05-16,2066.659912109375,2071.8798828125,2046.530029296875,2046.530029296875,3501360000,^GSPC
2016-05-17,2047.2099609375,2065.68994140625,2040.8199462890625,2065.0400390625,4108960000,^GSPC
2016-05-18,2047.6300048828125,2060.610107421875,2034.489990234375,2044.3800048828125,4101320000,^GSPC
2016-05-19,2040.0400390625,2044.2099609375,2025.9100341796875,2044.2099609375,3846770000,^GSPC
2016-05-20,2052.320068359375,2058.35009765625,2041.8800048828125,2041.8800048828125,3507650000,^GSPC
2016-05-23,2048.0400390625,2055.580078125,2047.260009765625,2052.22998046875,3055480000,^GSPC
2016-05-24,2076.06005859375,2079.669921875,2052.64990234375,2052.64990234375,3627340000,^GSPC
2016-05-25,2090.5400390625,2094.72998046875,2078.929931640625,2078.929931640625,3859160000,^GSPC
2016-05-26,2090.10009765625,2094.300048828125,2087.080078125,2091.43994140625,3230990000,^GSPC
2016-05-27,2099.06005859375,2099.06005859375,2090.06005859375,2090.06005859375,3079150000,^GSPC
2016-05-31,2096.949951171875,2103.47998046875,2088.659912109375,2100.1298828125,4514410000,^GSPC
2016-06-01,2099.330078125,2100.969970703125,2085.10009765625,2093.93994140625,3525170000,^GSPC
2016-06-02,2105.260009765625,2105.260009765625,2088.590087890625,2097.7099609375,3632720000,^GSPC
2016-06-03,2099.1298828125,2104.070068359375,2085.360107421875,2104.070068359375,3627780000,^GSPC
2016-06-06,2109.409912109375,2113.360107421875,2100.830078125,2100.830078125,3442020000,^GSPC
2016-06-07,2112.1298828125,2119.219970703125,2110.179931640625,2110.179931640625,3534730000,^GSPC
2016-06-08,2119.1201171875,2120.550048828125,2112.7099609375,2112.7099609375,3562060000,^GSPC
2016-06-09,2115.47998046875,2117.639892578125,2107.72998046875,2115.64990234375,3290320000,^GSPC
2016-06-10,2096.070068359375,2109.570068359375,2089.9599609375,2109.570068359375,3515010000,^GSPC
2016-06-13,2079.06005859375,2098.1201171875,2078.4599609375,2091.75,3392030000,^GSPC
2016-06-14,2075.320068359375,2081.300048828125,2064.10009765625,2076.64990234375,3759770000,^GSPC
2016-06-15,2071.5,2085.64990234375,2069.800048828125,2077.60009765625,3544720000,^GSPC
2016-06-16,2077.989990234375,2079.6201171875,2050.3701171875,2066.360107421875,3628280000,^GSPC
2016-06-17,2071.219970703125,2078.199951171875,2062.840087890625,2078.199951171875,4952630000,^GSPC
2016-06-20,2083.25,2100.659912109375,2075.580078125,2075.580078125,3467440000,^GSPC
2016-06-21,2088.89990234375,2093.659912109375,2083.02001953125,2085.18994140625,3232880000,^GSPC
2016-06-22,2085.449951171875,2099.7099609375,2084.360107421875,2089.75,3168160000,^GSPC
2016-06-23,2113.320068359375,2113.320068359375,2092.800048828125,2092.800048828125,3297940000,^GSPC
2016-06-24,2037.4100341796875,2103.81005859375,2032.5699462890625,2103.81005859375,7597450000,^GSPC
2016-06-27,2000.5400390625,2031.449951171875,1991.6800537109375,2031.449951171875,5431220000,^GSPC
2016-06-28,2036.0899658203125,2036.0899658203125,2006.6700439453125,2006.6700439453125,4385810000,^GSPC
2016-06-29,2070.77001953125,2073.1298828125,2042.68994140625,2042.68994140625,4241740000,^GSPC
2016-06-30,2098.860107421875,2098.93994140625,2070.0,2073.169921875,4622820000,^GSPC
2016-07-01,2102.949951171875,2108.7099609375,2097.89990234375,2099.340087890625,3458890000,^GSPC
2016-07-05,2088.550048828125,2095.050048828125,2080.860107421875,2095.050048828125,3658380000,^GSPC
2016-07-06,2099.72998046875,2100.719970703125,2074.02001953125,2084.429931640625,3909380000,^GSPC
2016-07-07,2097.89990234375,2109.080078125,2089.389892578125,2100.419921875,3604550000,^GSPC
2016-07-08,2129.89990234375,2131.7099609375,2106.969970703125,2106.969970703125,3607500000,^GSPC
2016-07-11,2137.159912109375,2143.159912109375,2131.719970703125,2131.719970703125,3253340000,^GSPC
2016-07-12,2152.139892578125,2155.39990234375,2139.5,2139.5,4097820000,^GSPC
2016-07-13,2152.429931640625,2156.449951171875,2146.2099609375,2153.81005859375,3502320000,^GSPC
2016-07-14,2163.75,2168.989990234375,2157.8798828125,2157.8798828125,3465610000,^GSPC
2016-07-15,2161.739990234375,2169.050048828125,2155.7900390625,2165.1298828125,3122600000,^GSPC
2016-07-18,2166.889892578125,2168.35009765625,2159.6298828125,2162.0400390625,3009310000,^GSPC
2016-07-19,2163.780029296875,2164.6298828125,2159.010009765625,2163.7900390625,2968340000,^GSPC
2016-07-20,2173.02001953125,2175.6298828125,2164.889892578125,2166.10009765625,3211860000,^GSPC
2016-07-21,2165.169921875,2174.56005859375,2159.75,2172.909912109375,3438900000,^GSPC
2016-07-22,2175.030029296875,2175.110107421875,2163.239990234375,2166.469970703125,3023280000,^GSPC
2016-07-25,2168.47998046875,2173.7099609375,2161.949951171875,2173.7099609375,3057240000,^GSPC
2016-07-26,2169.179931640625,2173.5400390625,2160.179931640625,2168.969970703125,3442350000,^GSPC
2016-07-27,2166.580078125,2174.97998046875,2159.070068359375,2169.81005859375,3995500000,^GSPC
2016-07-28,2170.06005859375,2172.85009765625,2159.739990234375,2166.050048828125,3664240000,^GSPC
2016-07-29,2173.60009765625,2177.090087890625,2163.489990234375,2168.830078125,4038840000,^GSPC
2016-08-01,2170.840087890625,2178.2900390625,2166.2099609375,2173.14990234375,3505990000,^GSPC
2016-08-02,2157.030029296875,2170.199951171875,2147.580078125,2169.93994140625,3848750000,^GSPC
2016-08-03,2163.7900390625,2163.7900390625,2152.56005859375,2156.81005859375,3786530000,^GSPC
2016-08-04,2164.25,2168.18994140625,2159.070068359375,2163.510009765625,3709200000,^GSPC
2016-08-05,2182.8701171875,2182.8701171875,2168.7900390625,2168.7900390625,3663070000,^GSPC
2016-08-08,2180.889892578125,2185.43994140625,2177.85009765625,2183.760009765625,3327550000,^GSPC
2016-08-09,2181.739990234375,2187.659912109375,2178.610107421875,2182.239990234375,3334300000,^GSPC
2016-08-10,2175.489990234375,2183.409912109375,2172.0,2182.81005859375,3254950000,^GSPC
2016-08-11,2185.7900390625,2188.449951171875,2177.969970703125,2177.969970703125,3423160000,^GSPC
2016-08-12,2184.050048828125,2186.280029296875,2179.419921875,2183.739990234375,3000660000,^GSPC
2016-08-15,2190.14990234375,2193.81005859375,2186.080078125,2186.080078125,3078530000,^GSPC
2016-08-16,2178.14990234375,2186.239990234375,2178.139892578125,2186.239990234375,3196400000,^GSPC
2016-08-17,2182.219970703125,2183.080078125,2168.5,2177.840087890625,3388910000,^GSPC
2016-08-18,2187.02001953125,2187.030029296875,2180.4599609375,2181.89990234375,3300570000,^GSPC
2016-08-19,2183.8701171875,2185.0,2175.1298828125,2184.239990234375,3084800000,^GSPC
2016-08-22,2182.639892578125,2185.14990234375,2175.9599609375,2181.580078125,2777550000,^GSPC
2016-08-23,2186.89990234375,2193.419921875,2186.800048828125,2187.81005859375,3041490000,^GSPC
2016-08-24,2175.43994140625,2186.659912109375,2171.25,2185.090087890625,3148280000,^GSPC
2016-08-25,2172.469970703125,2179.0,2169.739990234375,2173.2900390625,2969310000,^GSPC
2016-08-26,2169.0400390625,2187.93994140625,2160.389892578125,2175.10009765625,3342340000,^GSPC
2016-08-29,2180.3798828125,2183.47998046875,2170.18994140625,2170.18994140625,2654780000,^GSPC
2016-08-30,2176.1201171875,2182.27001953125,2170.409912109375,2179.449951171875,3006800000,^GSPC
2016-08-31,2170.949951171875,2173.7900390625,2161.35009765625,2173.56005859375,3766390000,^GSPC
2016-09-01,2170.860107421875,2173.56005859375,2157.090087890625,2171.330078125,3392120000,^GSPC
2016-09-02,2179.97998046875,2184.8701171875,2173.590087890625,2177.489990234375,3091120000,^GSPC
2016-09-06,2186.47998046875,2186.570068359375,2175.10009765625,2181.610107421875,3447650000,^GSPC
2016-09-07,2186.159912109375,2187.8701171875,2179.070068359375,2185.169921875,3319420000,^GSPC
2016-09-08,2181.300048828125,2184.93994140625,2177.489990234375,2182.760009765625,3727840000,^GSPC
2016-09-09,2127.81005859375,2169.080078125,2127.81005859375,2169.080078125,4233960000,^GSPC
2016-09-12,2159.0400390625,2163.300048828125,2119.1201171875,2120.860107421875,4010480000,^GSPC
2016-09-13,2127.02001953125,2150.469970703125,2120.27001953125,2150.469970703125,4141670000,^GSPC
2016-09-14,2125.77001953125,2141.330078125,2119.89990234375,2127.860107421875,3664100000,^GSPC
2016-09-15,2147.260009765625,2151.31005859375,2122.360107421875,2125.360107421875,3373720000,^GSPC
2016-09-16,2139.159912109375,2146.47998046875,2131.199951171875,2146.47998046875,5014360000,^GSPC
2016-09-19,2139.1201171875,2153.610107421875,2135.909912109375,2143.989990234375,3141820000,^GSPC
2016-09-20,2139.760009765625,2150.800048828125,2139.169921875,2145.93994140625,3117380000,^GSPC
2016-09-21,2163.1201171875,2165.110107421875,2139.570068359375,2144.580078125,3685450000,^GSPC
2016-09-22,2177.179931640625,2179.989990234375,2170.93994140625,2170.93994140625,3523860000,^GSPC
2016-09-23,2164.68994140625,2173.75,2163.969970703125,2173.2900390625,3289860000,^GSPC
2016-09-26,2146.10009765625,2158.5400390625,2145.0400390625,2158.5400390625,3199910000,^GSPC
2016-09-27,2159.929931640625,2161.1298828125,2141.550048828125,2146.0400390625,3414090000,^GSPC
2016-09-28,2171.3701171875,2172.39990234375,2151.7900390625,2161.85009765625,3860390000,^GSPC
2016-09-29,2151.1298828125,2172.669921875,2145.199951171875,2168.89990234375,4215620000,^GSPC
2016-09-30,2168.27001953125,2175.300048828125,2156.510009765625,2156.510009765625,4158800000,^GSPC
2016-10-03,2161.199951171875,2164.409912109375,2154.77001953125,2164.330078125,3113850000,^GSPC
2016-10-04,2150.489990234375,2165.4599609375,2144.010009765625,2163.3701171875,3716100000,^GSPC
2016-10-05,2159.72998046875,2163.949951171875,2155.14990234375,2155.14990234375,3883710000,^GSPC
2016-10-06,2160.77001953125,2162.929931640625,2150.280029296875,2158.219970703125,3438040000,^GSPC
2016-10-07,2153.739990234375,2165.860107421875,2144.85009765625,2164.18994140625,3578770000,^GSPC
2016-10-10,2163.659912109375,2169.60009765625,2160.389892578125,2160.389892578125,2881970000,^GSPC
2016-10-11,2136.72998046875,2161.56005859375,2128.840087890625,2161.35009765625,3393060000,^GSPC
2016-10-12,2139.179931640625,2145.360107421875,2132.77001953125,2137.669921875,2959510000,^GSPC
2016-10-13,2132.550048828125,2138.18994140625,2114.719970703125,2130.260009765625,3538030000,^GSPC
2016-10-14,2132.97998046875,2149.18994140625,2132.97998046875,2139.679931640625,3187910000,^GSPC
2016-10-17,2126.5,2135.610107421875,2124.429931640625,2132.949951171875,2832440000,^GSPC
2016-10-18,2139.60009765625,2144.3798828125,2135.489990234375,2138.31005859375,3172940000,^GSPC
2016-10-19,2144.2900390625,2148.43994140625,2138.14990234375,2140.81005859375,3364990000,^GSPC
2016-10-20,2141.340087890625,2147.179931640625,2133.43994140625,2142.510009765625,3339320000,^GSPC
2016-10-21,2141.159912109375,2142.6298828125,2130.090087890625,2139.429931640625,3456390000,^GSPC
2016-10-24,2151.330078125,2154.7900390625,2146.909912109375,2148.5,3359950000,^GSPC
2016-10-25,2143.159912109375,2151.43994140625,2141.929931640625,2149.719970703125,3756200000,^GSPC
2016-10-26,2139.429931640625,2145.72998046875,2131.590087890625,2136.969970703125,3778120000,^GSPC
2016-10-27,2133.0400390625,2147.1298828125,2132.52001953125,2144.06005859375,4209400000,^GSPC
2016-10-28,2126.409912109375,2140.719970703125,2119.360107421875,2132.22998046875,4028270000,^GSPC
2016-10-31,2126.14990234375,2133.25,2125.530029296875,2129.780029296875,3926560000,^GSPC
2016-11-01,2111.719970703125,2131.449951171875,2097.85009765625,2128.679931640625,4539190000,^GSPC
2016-11-02,2097.93994140625,2111.760009765625,2094.0,2109.429931640625,4289120000,^GSPC
2016-11-03,2088.659912109375,2102.56005859375,2085.22998046875,2098.800048828125,3892100000,^GSPC
2016-11-04,2085.179931640625,2099.070068359375,2083.7900390625,2083.7900390625,3841910000,^GSPC
2016-11-07,2131.52001953125,2132.0,2100.590087890625,2100.590087890625,3739720000,^GSPC
2016-11-08,2139.56005859375,2146.8701171875,2123.56005859375,2129.919921875,3921850000,^GSPC
2016-11-09,2163.260009765625,2170.10009765625,2125.35009765625,2131.56005859375,6267590000,^GSPC
2016-11-10,2167.47998046875,2182.300048828125,2151.169921875,2167.489990234375,6458450000,^GSPC
2016-11-11,2164.449951171875,2165.919921875,2152.489990234375,2162.7099609375,4993990000,^GSPC
2016-11-14,2164.199951171875,2171.360107421875,2156.080078125,2165.639892578125,5373670000,^GSPC
2016-11-15,2180.389892578125,2180.840087890625,2166.3798828125,2168.2900390625,4548110000,^GSPC
2016-11-16,2176.93994140625,2179.219970703125,2172.199951171875,2177.530029296875,3847900000,^GSPC
2016-11-17,2187.1201171875,2188.06005859375,2176.64990234375,2178.610107421875,3811730000,^GSPC
2016-11-18,2181.89990234375,2189.889892578125,2180.3798828125,2186.85009765625,3580900000,^GSPC
2016-11-21,2198.179931640625,2198.699951171875,2186.429931640625,2186.429931640625,3611500000,^GSPC
2016-11-22,2202.93994140625,2204.800048828125,2194.510009765625,2201.56005859375,3960520000,^GSPC
2016-11-23,2204.719970703125,2204.719970703125,2194.510009765625,2198.550048828125,3419850000,^GSPC
2016-11-25,2213.35009765625,2213.35009765625,2206.27001953125,2206.27001953125,1584590000,^GSPC
2016-11-28,2201.719970703125,2211.139892578125,2200.360107421875,2210.2099609375,3515100000,^GSPC
2016-11-29,2204.659912109375,2210.4599609375,2198.14990234375,2200.760009765625,3709190000,^GSPC
2016-11-30,2198.81005859375,2214.10009765625,2198.81005859375,2204.969970703125,5538400000,^GSPC
2016-12-01,2191.080078125,2202.60009765625,2187.43994140625,2200.169921875,5067470000,^GSPC
2016-12-02,2191.949951171875,2197.949951171875,2188.3701171875,2191.1201171875,3782370000,^GSPC
2016-12-05,2204.7099609375,2209.419921875,2199.969970703125,2200.64990234375,3898530000,^GSPC
2016-12-06,2212.22998046875,2212.780029296875,2202.2099609375,2207.260009765625,3857290000,^GSPC
2016-12-07,2241.35009765625,2241.6298828125,2208.929931640625,2210.719970703125,4504070000,^GSPC
2016-12-08,2246.18994140625,2251.68994140625,2237.570068359375,2241.1298828125,4203270000,^GSPC
2016-12-09,2259.530029296875,2259.800048828125,2249.22998046875,2249.72998046875,3886460000,^GSPC
2016-12-12,2256.9599609375,2264.030029296875,2252.3701171875,2258.830078125,4038850000,^GSPC
2016-12-13,2271.719970703125,2277.530029296875,2263.320068359375,2263.320068359375,3875630000,^GSPC
2016-12-14,2253.280029296875,2276.199951171875,2248.43994140625,2268.35009765625,4409670000,^GSPC
2016-12-15,2262.030029296875,2272.1201171875,2253.77001953125,2253.77001953125,4173360000,^GSPC
2016-12-16,2258.070068359375,2268.050048828125,2254.239990234375,2266.81005859375,5928980000,^GSPC
2016-12-19,2262.530029296875,2267.469970703125,2258.2099609375,2259.239990234375,3252840000,^GSPC
2016-12-20,2270.760009765625,2272.56005859375,2266.139892578125,2266.5,3306250000,^GSPC
2016-12-21,2265.179931640625,2271.22998046875,2265.14990234375,2270.5400390625,2854880000,^GSPC
2016-12-22,2260.9599609375,2263.179931640625,2256.080078125,2262.929931640625,2880670000,^GSPC
2016-12-23,2263.7900390625,2263.7900390625,2258.840087890625,2260.25,2021230000,^GSPC
2016-12-27,2268.8798828125,2273.820068359375,2266.14990234375,2266.22998046875,1989730000,^GSPC
2016-12-28,2249.919921875,2271.31005859375,2249.110107421875,2270.22998046875,2402750000,^GSPC
2016-12-29,2249.260009765625,2254.510009765625,2244.56005859375,2249.5,2338700000,^GSPC
2016-12-30,2238.830078125,2253.580078125,2233.6201171875,2251.610107421875,2671550000,^GSPC
2017-01-03,2257.830078125,2263.8798828125,2245.1298828125,2251.570068359375,3773010000,^GSPC
2017-01-04,2270.75,2272.820068359375,2261.60009765625,2261.60009765625,3768890000,^GSPC
2017-01-05,2269.0,2271.5,2260.449951171875,2268.179931640625,3785080000,^GSPC
2017-01-06,2276.97998046875,2282.10009765625,2264.06005859375,2271.139892578125,3342080000,^GSPC
2017-01-09,2268.89990234375,2275.489990234375,2268.89990234375,2273.590087890625,3219730000,^GSPC
2017-01-10,2268.89990234375,2279.27001953125,2265.27001953125,2269.719970703125,3640560000,^GSPC
2017-01-11,2275.320068359375,2275.320068359375,2260.830078125,2268.60009765625,3625080000,^GSPC
2017-01-12,2270.43994140625,2271.780029296875,2254.25,2271.139892578125,3466220000,^GSPC
2017-01-13,2274.639892578125,2278.679931640625,2271.510009765625,2272.739990234375,3090680000,^GSPC
2017-01-17,2267.889892578125,2272.080078125,2262.81005859375,2269.139892578125,3586950000,^GSPC
2017-01-18,2271.889892578125,2272.010009765625,2263.35009765625,2269.139892578125,3317670000,^GSPC
2017-01-19,2263.68994140625,2274.330078125,2258.409912109375,2271.89990234375,3168390000,^GSPC
2017-01-20,2271.31005859375,2276.9599609375,2265.010009765625,2269.9599609375,3536850000,^GSPC
2017-01-23,2265.199951171875,2271.780029296875,2257.02001953125,2267.780029296875,3155240000,^GSPC
2017-01-24,2280.070068359375,2284.6298828125,2266.679931640625,2267.8798828125,3816950000,^GSPC
2017-01-25,2298.3701171875,2299.550048828125,2288.8798828125,2288.8798828125,3849340000,^GSPC
2017-01-26,2296.679931640625,2300.989990234375,2294.080078125,2298.6298828125,3611510000,^GSPC
2017-01-27,2294.68994140625,2299.02001953125,2291.6201171875,2299.02001953125,3137420000,^GSPC
2017-01-30,2280.89990234375,2286.010009765625,2268.0400390625,2286.010009765625,3595040000,^GSPC
2017-01-31,2278.8701171875,2279.090087890625,2267.2099609375,2274.02001953125,4089730000,^GSPC
2017-02-01,2279.550048828125,2289.139892578125,2272.43994140625,2285.590087890625,3919190000,^GSPC
2017-02-02,2280.85009765625,2283.969970703125,2271.64990234375,2276.68994140625,3809760000,^GSPC
2017-02-03,2297.419921875,2298.31005859375,2287.8798828125,2288.5400390625,3605970000,^GSPC
2017-02-06,2292.56005859375,2296.179931640625,2288.570068359375,2294.280029296875,3112390000,^GSPC
2017-02-07,2293.080078125,2299.39990234375,2290.159912109375,2295.8701171875,3452460000,^GSPC
2017-02-08,2294.669921875,2295.909912109375,2285.3798828125,2289.550048828125,3611950000,^GSPC
2017-02-09,2307.8701171875,2311.080078125,2296.610107421875,2296.699951171875,3681600000,^GSPC
2017-02-10,2316.10009765625,2319.22998046875,2311.10009765625,2312.27001953125,3496600000,^GSPC
2017-02-13,2328.25,2331.580078125,2321.419921875,2321.719970703125,3352370000,^GSPC
2017-02-14,2337.580078125,2337.580078125,2322.169921875,2326.1201171875,3528040000,^GSPC
2017-02-15,2349.25,2351.300048828125,2334.81005859375,2335.580078125,3785870000,^GSPC
2017-02-16,2347.219970703125,2351.31005859375,2338.8701171875,2349.639892578125,3675900000,^GSPC
2017-02-17,2351.159912109375,2351.159912109375,2339.580078125,2343.010009765625,3516830000,^GSPC
2017-02-21,2365.3798828125,2366.7099609375,2354.909912109375,2354.909912109375,3587520000,^GSPC
2017-02-22,2362.820068359375,2365.1298828125,2358.340087890625,2361.110107421875,3473170000,^GSPC
2017-02-23,2363.81005859375,2368.260009765625,2355.090087890625,2367.5,4021770000,^GSPC
2017-02-24,2367.340087890625,2367.340087890625,2352.8701171875,2355.72998046875,3832410000,^GSPC
2017-02-27,2369.75,2371.5400390625,2361.8701171875,2365.22998046875,3584680000,^GSPC
2017-02-28,2363.639892578125,2367.7900390625,2358.9599609375,2366.080078125,4212460000,^GSPC
2017-03-01,2395.9599609375,2400.97998046875,2380.1298828125,2380.1298828125,4347630000,^GSPC
2017-03-02,2381.919921875,2394.75,2380.169921875,2394.75,3824030000,^GSPC
2017-03-03,2383.1201171875,2383.889892578125,2375.389892578125,2380.919921875,3556670000,^GSPC
2017-03-06,2375.31005859375,2378.800048828125,2367.97998046875,2375.22998046875,3251800000,^GSPC
2017-03-07,2368.389892578125,2375.1201171875,2365.510009765625,2370.739990234375,3526300000,^GSPC
2017-03-08,2362.97998046875,2373.090087890625,2361.010009765625,2369.81005859375,3814080000,^GSPC
2017-03-09,2364.8701171875,2369.080078125,2354.5400390625,2363.489990234375,3718450000,^GSPC
2017-03-10,2372.60009765625,2376.860107421875,2363.0400390625,2372.52001953125,3434400000,^GSPC
2017-03-13,2373.469970703125,2374.419921875,2368.52001953125,2371.56005859375,3166650000,^GSPC
2017-03-14,2365.449951171875,2368.550048828125,2358.179931640625,2368.550048828125,3173760000,^GSPC
2017-03-15,2385.260009765625,2390.010009765625,2368.93994140625,2370.340087890625,3909490000,^GSPC
2017-03-16,2381.3798828125,2388.10009765625,2377.179931640625,2387.7099609375,3368880000,^GSPC
2017-03-17,2378.25,2385.7099609375,2377.639892578125,2383.7099609375,5179820000,^GSPC
2017-03-20,2373.469970703125,2379.550048828125,2369.659912109375,2378.239990234375,3061560000,^GSPC
2017-03-21,2344.02001953125,2381.929931640625,2341.89990234375,2379.320068359375,4278890000,^GSPC
2017-03-22,2348.449951171875,2351.81005859375,2336.449951171875,2343.0,3575160000,^GSPC
2017-03-23,2345.9599609375,2358.919921875,2342.1298828125,2345.969970703125,3262400000,^GSPC
2017-03-24,2343.97998046875,2356.219970703125,2335.739990234375,2350.419921875,2978530000,^GSPC
2017-03-27,2341.590087890625,2344.89990234375,2322.25,2329.110107421875,3242300000,^GSPC
2017-03-28,2358.570068359375,2363.780029296875,2337.6298828125,2339.7900390625,3369120000,^GSPC
2017-03-29,2361.1298828125,2363.360107421875,2352.93994140625,2356.5400390625,3107670000,^GSPC
2017-03-30,2368.06005859375,2370.419921875,2358.580078125,2361.31005859375,3159680000,^GSPC
2017-03-31,2362.719970703125,2370.35009765625,2362.60009765625,2364.820068359375,3356740000,^GSPC
2017-04-03,2358.840087890625,2365.8701171875,2344.72998046875,2362.340087890625,3418730000,^GSPC
2017-04-04,2360.159912109375,2360.530029296875,2350.719970703125,2354.760009765625,3208340000,^GSPC
2017-04-05,2352.949951171875,2378.360107421875,2350.52001953125,2366.590087890625,3780650000,^GSPC
2017-04-06,2357.489990234375,2364.159912109375,2348.89990234375,2353.7900390625,3203250000,^GSPC
2017-04-07,2355.5400390625,2363.760009765625,2350.739990234375,2356.590087890625,3054700000,^GSPC
2017-04-10,2357.159912109375,2366.3701171875,2351.5,2357.159912109375,2792570000,^GSPC
2017-04-11,2353.780029296875,2355.219970703125,2337.25,2353.919921875,3120900000,^GSPC
2017-04-12,2344.929931640625,2352.719970703125,2341.179931640625,2352.14990234375,3201300000,^GSPC
2017-04-13,2328.949951171875,2348.260009765625,2328.949951171875,2341.97998046875,3146380000,^GSPC
2017-04-17,2349.010009765625,2349.139892578125,2332.510009765625,2332.6201171875,2826890000,^GSPC
2017-04-18,2342.18994140625,2348.35009765625,2334.5400390625,2342.530029296875,3272210000,^GSPC
2017-04-19,2338.169921875,2352.6298828125,2335.050048828125,2346.7900390625,3521160000,^GSPC
2017-04-20,2355.840087890625,2361.3701171875,2340.909912109375,2342.68994140625,3648990000,^GSPC
2017-04-21,2348.68994140625,2356.179931640625,2344.510009765625,2354.739990234375,3524160000,^GSPC
2017-04-24,2374.14990234375,2376.97998046875,2369.18994140625,2370.330078125,3711170000,^GSPC
2017-04-25,2388.610107421875,2392.47998046875,2381.14990234375,2381.510009765625,4005820000,^GSPC
2017-04-26,2387.449951171875,2398.159912109375,2386.780029296875,2388.97998046875,4111350000,^GSPC
2017-04-27,2388.77001953125,2392.10009765625,2382.679931640625,2389.699951171875,4099940000,^GSPC
2017-04-28,2384.199951171875,2393.679931640625,2382.360107421875,2393.679931640625,3721350000,^GSPC
2017-05-01,2388.330078125,2394.489990234375,2384.830078125,2388.5,3201500000,^GSPC
2017-05-02,2391.169921875,2392.929931640625,2385.820068359375,2391.050048828125,3861360000,^GSPC
2017-05-03,2388.1298828125,2389.820068359375,2379.75,2386.5,3896760000,^GSPC
2017-05-04,2389.52001953125,2391.429931640625,2380.35009765625,2389.7900390625,4367860000,^GSPC
2017-05-05,2399.2900390625,2399.2900390625,2389.3798828125,2392.3701171875,3543240000,^GSPC
2017-05-08,2399.3798828125,2401.360107421875,2393.919921875,2399.93994140625,3429990000,^GSPC
2017-05-09,2396.919921875,2403.8701171875,2392.43994140625,2401.580078125,3657840000,^GSPC
2017-05-10,2399.6298828125,2399.739990234375,2392.7900390625,2396.7900390625,3649370000,^GSPC
2017-05-11,2394.43994140625,2395.719970703125,2381.739990234375,2394.840087890625,3727710000,^GSPC
2017-05-12,2390.89990234375,2392.43994140625,2387.18994140625,2392.43994140625,3304620000,^GSPC
2017-05-15,2402.320068359375,2404.050048828125,2393.93994140625,2393.97998046875,3490080000,^GSPC
2017-05-16,2400.669921875,2405.77001953125,2396.050048828125,2404.550048828125,3421810000,^GSPC
2017-05-17,2357.030029296875,2384.8701171875,2356.2099609375,2382.949951171875,4164760000,^GSPC
2017-05-18,2365.719970703125,2375.739990234375,2352.719970703125,2354.68994140625,4319440000,^GSPC
2017-05-19,2381.72998046875,2389.06005859375,2370.429931640625,2371.3701171875,3831700000,^GSPC
2017-05-22,2394.02001953125,2395.4599609375,2386.919921875,2387.2099609375,3176580000,^GSPC
2017-05-23,2398.419921875,2400.85009765625,2393.8798828125,2397.0400390625,3216560000,^GSPC
2017-05-24,2404.389892578125,2405.580078125,2397.989990234375,2401.409912109375,3389240000,^GSPC
2017-05-25,2415.070068359375,2418.7099609375,2408.010009765625,2409.5400390625,3538210000,^GSPC
2017-05-26,2415.820068359375,2416.679931640625,2412.199951171875,2414.5,2806930000,^GSPC
2017-05-30,2412.909912109375,2415.260009765625,2409.429931640625,2411.669921875,3205860000,^GSPC
2017-05-31,2411.800048828125,2415.989990234375,2403.590087890625,2415.6298828125,4518040000,^GSPC
2017-06-01,2430.06005859375,2430.06005859375,2413.5400390625,2415.64990234375,3860620000,^GSPC
2017-06-02,2439.070068359375,2440.22998046875,2427.7099609375,2431.280029296875,3465500000,^GSPC
2017-06-05,2436.10009765625,2439.550048828125,2434.320068359375,2437.830078125,2916720000,^GSPC
2017-06-06,2429.330078125,2436.2099609375,2428.1201171875,2431.919921875,3376750000,^GSPC
2017-06-07,2433.139892578125,2435.280029296875,2424.75,2432.030029296875,3576220000,^GSPC
2017-06-08,2433.7900390625,2439.27001953125,2427.93994140625,2434.27001953125,3735980000,^GSPC
2017-06-09,2431.77001953125,2446.199951171875,2415.699951171875,2436.389892578125,4029860000,^GSPC
2017-06-12,2429.389892578125,2430.3798828125,2419.969970703125,2425.8798828125,4031840000,^GSPC
2017-06-13,2440.35009765625,2441.489990234375,2431.280029296875,2434.14990234375,3278240000,^GSPC
2017-06-14,2437.919921875,2443.75,2428.340087890625,2443.75,3558640000,^GSPC
2017-06-15,2432.4599609375,2433.949951171875,2418.530029296875,2424.139892578125,3371980000,^GSPC
2017-06-16,2433.14990234375,2433.14990234375,2422.8798828125,2431.239990234375,5299380000,^GSPC
2017-06-19,2453.4599609375,2453.820068359375,2441.7900390625,2442.550048828125,3271480000,^GSPC
2017-06-20,2437.030029296875,2450.659912109375,2436.60009765625,2450.659912109375,3422700000,^GSPC
2017-06-21,2435.610107421875,2442.22998046875,2430.739990234375,2439.31005859375,3599190000,^GSPC
2017-06-22,2434.5,2441.6201171875,2433.27001953125,2437.39990234375,3477250000,^GSPC
2017-06-23,2438.300048828125,2441.39990234375,2431.110107421875,2434.64990234375,5282460000,^GSPC
2017-06-26,2439.070068359375,2450.419921875,2437.030029296875,2443.320068359375,3243660000,^GSPC
2017-06-27,2419.3798828125,2440.14990234375,2419.3798828125,2436.340087890625,3564770000,^GSPC
2017-06-28,2440.68994140625,2442.969970703125,2428.02001953125,2428.699951171875,3479980000,^GSPC
2017-06-29,2419.699951171875,2442.72998046875,2405.699951171875,2442.3798828125,3869560000,^GSPC
2017-06-30,2423.409912109375,2432.7099609375,2421.64990234375,2429.199951171875,3366030000,^GSPC
2017-07-03,2429.010009765625,2439.169921875,2428.68994140625,2431.389892578125,1901480000,^GSPC
2017-07-05,2432.5400390625,2434.89990234375,2422.050048828125,2430.780029296875,3368150000,^GSPC
2017-07-06,2409.75,2424.280029296875,2407.699951171875,2423.43994140625,3368710000,^GSPC
2017-07-07,2425.179931640625,2426.919921875,2413.52001953125,2413.52001953125,2929390000,^GSPC
2017-07-10,2427.429931640625,2432.0,2422.27001953125,2424.510009765625,3009880000,^GSPC
2017-07-11,2425.530029296875,2429.300048828125,2412.7900390625,2427.35009765625,3108800000,^GSPC
2017-07-12,2443.25,2445.760009765625,2435.75,2435.75,3176900000,^GSPC
2017-07-13,2447.830078125,2449.320068359375,2441.68994140625,2444.989990234375,3068510000,^GSPC
2017-07-14,2459.27001953125,2463.5400390625,2446.68994140625,2449.159912109375,2738460000,^GSPC
2017-07-17,2459.139892578125,2462.820068359375,2457.159912109375,2459.5,2800580000,^GSPC
2017-07-18,2460.610107421875,2460.919921875,2450.340087890625,2455.8798828125,2974090000,^GSPC
2017-07-19,2473.830078125,2473.830078125,2463.85009765625,2463.85009765625,3063810000,^GSPC
2017-07-20,2473.449951171875,2477.6201171875,2468.429931640625,2475.56005859375,3223820000,^GSPC
2017-07-21,2472.5400390625,2472.5400390625,2465.06005859375,2467.39990234375,3066880000,^GSPC
2017-07-24,2469.909912109375,2473.10009765625,2466.320068359375,2472.0400390625,3019920000,^GSPC
2017-07-25,2477.1298828125,2481.239990234375,2474.909912109375,2477.8798828125,4116360000,^GSPC
2017-07-26,2477.830078125,2481.68994140625,2474.93994140625,2479.969970703125,3597830000,^GSPC
2017-07-27,2475.419921875,2484.0400390625,2459.929931640625,2482.760009765625,4035740000,^GSPC
2017-07-28,2472.10009765625,2473.530029296875,2464.659912109375,2469.1201171875,3302850000,^GSPC
2017-07-31,2470.300048828125,2477.9599609375,2468.530029296875,2475.93994140625,3475930000,^GSPC
2017-08-01,2476.35009765625,2478.510009765625,2471.139892578125,2477.10009765625,3470260000,^GSPC
2017-08-02,2477.570068359375,2480.3798828125,2466.47998046875,2480.3798828125,3487150000,^GSPC
2017-08-03,2472.159912109375,2476.030029296875,2468.85009765625,2476.030029296875,3662410000,^GSPC
2017-08-04,2476.830078125,2480.0,2472.080078125,2476.8798828125,3239980000,^GSPC
2017-08-07,2480.909912109375,2480.949951171875,2475.8798828125,2477.139892578125,2935130000,^GSPC
2017-08-08,2474.919921875,2490.8701171875,2470.320068359375,2478.35009765625,3347480000,^GSPC
2017-08-09,2474.02001953125,2474.409912109375,2462.080078125,2465.35009765625,3310960000,^GSPC
2017-08-10,2438.2099609375,2465.3798828125,2437.75,2465.3798828125,3635820000,^GSPC
2017-08-11,2441.320068359375,2448.090087890625,2437.85009765625,2441.0400390625,3161830000,^GSPC
2017-08-14,2465.840087890625,2468.219970703125,2454.9599609375,2454.9599609375,2824320000,^GSPC
2017-08-15,2464.610107421875,2468.89990234375,2461.610107421875,2468.659912109375,2922430000,^GSPC
2017-08-16,2468.110107421875,2474.929931640625,2463.860107421875,2468.6298828125,2956570000,^GSPC
2017-08-17,2430.010009765625,2465.02001953125,2430.010009765625,2462.949951171875,3164950000,^GSPC
2017-08-18,2425.550048828125,2440.27001953125,2420.68994140625,2427.639892578125,3426970000,^GSPC
2017-08-21,2428.3701171875,2430.580078125,2417.35009765625,2425.5,2803650000,^GSPC
2017-08-22,2452.510009765625,2454.77001953125,2433.669921875,2433.75,2780990000,^GSPC
2017-08-23,2444.0400390625,2448.909912109375,2441.419921875,2444.8798828125,2796950000,^GSPC
2017-08-24,2438.969970703125,2450.389892578125,2436.18994140625,2447.909912109375,2849680000,^GSPC
2017-08-25,2443.050048828125,2453.9599609375,2442.219970703125,2444.719970703125,2593350000,^GSPC
2017-08-28,2444.239990234375,2449.1201171875,2439.030029296875,2447.35009765625,2682920000,^GSPC
2017-08-29,2446.300048828125,2449.18994140625,2428.199951171875,2431.93994140625,2739460000,^GSPC
2017-08-30,2457.590087890625,2460.31005859375,2443.77001953125,2446.06005859375,2637780000,^GSPC
2017-08-31,2471.64990234375,2475.010009765625,2462.64990234375,2462.64990234375,3353860000,^GSPC
2017-09-01,2476.550048828125,2480.3798828125,2473.85009765625,2474.419921875,2712780000,^GSPC
2017-09-05,2457.85009765625,2471.969970703125,2446.550048828125,2470.35009765625,3502190000,^GSPC
2017-09-06,2465.5400390625,2469.639892578125,2459.199951171875,2463.830078125,3400200000,^GSPC
2017-09-07,2465.10009765625,2468.6201171875,2460.2900390625,2468.06005859375,3365780000,^GSPC
2017-09-08,2461.429931640625,2467.110107421875,2459.39990234375,2462.25,3308360000,^GSPC
2017-09-11,2488.110107421875,2488.949951171875,2474.52001953125,2474.52001953125,3293460000,^GSPC
2017-09-12,2496.47998046875,2496.77001953125,2490.3701171875,2491.93994140625,3234280000,^GSPC
2017-09-13,2498.3701171875,2498.3701171875,2492.139892578125,2493.889892578125,3371370000,^GSPC
2017-09-14,2495.6201171875,2498.429931640625,2491.35009765625,2494.56005859375,3422470000,^GSPC
2017-09-15,2500.22998046875,2500.22998046875,2493.159912109375,2495.669921875,4862970000,^GSPC
2017-09-18,2503.8701171875,2508.320068359375,2499.919921875,2502.510009765625,3204700000,^GSPC
2017-09-19,2506.64990234375,2507.840087890625,2503.18994140625,2506.2900390625,3253760000,^GSPC
2017-09-20,2508.239990234375,2508.85009765625,2496.669921875,2506.840087890625,3584570000,^GSPC
2017-09-21,2500.60009765625,2507.159912109375,2499.0,2507.159912109375,2965590000,^GSPC
2017-09-22,2502.219970703125,2503.469970703125,2496.5400390625,2497.260009765625,2877980000,^GSPC
2017-09-25,2496.659912109375,2502.5400390625,2488.030029296875,2499.389892578125,3314530000,^GSPC
2017-09-26,2496.840087890625,2503.510009765625,2495.1201171875,2501.0400390625,3070770000,^GSPC
2017-09-27,2507.0400390625,2511.75,2495.909912109375,2503.300048828125,3485070000,^GSPC
2017-09-28,2510.06005859375,2510.81005859375,2502.929931640625,2503.409912109375,3173030000,^GSPC
2017-09-29,2519.360107421875,2519.43994140625,2507.989990234375,2509.9599609375,3220260000,^GSPC
2017-10-02,2529.1201171875,2529.22998046875,2520.39990234375,2521.199951171875,3226370000,^GSPC
2017-10-03,2534.580078125,2535.1298828125,2528.85009765625,2530.340087890625,3073480000,^GSPC
2017-10-04,2537.739990234375,2540.530029296875,2531.800048828125,2533.47998046875,3020770000,^GSPC
2017-10-05,2552.070068359375,2552.510009765625,2540.02001953125,2540.860107421875,3059730000,^GSPC
2017-10-06,2549.330078125,2549.409912109375,2543.7900390625,2547.43994140625,2898270000,^GSPC
2017-10-09,2544.72998046875,2551.820068359375,2541.60009765625,2551.389892578125,2486940000,^GSPC
2017-10-10,2550.639892578125,2555.22998046875,2544.860107421875,2549.989990234375,2962610000,^GSPC
2017-10-11,2555.239990234375,2555.239990234375,2547.949951171875,2550.6201171875,2991320000,^GSPC
2017-10-12,2550.929931640625,2555.330078125,2548.31005859375,2552.8798828125,3157280000,^GSPC
2017-10-13,2553.169921875,2557.64990234375,2552.090087890625,2555.659912109375,3150470000,^GSPC
2017-10-16,2557.639892578125,2559.469970703125,2552.639892578125,2555.570068359375,2918030000,^GSPC
2017-10-17,2559.360107421875,2559.7099609375,2554.68994140625,2557.169921875,2901890000,^GSPC
2017-10-18,2561.260009765625,2564.110107421875,2559.669921875,2562.8701171875,2999320000,^GSPC
2017-10-19,2562.10009765625,2562.360107421875,2547.919921875,2553.389892578125,3019520000,^GSPC
2017-10-20,2575.2099609375,2575.43994140625,2567.56005859375,2567.56005859375,3394450000,^GSPC
2017-10-23,2564.97998046875,2578.2900390625,2564.330078125,2578.080078125,3214470000,^GSPC
2017-10-24,2569.1298828125,2572.179931640625,2565.580078125,2568.659912109375,3435660000,^GSPC
2017-10-25,2557.14990234375,2567.39990234375,2544.0,2566.52001953125,3885470000,^GSPC
2017-10-26,2560.39990234375,2567.070068359375,2559.800048828125,2560.080078125,3891750000,^GSPC
2017-10-27,2581.070068359375,2582.97998046875,2565.93994140625,2570.260009765625,3896100000,^GSPC
2017-10-30,2572.830078125,2580.030029296875,2568.25,2577.75,3660230000,^GSPC
2017-10-31,2575.260009765625,2578.2900390625,2572.14990234375,2575.989990234375,3844420000,^GSPC
2017-11-01,2579.360107421875,2588.39990234375,2574.919921875,2583.2099609375,3841200000,^GSPC
2017-11-02,2579.85009765625,2581.110107421875,2566.169921875,2579.4599609375,4050140000,^GSPC
2017-11-03,2587.840087890625,2588.419921875,2576.77001953125,2581.929931640625,3568710000,^GSPC
2017-11-06,2591.1298828125,2593.3798828125,2585.659912109375,2587.469970703125,3541970000,^GSPC
2017-11-07,2590.639892578125,2597.02001953125,2584.35009765625,2592.110107421875,3815190000,^GSPC
2017-11-08,2594.3798828125,2595.469970703125,2585.02001953125,2588.7099609375,3898450000,^GSPC
2017-11-09,2584.6201171875,2586.5,2566.330078125,2584.0,3844100000,^GSPC
2017-11-10,2582.300048828125,2583.81005859375,2575.570068359375,2580.179931640625,3489740000,^GSPC
2017-11-13,2584.840087890625,2587.659912109375,2574.47998046875,2576.530029296875,3405200000,^GSPC
2017-11-14,2578.8701171875,2579.659912109375,2566.56005859375,2577.75,3643580000,^GSPC
2017-11-15,2564.6201171875,2572.840087890625,2557.449951171875,2569.449951171875,3586590000,^GSPC
2017-11-16,2585.639892578125,2590.090087890625,2572.949951171875,2572.949951171875,3329730000,^GSPC
2017-11-17,2578.85009765625,2583.9599609375,2577.6201171875,2582.93994140625,3309800000,^GSPC
2017-11-20,2582.139892578125,2584.639892578125,2578.239990234375,2579.489990234375,3023940000,^GSPC
2017-11-21,2599.030029296875,2601.18994140625,2589.169921875,2589.169921875,3351230000,^GSPC
2017-11-22,2597.080078125,2600.93994140625,2595.22998046875,2600.31005859375,2764110000,^GSPC
2017-11-24,2602.419921875,2604.2099609375,2600.419921875,2600.419921875,1385890000,^GSPC
2017-11-27,2601.419921875,2606.409912109375,2598.8701171875,2602.659912109375,3017720000,^GSPC
2017-11-28,2627.0400390625,2627.68994140625,2605.43994140625,2605.93994140625,3493340000,^GSPC
2017-11-29,2626.070068359375,2634.889892578125,2620.320068359375,2627.820068359375,4090630000,^GSPC
2017-11-30,2647.580078125,2657.739990234375,2633.929931640625,2633.929931640625,4965700000,^GSPC
2017-12-01,2642.219970703125,2650.6201171875,2605.52001953125,2645.10009765625,3950930000,^GSPC
2017-12-04,2639.43994140625,2665.18994140625,2639.030029296875,2657.18994140625,4025840000,^GSPC
2017-12-05,2629.570068359375,2648.719970703125,2627.72998046875,2639.780029296875,3547570000,^GSPC
2017-12-06,2629.27001953125,2634.409912109375,2624.75,2626.239990234375,3253080000,^GSPC
2017-12-07,2636.97998046875,2640.989990234375,2626.530029296875,2628.3798828125,3297060000,^GSPC
2017-12-08,2651.5,2651.64990234375,2644.10009765625,2646.2099609375,3126750000,^GSPC
2017-12-11,2659.989990234375,2660.330078125,2651.469970703125,2652.18994140625,3141480000,^GSPC
2017-12-12,2664.110107421875,2669.719970703125,2659.780029296875,2661.72998046875,3568910000,^GSPC
2017-12-13,2662.85009765625,2671.8798828125,2662.85009765625,2667.590087890625,3568360000,^GSPC
2017-12-14,2652.010009765625,2668.090087890625,2652.010009765625,2665.8701171875,3442760000,^GSPC
2017-12-15,2675.81005859375,2679.6298828125,2659.139892578125,2660.6298828125,5736910000,^GSPC
2017-12-18,2690.159912109375,2694.969970703125,2685.919921875,2685.919921875,3727770000,^GSPC
2017-12-19,2681.469970703125,2694.43994140625,2680.739990234375,2692.7099609375,3407680000,^GSPC
2017-12-20,2679.25,2691.010009765625,2676.110107421875,2688.179931640625,3246230000,^GSPC
2017-12-21,2684.570068359375,2692.639892578125,2682.39990234375,2683.02001953125,3293130000,^GSPC
2017-12-22,2683.340087890625,2685.35009765625,2678.1298828125,2684.219970703125,2401030000,^GSPC
2017-12-26,2680.5,2682.739990234375,2677.9599609375,2679.090087890625,1970660000,^GSPC
2017-12-27,2682.6201171875,2685.639892578125,2678.909912109375,2682.10009765625,2202900000,^GSPC
2017-12-28,2687.5400390625,2687.659912109375,2682.68994140625,2686.10009765625,2174890000,^GSPC
2017-12-29,2673.610107421875,2692.1201171875,2673.610107421875,2689.14990234375,2447760000,^GSPC
2018-01-02,2695.81005859375,2695.889892578125,2682.360107421875,2683.72998046875,3397430000,^GSPC
2018-01-03,2713.06005859375,2714.3701171875,2697.77001953125,2697.85009765625,3544030000,^GSPC
2018-01-04,2723.989990234375,2729.2900390625,2719.070068359375,2719.31005859375,3697340000,^GSPC
2018-01-05,2743.14990234375,2743.449951171875,2727.919921875,2731.330078125,3239280000,^GSPC
2018-01-08,2747.7099609375,2748.510009765625,2737.60009765625,2742.669921875,3246160000,^GSPC
2018-01-09,2751.2900390625,2759.139892578125,2747.860107421875,2751.14990234375,3467460000,^GSPC
2018-01-10,2748.22998046875,2750.800048828125,2736.06005859375,2745.550048828125,3579900000,^GSPC
2018-01-11,2767.56005859375,2767.56005859375,2752.780029296875,2752.969970703125,3645690000,^GSPC
2018-01-12,2786.239990234375,2787.85009765625,2769.639892578125,2770.179931640625,3587220000,^GSPC
2018-01-16,2776.419921875,2807.5400390625,2768.639892578125,2798.9599609375,4362880000,^GSPC
2018-01-17,2802.56005859375,2807.0400390625,2778.3798828125,2784.989990234375,3790340000,^GSPC
2018-01-18,2798.030029296875,2805.830078125,2792.56005859375,2802.39990234375,3703300000,^GSPC
2018-01-19,2810.300048828125,2810.330078125,2798.080078125,2802.60009765625,3724230000,^GSPC
2018-01-22,2832.969970703125,2833.030029296875,2808.1201171875,2809.159912109375,3489480000,^GSPC
2018-01-23,2839.1298828125,2842.239990234375,2830.590087890625,2835.050048828125,3541140000,^GSPC
2018-01-24,2837.5400390625,2852.969970703125,2824.81005859375,2845.419921875,4079270000,^GSPC
2018-01-25,2839.25,2848.56005859375,2830.93994140625,2846.239990234375,3873100000,^GSPC
2018-01-26,2872.8701171875,2872.8701171875,2846.179931640625,2847.47998046875,3474680000,^GSPC
2018-01-29,2853.530029296875,2870.6201171875,2851.47998046875,2867.22998046875,3587420000,^GSPC
2018-01-30,2822.429931640625,2837.75,2818.27001953125,2832.739990234375,4012070000,^GSPC
2018-01-31,2823.81005859375,2839.260009765625,2813.0400390625,2832.409912109375,4276270000,^GSPC
2018-02-01,2821.97998046875,2835.9599609375,2812.699951171875,2816.449951171875,3977380000,^GSPC
2018-02-02,2762.1298828125,2808.919921875,2759.969970703125,2808.919921875,4340220000,^GSPC
2018-02-05,2648.93994140625,2763.389892578125,2638.169921875,2741.06005859375,5310840000,^GSPC
2018-02-06,2695.139892578125,2701.0400390625,2593.070068359375,2614.780029296875,5917350000,^GSPC
2018-02-07,2681.659912109375,2727.669921875,2681.330078125,2690.949951171875,4646300000,^GSPC
2018-02-08,2581.0,2685.27001953125,2580.56005859375,2685.010009765625,5333840000,^GSPC
2018-02-09,2619.550048828125,2638.669921875,2532.68994140625,2601.780029296875,5690110000,^GSPC
2018-02-12,2656.0,2672.610107421875,2622.449951171875,2636.75,4069220000,^GSPC
2018-02-13,2662.93994140625,2668.840087890625,2637.080078125,2646.27001953125,3503540000,^GSPC
2018-02-14,2698.6298828125,2702.10009765625,2648.8701171875,2651.2099609375,4011940000,^GSPC
2018-02-15,2731.199951171875,2731.510009765625,2689.820068359375,2713.4599609375,3696140000,^GSPC
2018-02-16,2732.219970703125,2754.419921875,2725.110107421875,2727.139892578125,3646920000,^GSPC
2018-02-20,2716.260009765625,2737.60009765625,2706.760009765625,2722.989990234375,3646920000,^GSPC
2018-02-21,2701.330078125,2747.75,2701.2900390625,2720.530029296875,3789040000,^GSPC
2018-02-22,2703.9599609375,2731.260009765625,2697.77001953125,2710.419921875,3720620000,^GSPC
2018-02-23,2747.300048828125,2747.760009765625,2713.739990234375,2715.800048828125,3200360000,^GSPC
2018-02-26,2779.60009765625,2780.639892578125,2753.780029296875,2757.3701171875,3436590000,^GSPC
2018-02-27,2744.280029296875,2789.14990234375,2744.219970703125,2780.449951171875,3752070000,^GSPC
2018-02-28,2713.830078125,2761.52001953125,2713.5400390625,2753.780029296875,4244570000,^GSPC
2018-03-01,2677.669921875,2730.889892578125,2659.64990234375,2715.219970703125,4514490000,^GSPC
2018-03-02,2691.25,2696.25,2647.320068359375,2658.889892578125,3891250000,^GSPC
2018-03-05,2720.93994140625,2728.090087890625,2675.75,2681.06005859375,3733640000,^GSPC
2018-03-06,2728.1201171875,2732.080078125,2711.260009765625,2730.179931640625,3389030000,^GSPC
2018-03-07,2726.800048828125,2730.60009765625,2701.739990234375,2710.179931640625,3406690000,^GSPC
2018-03-08,2738.969970703125,2740.449951171875,2722.64990234375,2732.75,3206040000,^GSPC
2018-03-09,2786.570068359375,2786.570068359375,2751.5400390625,2752.909912109375,3376870000,^GSPC
2018-03-12,2783.02001953125,2796.97998046875,2779.260009765625,2790.5400390625,3216960000,^GSPC
2018-03-13,2765.31005859375,2801.89990234375,2758.679931640625,2792.31005859375,3324290000,^GSPC
2018-03-14,2749.47998046875,2777.110107421875,2744.3798828125,2774.06005859375,3394630000,^GSPC
2018-03-15,2747.330078125,2763.030029296875,2741.469970703125,2754.27001953125,3543710000,^GSPC
2018-03-16,2752.010009765625,2761.85009765625,2749.969970703125,2750.570068359375,5429140000,^GSPC
2018-03-19,2712.919921875,2741.3798828125,2694.590087890625,2741.3798828125,3327460000,^GSPC
2018-03-20,2716.93994140625,2724.219970703125,2710.050048828125,2715.050048828125,3272590000,^GSPC
2018-03-21,2711.929931640625,2739.139892578125,2709.7900390625,2714.989990234375,3434780000,^GSPC
2018-03-22,2643.68994140625,2695.679931640625,2641.590087890625,2691.360107421875,3765460000,^GSPC
2018-03-23,2588.260009765625,2657.669921875,2585.889892578125,2646.7099609375,3829380000,^GSPC
2018-03-26,2658.550048828125,2661.360107421875,2601.81005859375,2619.35009765625,3538080000,^GSPC
2018-03-27,2612.6201171875,2674.780029296875,2596.1201171875,2667.570068359375,3761320000,^GSPC
2018-03-28,2605.0,2632.64990234375,2593.06005859375,2611.300048828125,3875720000,^GSPC
2018-03-29,2640.8701171875,2659.070068359375,2609.719970703125,2614.409912109375,3572360000,^GSPC
2018-04-02,2581.8798828125,2638.300048828125,2553.800048828125,2633.449951171875,3635780000,^GSPC
2018-04-03,2614.449951171875,2619.139892578125,2575.489990234375,2592.169921875,3395840000,^GSPC
2018-04-04,2644.68994140625,2649.860107421875,2573.610107421875,2584.0400390625,3369230000,^GSPC
2018-04-05,2662.840087890625,2672.080078125,2649.580078125,2657.360107421875,3230430000,^GSPC
2018-04-06,2604.469970703125,2656.8798828125,2586.27001953125,2645.820068359375,3312390000,^GSPC
2018-04-09,2613.159912109375,2653.550048828125,2610.7900390625,2617.179931640625,3076140000,^GSPC
2018-04-10,2656.8701171875,2665.449951171875,2635.780029296875,2638.409912109375,3579130000,^GSPC
2018-04-11,2642.18994140625,2661.429931640625,2639.25,2643.889892578125,3054520000,^GSPC
2018-04-12,2663.989990234375,2674.719970703125,2653.830078125,2653.830078125,3045330000,^GSPC
2018-04-13,2656.300048828125,2680.260009765625,2645.050048828125,2676.89990234375,2988540000,^GSPC
2018-04-16,2677.840087890625,2686.489990234375,2665.159912109375,2670.10009765625,3020740000,^GSPC
2018-04-17,2706.389892578125,2713.340087890625,2692.050048828125,2692.739990234375,3286190000,^GSPC
2018-04-18,2708.639892578125,2717.489990234375,2703.6298828125,2710.110107421875,3412030000,^GSPC
2018-04-19,2693.1298828125,2702.840087890625,2681.89990234375,2701.159912109375,3375120000,^GSPC
2018-04-20,2670.139892578125,2693.93994140625,2660.610107421875,2692.56005859375,3428260000,^GSPC
2018-04-23,2670.2900390625,2682.860107421875,2657.989990234375,2675.39990234375,3030390000,^GSPC
2018-04-24,2634.56005859375,2683.550048828125,2617.320068359375,2680.800048828125,3716020000,^GSPC
2018-04-25,2639.39990234375,2645.300048828125,2612.669921875,2634.919921875,3563680000,^GSPC
2018-04-26,2666.93994140625,2676.47998046875,2647.159912109375,2651.64990234375,3690920000,^GSPC
2018-04-27,2669.909912109375,2677.35009765625,2659.010009765625,2675.469970703125,3234510000,^GSPC
2018-04-30,2648.050048828125,2682.8701171875,2648.0400390625,2682.510009765625,3749510000,^GSPC
2018-05-01,2654.800048828125,2655.27001953125,2625.409912109375,2642.9599609375,3562820000,^GSPC
2018-05-02,2635.669921875,2660.8701171875,2631.699951171875,2654.239990234375,4047020000,^GSPC
2018-05-03,2629.72998046875,2637.139892578125,2594.6201171875,2628.080078125,3867530000,^GSPC
2018-05-04,2663.419921875,2670.929931640625,2615.320068359375,2621.449951171875,3335260000,^GSPC
2018-05-07,2672.6298828125,2683.35009765625,2664.699951171875,2680.340087890625,3266810000,^GSPC
2018-05-08,2671.919921875,2676.340087890625,2655.199951171875,2670.260009765625,3745100000,^GSPC
2018-05-09,2697.7900390625,2701.27001953125,2674.139892578125,2678.1201171875,3913650000,^GSPC
2018-05-10,2723.070068359375,2726.110107421875,2704.5400390625,2705.02001953125,3380640000,^GSPC
2018-05-11,2727.719970703125,2732.860107421875,2717.449951171875,2722.699951171875,2874850000,^GSPC
2018-05-14,2730.1298828125,2742.10009765625,2725.469970703125,2738.469970703125,2994360000,^GSPC
2018-05-15,2711.449951171875,2718.590087890625,2701.909912109375,2718.590087890625,3291190000,^GSPC
2018-05-16,2722.4599609375,2727.760009765625,2712.169921875,2712.6201171875,3248480000,^GSPC
2018-05-17,2720.1298828125,2731.9599609375,2711.360107421875,2719.7099609375,3478150000,^GSPC
2018-05-18,2712.969970703125,2719.5,2709.179931640625,2717.35009765625,3383270000,^GSPC
2018-05-21,2733.010009765625,2739.18994140625,2725.699951171875,2735.389892578125,3053480000,^GSPC
2018-05-22,2724.43994140625,2742.239990234375,2721.8798828125,2738.340087890625,3384140000,^GSPC
2018-05-23,2733.2900390625,2733.330078125,2709.5400390625,2713.97998046875,3333160000,^GSPC
2018-05-24,2727.760009765625,2731.969970703125,2707.3798828125,2730.93994140625,3285750000,^GSPC
2018-05-25,2721.330078125,2727.360107421875,2714.989990234375,2723.60009765625,3015260000,^GSPC
2018-05-29,2689.860107421875,2710.669921875,2676.81005859375,2705.110107421875,3743310000,^GSPC
2018-05-30,2724.010009765625,2729.340087890625,2702.429931640625,2702.429931640625,3566490000,^GSPC
2018-05-31,2705.27001953125,2722.5,2700.679931640625,2720.97998046875,4241100000,^GSPC
2018-06-01,2734.6201171875,2736.929931640625,2718.699951171875,2718.699951171875,3694310000,^GSPC
2018-06-04,2746.8701171875,2749.159912109375,2740.5400390625,2741.669921875,3410090000,^GSPC
2018-06-05,2748.800048828125,2752.610107421875,2739.510009765625,2748.4599609375,3523550000,^GSPC
2018-06-06,2772.35009765625,2772.389892578125,2748.4599609375,2753.25,3662780000,^GSPC
2018-06-07,2770.3701171875,2779.89990234375,2760.159912109375,2774.840087890625,3742080000,^GSPC
2018-06-08,2779.030029296875,2779.389892578125,2763.590087890625,2765.840087890625,3138850000,^GSPC
2018-06-11,2782.0,2790.2099609375,2780.169921875,2780.179931640625,3262130000,^GSPC
2018-06-12,2786.85009765625,2789.800048828125,2778.780029296875,2785.60009765625,3435700000,^GSPC
2018-06-13,2775.6298828125,2791.469970703125,2774.64990234375,2787.93994140625,3820770000,^GSPC
2018-06-14,2782.489990234375,2789.06005859375,2776.52001953125,2783.2099609375,3540930000,^GSPC
2018-06-15,2779.659912109375,2782.81005859375,2761.72998046875,2777.780029296875,5451990000,^GSPC
2018-06-18,2773.75,2774.989990234375,2757.1201171875,2765.7900390625,3316120000,^GSPC
2018-06-19,2762.590087890625,2765.050048828125,2743.18994140625,2752.010009765625,3671160000,^GSPC
2018-06-20,2767.320068359375,2774.860107421875,2763.909912109375,2769.72998046875,3332140000,^GSPC
2018-06-21,2749.760009765625,2769.280029296875,2744.389892578125,2769.280029296875,3336580000,^GSPC
2018-06-22,2754.8798828125,2764.169921875,2752.679931640625,2760.7900390625,5468110000,^GSPC
2018-06-25,2717.070068359375,2742.93994140625,2698.669921875,2742.93994140625,3663280000,^GSPC
2018-06-26,2723.06005859375,2732.909912109375,2715.60009765625,2722.1201171875,3568900000,^GSPC
2018-06-27,2699.6298828125,2746.090087890625,2699.3798828125,2728.449951171875,3803990000,^GSPC
2018-06-28,2716.31005859375,2724.340087890625,2691.989990234375,2698.68994140625,3461100000,^GSPC
2018-06-29,2718.3701171875,2743.260009765625,2718.030029296875,2727.1298828125,3586800000,^GSPC
2018-07-02,2726.7099609375,2727.260009765625,2698.949951171875,2704.949951171875,3095040000,^GSPC
2018-07-03,2713.219970703125,2736.580078125,2711.159912109375,2733.27001953125,1911460000,^GSPC
2018-07-05,2736.610107421875,2737.830078125,2716.02001953125,2724.18994140625,2980160000,^GSPC
2018-07-06,2759.820068359375,2764.409912109375,2733.52001953125,2737.679931640625,2590250000,^GSPC
2018-07-09,2784.169921875,2784.64990234375,2770.72998046875,2775.6201171875,3070060000,^GSPC
2018-07-10,2793.840087890625,2795.580078125,2786.239990234375,2788.56005859375,3080140000,^GSPC
2018-07-11,2774.02001953125,2785.909912109375,2770.77001953125,2779.820068359375,2986180000,^GSPC
2018-07-12,2798.2900390625,2799.219970703125,2781.530029296875,2783.139892578125,2834230000,^GSPC
2018-07-13,2801.31005859375,2804.530029296875,2791.68994140625,2796.929931640625,2619790000,^GSPC
2018-07-16,2798.429931640625,2801.18994140625,2793.389892578125,2797.360107421875,2819860000,^GSPC
2018-07-17,2809.550048828125,2814.18994140625,2789.239990234375,2789.340087890625,3064920000,^GSPC
2018-07-18,2815.6201171875,2816.760009765625,2805.889892578125,2811.35009765625,3111560000,^GSPC
2018-07-19,2804.489990234375,2812.050048828125,2799.77001953125,2809.3701171875,3278360000,^GSPC
2018-07-20,2801.830078125,2809.699951171875,2800.010009765625,2804.550048828125,3243250000,^GSPC
2018-07-23,2806.97998046875,2808.610107421875,2795.139892578125,2799.169921875,2928490000,^GSPC
2018-07-24,2820.39990234375,2829.989990234375,2811.1201171875,2820.679931640625,3430410000,^GSPC
2018-07-25,2846.070068359375,2848.030029296875,2817.72998046875,2817.72998046875,3584400000,^GSPC
2018-07-26,2837.43994140625,2845.570068359375,2835.260009765625,2835.489990234375,3667290000,^GSPC
2018-07-27,2818.820068359375,2843.169921875,2808.340087890625,2842.35009765625,3434370000,^GSPC
2018-07-30,2802.60009765625,2821.739990234375,2798.110107421875,2819.0,3261190000,^GSPC
2018-07-31,2816.2900390625,2824.4599609375,2808.06005859375,2809.72998046875,3906890000,^GSPC
2018-08-01,2813.360107421875,2825.830078125,2805.85009765625,2821.169921875,3501350000,^GSPC
2018-08-02,2827.219970703125,2829.909912109375,2796.340087890625,2800.47998046875,3501380000,^GSPC
2018-08-03,2840.35009765625,2840.3798828125,2827.3701171875,2829.6201171875,3043690000,^GSPC
2018-08-06,2850.39990234375,2853.2900390625,2835.97998046875,2840.2900390625,2879020000,^GSPC
2018-08-07,2858.449951171875,2863.429931640625,2855.919921875,2855.919921875,3185440000,^GSPC
2018-08-08,2857.699951171875,2862.43994140625,2853.090087890625,2856.7900390625,2978070000,^GSPC
2018-08-09,2853.580078125,2862.47998046875,2851.97998046875,2857.18994140625,3066180000,^GSPC
2018-08-10,2833.280029296875,2842.199951171875,2825.81005859375,2838.89990234375,3265590000,^GSPC
2018-08-13,2821.929931640625,2843.39990234375,2819.8798828125,2835.4599609375,3173630000,^GSPC
2018-08-14,2839.9599609375,2843.110107421875,2826.580078125,2827.8798828125,2986500000,^GSPC
2018-08-15,2818.3701171875,2827.949951171875,2802.489990234375,2827.949951171875,3656680000,^GSPC
2018-08-16,2840.68994140625,2850.489990234375,2831.43994140625,2831.43994140625,3232000000,^GSPC
2018-08-17,2850.1298828125,2855.6298828125,2833.72998046875,2838.320068359375,3037640000,^GSPC
2018-08-20,2857.050048828125,2859.760009765625,2850.6201171875,2853.929931640625,2757150000,^GSPC
2018-08-21,2862.9599609375,2873.22998046875,2861.320068359375,2861.510009765625,3174010000,^GSPC
2018-08-22,2861.820068359375,2867.5400390625,2856.050048828125,2860.989990234375,2701250000,^GSPC
2018-08-23,2856.97998046875,2868.780029296875,2854.030029296875,2860.2900390625,2724450000,^GSPC
2018-08-24,2874.68994140625,2876.159912109375,2862.35009765625,2862.35009765625,2603010000,^GSPC
2018-08-27,2896.739990234375,2898.25,2884.68994140625,2884.68994140625,2865070000,^GSPC
2018-08-28,2897.52001953125,2903.77001953125,2893.5,2901.449951171875,2687770000,^GSPC
2018-08-29,2914.0400390625,2916.5,2898.39990234375,2900.6201171875,2805520000,^GSPC
2018-08-30,2901.1298828125,2912.4599609375,2895.219970703125,2908.93994140625,2810450000,^GSPC
2018-08-31,2901.52001953125,2906.320068359375,2891.72998046875,2898.3701171875,2887220000,^GSPC
2018-09-04,2896.719970703125,2900.179931640625,2885.1298828125,2896.9599609375,3087420000,^GSPC
2018-09-05,2888.60009765625,2894.2099609375,2876.919921875,2891.590087890625,3248780000,^GSPC
2018-09-06,2878.050048828125,2892.050048828125,2867.2900390625,2888.639892578125,3144240000,^GSPC
2018-09-07,2871.679931640625,2883.81005859375,2864.1201171875,2868.260009765625,2976580000,^GSPC
2018-09-10,2877.1298828125,2886.929931640625,2875.93994140625,2881.389892578125,2751100000,^GSPC
2018-09-11,2887.889892578125,2892.52001953125,2866.780029296875,2871.570068359375,2904500000,^GSPC
2018-09-12,2888.919921875,2894.64990234375,2879.199951171875,2888.2900390625,3341280000,^GSPC
2018-09-13,2904.179931640625,2906.760009765625,2896.389892578125,2896.85009765625,3274090000,^GSPC
2018-09-14,2904.97998046875,2908.300048828125,2895.77001953125,2906.3798828125,3179410000,^GSPC
2018-09-17,2888.800048828125,2904.64990234375,2886.159912109375,2903.830078125,2967980000,^GSPC
2018-09-18,2904.31005859375,2911.169921875,2890.429931640625,2890.739990234375,3091190000,^GSPC
2018-09-19,2907.949951171875,2912.360107421875,2903.820068359375,2906.60009765625,3302460000,^GSPC
2018-09-20,2930.75,2934.800048828125,2919.72998046875,2919.72998046875,3406520000,^GSPC
2018-09-21,2929.669921875,2940.909912109375,2927.110107421875,2936.760009765625,5652470000,^GSPC
2018-09-24,2919.3701171875,2923.7900390625,2912.6298828125,2921.830078125,3392030000,^GSPC
2018-09-25,2915.56005859375,2923.949951171875,2913.699951171875,2921.75,3330880000,^GSPC
2018-09-26,2905.969970703125,2931.14990234375,2903.280029296875,2916.97998046875,3417540000,^GSPC
2018-09-27,2914.0,2927.219970703125,2909.27001953125,2911.64990234375,3101360000,^GSPC
2018-09-28,2913.97998046875,2920.530029296875,2907.5,2910.030029296875,3461680000,^GSPC
2018-10-01,2924.590087890625,2937.06005859375,2917.909912109375,2926.2900390625,3375890000,^GSPC
2018-10-02,2923.429931640625,2931.419921875,2919.3701171875,2923.800048828125,3432620000,^GSPC
2018-10-03,2925.510009765625,2939.860107421875,2921.360107421875,2931.68994140625,3625510000,^GSPC
2018-10-04,2901.610107421875,2919.780029296875,2883.919921875,2919.35009765625,3510370000,^GSPC
2018-10-05,2885.570068359375,2909.639892578125,2869.2900390625,2902.5400390625,3340820000,^GSPC
2018-10-08,2884.429931640625,2889.449951171875,2862.080078125,2877.530029296875,3381820000,^GSPC
2018-10-09,2880.340087890625,2894.830078125,2874.27001953125,2882.510009765625,3531690000,^GSPC
2018-10-10,2785.679931640625,2874.02001953125,2784.860107421875,2873.89990234375,4554260000,^GSPC
2018-10-11,2728.3701171875,2795.139892578125,2710.510009765625,2776.8701171875,4914090000,^GSPC
2018-10-12,2767.1298828125,2775.77001953125,2729.43994140625,2770.5400390625,4024010000,^GSPC
2018-10-15,2750.7900390625,2775.989990234375,2749.030029296875,2763.830078125,3327160000,^GSPC
2018-10-16,2809.919921875,2813.4599609375,2766.909912109375,2767.050048828125,3460260000,^GSPC
2018-10-17,2809.2099609375,2816.93994140625,2781.81005859375,2811.669921875,3347090000,^GSPC
2018-10-18,2768.780029296875,2806.0400390625,2755.179931640625,2802.0,3639300000,^GSPC
2018-10-19,2767.780029296875,2797.77001953125,2760.27001953125,2775.659912109375,3593940000,^GSPC
2018-10-22,2755.8798828125,2778.93994140625,2749.219970703125,2773.93994140625,3331270000,^GSPC
2018-10-23,2740.68994140625,2753.590087890625,2691.429931640625,2721.030029296875,4373710000,^GSPC
2018-10-24,2656.10009765625,2742.590087890625,2651.889892578125,2737.8701171875,4738670000,^GSPC
2018-10-25,2705.570068359375,2722.699951171875,2667.840087890625,2674.8798828125,4663930000,^GSPC
2018-10-26,2658.68994140625,2692.3798828125,2628.159912109375,2667.860107421875,4804330000,^GSPC
2018-10-29,2641.25,2706.85009765625,2603.5400390625,2682.64990234375,4701260000,^GSPC
2018-10-30,2682.6298828125,2685.429931640625,2635.340087890625,2640.679931640625,5125600000,^GSPC
2018-10-31,2711.739990234375,2736.68994140625,2705.60009765625,2705.60009765625,5133380000,^GSPC
2018-11-01,2740.3701171875,2741.669921875,2708.85009765625,2717.580078125,4730250000,^GSPC
2018-11-02,2723.06005859375,2756.550048828125,2700.43994140625,2745.449951171875,4261230000,^GSPC
2018-11-05,2738.31005859375,2744.27001953125,2717.93994140625,2726.3701171875,3650910000,^GSPC
2018-11-06,2755.449951171875,2756.820068359375,2737.080078125,2738.39990234375,3543800000,^GSPC
2018-11-07,2813.889892578125,2815.14990234375,2774.1298828125,2774.1298828125,3929080000,^GSPC
2018-11-08,2806.830078125,2814.75,2794.989990234375,2806.3798828125,3673550000,^GSPC
2018-11-09,2781.010009765625,2794.10009765625,2764.239990234375,2794.10009765625,4029030000,^GSPC
2018-11-12,2726.219970703125,2775.989990234375,2722.0,2773.929931640625,3701570000,^GSPC
2018-11-13,2722.179931640625,2754.60009765625,2714.97998046875,2730.050048828125,4112820000,^GSPC
2018-11-14,2701.580078125,2746.800048828125,2685.75,2737.89990234375,4449060000,^GSPC
2018-11-15,2730.199951171875,2735.3798828125,2670.75,2693.52001953125,4204960000,^GSPC
2018-11-16,2736.27001953125,2746.75,2712.159912109375,2718.5400390625,3996970000,^GSPC
2018-11-19,2690.72998046875,2733.159912109375,2681.090087890625,2730.739990234375,3806940000,^GSPC
2018-11-20,2641.889892578125,2669.43994140625,2631.52001953125,2654.60009765625,4370820000,^GSPC
2018-11-21,2649.929931640625,2670.72998046875,2649.820068359375,2657.739990234375,3237400000,^GSPC
2018-11-23,2632.56005859375,2647.550048828125,2631.090087890625,2633.360107421875,1651680000,^GSPC
2018-11-26,2673.449951171875,2674.35009765625,2649.969970703125,2649.969970703125,3523520000,^GSPC
2018-11-27,2682.169921875,2682.530029296875,2655.889892578125,2663.75,3494380000,^GSPC
2018-11-28,2743.7900390625,2744.0,2684.3798828125,2691.449951171875,3984540000,^GSPC
2018-11-29,2737.800048828125,2753.75,2722.93994140625,2736.969970703125,3599200000,^GSPC
2018-11-30,2760.169921875,2760.8798828125,2732.760009765625,2737.760009765625,4668310000,^GSPC
2018-12-03,2790.3701171875,2800.179931640625,2773.3798828125,2790.5,4221580000,^GSPC
2018-12-04,2700.06005859375,2785.929931640625,2697.179931640625,2782.429931640625,4515710000,^GSPC
2018-12-06,2695.949951171875,2696.14990234375,2621.530029296875,2663.510009765625,5180430000,^GSPC
2018-12-07,2633.080078125,2708.5400390625,2623.139892578125,2691.260009765625,4242240000,^GSPC
2018-12-10,2637.719970703125,2647.510009765625,2583.22998046875,2630.860107421875,4162880000,^GSPC
2018-12-11,2636.780029296875,2674.35009765625,2621.300048828125,2664.43994140625,3963440000,^GSPC
2018-12-12,2651.070068359375,2685.43994140625,2650.260009765625,2658.22998046875,4029300000,^GSPC
2018-12-13,2650.5400390625,2670.18994140625,2637.27001953125,2658.699951171875,3978340000,^GSPC
2018-12-14,2599.949951171875,2635.070068359375,2593.840087890625,2629.679931640625,4064370000,^GSPC
2018-12-17,2545.93994140625,2601.1298828125,2530.5400390625,2590.75,4661420000,^GSPC
2018-12-18,2546.159912109375,2573.989990234375,2528.7099609375,2559.89990234375,4519190000,^GSPC
2018-12-19,2506.9599609375,2585.2900390625,2488.9599609375,2547.050048828125,5152830000,^GSPC
2018-12-20,2467.419921875,2509.6298828125,2441.179931640625,2496.77001953125,5619780000,^GSPC
2018-12-21,2416.6201171875,2504.409912109375,2408.550048828125,2465.3798828125,7657890000,^GSPC
2018-12-24,2351.10009765625,2410.340087890625,2351.10009765625,2400.56005859375,2613670000,^GSPC
2018-12-26,2467.699951171875,2467.760009765625,2346.580078125,2363.1201171875,4249740000,^GSPC
2018-12-27,2488.830078125,2489.10009765625,2397.93994140625,2442.5,4139010000,^GSPC
2018-12-28,2485.739990234375,2520.27001953125,2472.889892578125,2498.77001953125,3728440000,^GSPC
2018-12-31,2506.85009765625,2509.239990234375,2482.820068359375,2498.93994140625,3461920000,^GSPC
2019-01-02,2510.030029296875,2519.489990234375,2467.469970703125,2476.9599609375,3733160000,^GSPC
2019-01-03,2447.889892578125,2493.139892578125,2443.9599609375,2491.919921875,3858830000,^GSPC
2019-01-04,2531.93994140625,2538.070068359375,2474.330078125,2474.330078125,4234140000,^GSPC
2019-01-07,2549.68994140625,2566.159912109375,2524.56005859375,2535.610107421875,4133120000,^GSPC
2019-01-08,2574.409912109375,2579.820068359375,2547.56005859375,2568.110107421875,4120060000,^GSPC
2019-01-09,2584.9599609375,2595.320068359375,2568.889892578125,2580.0,4088740000,^GSPC
2019-01-10,2596.639892578125,2597.820068359375,2562.02001953125,2573.510009765625,3721300000,^GSPC
2019-01-11,2596.260009765625,2596.27001953125,2577.39990234375,2588.110107421875,3447460000,^GSPC
2019-01-14,2582.610107421875,2589.320068359375,2570.409912109375,2580.31005859375,3689370000,^GSPC
2019-01-15,2610.300048828125,2613.080078125,2585.10009765625,2585.10009765625,3601180000,^GSPC
2019-01-16,2616.10009765625,2625.760009765625,2612.679931640625,2614.75,3882180000,^GSPC
2019-01-17,2635.9599609375,2645.06005859375,2606.360107421875,2609.280029296875,3802410000,^GSPC
2019-01-18,2670.7099609375,2675.469970703125,2647.580078125,2651.27001953125,4009010000,^GSPC
2019-01-22,2632.89990234375,2657.8798828125,2617.27001953125,2657.8798828125,3923950000,^GSPC
2019-01-23,2638.699951171875,2653.18994140625,2612.860107421875,2643.47998046875,3358770000,^GSPC
2019-01-24,2642.330078125,2647.199951171875,2627.010009765625,2638.840087890625,3449230000,^GSPC
2019-01-25,2664.760009765625,2672.3798828125,2657.330078125,2657.43994140625,3821000000,^GSPC
2019-01-28,2643.85009765625,2644.969970703125,2624.06005859375,2644.969970703125,3630820000,^GSPC
2019-01-29,2640.0,2650.929931640625,2631.050048828125,2644.889892578125,3518070000,^GSPC
2019-01-30,2681.050048828125,2690.43994140625,2648.340087890625,2653.6201171875,3883270000,^GSPC
2019-01-31,2704.10009765625,2708.949951171875,2678.64990234375,2685.489990234375,4953800000,^GSPC
2019-02-01,2706.530029296875,2716.659912109375,2696.8798828125,2702.320068359375,3782490000,^GSPC
2019-02-04,2724.8701171875,2724.989990234375,2698.75,2706.489990234375,3369450000,^GSPC
2019-02-05,2737.699951171875,2738.97998046875,2724.030029296875,2728.340087890625,3597620000,^GSPC
2019-02-06,2731.610107421875,2738.080078125,2724.14990234375,2735.050048828125,3486590000,^GSPC
2019-02-07,2706.050048828125,2719.320068359375,2687.260009765625,2717.530029296875,4114040000,^GSPC
2019-02-08,2707.8798828125,2708.070068359375,2681.830078125,2692.360107421875,3649510000,^GSPC
2019-02-11,2709.800048828125,2718.050048828125,2703.7900390625,2712.39990234375,3395330000,^GSPC
2019-02-12,2744.72998046875,2748.18994140625,2722.610107421875,2722.610107421875,3843020000,^GSPC
2019-02-13,2753.030029296875,2761.85009765625,2748.6298828125,2750.300048828125,3684910000,^GSPC
2019-02-14,2745.72998046875,2757.89990234375,2731.22998046875,2743.5,3845390000,^GSPC
2019-02-15,2775.60009765625,2775.659912109375,2760.239990234375,2760.239990234375,3648680000,^GSPC
2019-02-19,2779.760009765625,2787.330078125,2767.2900390625,2769.280029296875,3535270000,^GSPC
2019-02-20,2784.699951171875,2789.8798828125,2774.06005859375,2779.050048828125,3904830000,^GSPC
2019-02-21,2774.8798828125,2781.580078125,2764.550048828125,2780.239990234375,3598260000,^GSPC
2019-02-22,2792.669921875,2794.199951171875,2779.110107421875,2780.669921875,3429350000,^GSPC
2019-02-25,2796.110107421875,2813.489990234375,2794.989990234375,2804.35009765625,3860260000,^GSPC
2019-02-26,2793.89990234375,2803.1201171875,2789.469970703125,2792.360107421875,3676200000,^GSPC
2019-02-27,2792.3798828125,2795.760009765625,2775.1298828125,2787.5,3771790000,^GSPC
2019-02-28,2784.489990234375,2793.72998046875,2782.510009765625,2788.110107421875,4445780000,^GSPC
2019-03-01,2803.68994140625,2808.02001953125,2787.3798828125,2798.219970703125,3994950000,^GSPC
2019-03-04,2792.81005859375,2816.8798828125,2767.659912109375,2814.3701171875,3949730000,^GSPC
2019-03-05,2789.64990234375,2796.43994140625,2782.969970703125,2794.409912109375,3631380000,^GSPC
2019-03-06,2771.449951171875,2790.27001953125,2768.68994140625,2790.27001953125,3800180000,^GSPC
2019-03-07,2748.929931640625,2767.25,2739.090087890625,2766.530029296875,3932150000,^GSPC
2019-03-08,2743.070068359375,2744.1298828125,2722.27001953125,2730.7900390625,3424300000,^GSPC
2019-03-11,2783.300048828125,2784.0,2747.610107421875,2747.610107421875,3764850000,^GSPC
2019-03-12,2791.52001953125,2798.320068359375,2786.72998046875,2787.340087890625,3432340000,^GSPC
2019-03-13,2810.919921875,2821.239990234375,2799.780029296875,2799.780029296875,3782250000,^GSPC
2019-03-14,2808.47998046875,2815.0,2803.4599609375,2810.3798828125,3505670000,^GSPC
2019-03-15,2822.47998046875,2830.72998046875,2810.7900390625,2810.7900390625,5969780000,^GSPC
2019-03-18,2832.93994140625,2835.409912109375,2821.989990234375,2822.610107421875,3620770000,^GSPC
2019-03-19,2832.570068359375,2852.419921875,2823.27001953125,2840.760009765625,3650740000,^GSPC
2019-03-20,2824.22998046875,2843.5400390625,2812.429931640625,2831.340087890625,3779160000,^GSPC
2019-03-21,2854.8798828125,2860.31005859375,2817.3798828125,2819.719970703125,3612620000,^GSPC
2019-03-22,2800.7099609375,2846.159912109375,2800.469970703125,2844.52001953125,4253730000,^GSPC
2019-03-25,2798.360107421875,2809.7900390625,2785.02001953125,2796.010009765625,3406110000,^GSPC
2019-03-26,2818.4599609375,2829.8701171875,2803.989990234375,2812.659912109375,3288570000,^GSPC
2019-03-27,2805.3701171875,2825.56005859375,2787.719970703125,2819.719970703125,3422400000,^GSPC
2019-03-28,2815.43994140625,2819.7099609375,2798.77001953125,2809.39990234375,3185460000,^GSPC
2019-03-29,2834.39990234375,2836.030029296875,2819.22998046875,2828.27001953125,3752520000,^GSPC
2019-04-01,2867.18994140625,2869.39990234375,2848.6298828125,2848.6298828125,3560090000,^GSPC
2019-04-02,2867.239990234375,2872.89990234375,2858.75,2868.239990234375,3267210000,^GSPC
2019-04-03,2873.39990234375,2885.25,2865.169921875,2876.090087890625,3570000000,^GSPC
2019-04-04,2879.389892578125,2881.280029296875,2867.139892578125,2873.989990234375,3038740000,^GSPC
2019-04-05,2892.739990234375,2893.239990234375,2882.989990234375,2884.159912109375,3155970000,^GSPC
2019-04-08,2895.77001953125,2895.949951171875,2880.780029296875,2888.4599609375,3056460000,^GSPC
2019-04-09,2878.199951171875,2886.8798828125,2873.330078125,2886.580078125,3032480000,^GSPC
2019-04-10,2888.2099609375,2889.7099609375,2879.1298828125,2881.3701171875,3092230000,^GSPC
2019-04-11,2888.320068359375,2893.419921875,2881.989990234375,2891.919921875,2970650000,^GSPC
2019-04-12,2907.409912109375,2910.5400390625,2898.3701171875,2900.860107421875,3726050000,^GSPC
2019-04-15,2905.580078125,2909.60009765625,2896.47998046875,2908.320068359375,3114530000,^GSPC
2019-04-16,2907.06005859375,2916.06005859375,2900.7099609375,2912.260009765625,3403120000,^GSPC
2019-04-17,2900.449951171875,2918.0,2895.449951171875,2916.0400390625,3648100000,^GSPC
2019-04-18,2905.030029296875,2908.39990234375,2891.89990234375,2904.81005859375,3507100000,^GSPC
2019-04-22,2907.969970703125,2909.510009765625,2896.35009765625,2898.780029296875,3010130000,^GSPC
2019-04-23,2933.679931640625,2936.31005859375,2908.530029296875,2909.989990234375,3674480000,^GSPC
2019-04-24,2927.25,2936.830078125,2926.050048828125,2934.0,3468480000,^GSPC
2019-04-25,2926.169921875,2933.10009765625,2912.840087890625,2928.989990234375,3440010000,^GSPC
2019-04-26,2939.8798828125,2939.8798828125,2917.56005859375,2925.81005859375,3264390000,^GSPC
2019-04-29,2943.030029296875,2949.52001953125,2939.35009765625,2940.580078125,3150390000,^GSPC
2019-04-30,2945.830078125,2948.219970703125,2924.110107421875,2937.139892578125,3939760000,^GSPC
2019-05-01,2923.72998046875,2954.1298828125,2923.360107421875,2952.330078125,3669330000,^GSPC
2019-05-02,2917.52001953125,2931.679931640625,2900.5,2922.159912109375,3802290000,^GSPC
2019-05-03,2945.639892578125,2947.85009765625,2929.2099609375,2929.2099609375,3357180000,^GSPC
2019-05-06,2932.469970703125,2937.320068359375,2898.2099609375,2908.889892578125,3203260000,^GSPC
2019-05-07,2884.050048828125,2913.030029296875,2862.60009765625,2913.030029296875,3793060000,^GSPC
2019-05-08,2879.419921875,2897.9599609375,2873.280029296875,2879.610107421875,3543110000,^GSPC
2019-05-09,2870.719970703125,2875.969970703125,2836.39990234375,2859.840087890625,3659050000,^GSPC
2019-05-10,2881.39990234375,2891.31005859375,2825.389892578125,2863.10009765625,3566780000,^GSPC
2019-05-13,2811.8701171875,2840.18994140625,2801.429931640625,2840.18994140625,3900270000,^GSPC
2019-05-14,2834.409912109375,2852.5400390625,2820.1201171875,2820.1201171875,3354860000,^GSPC
2019-05-15,2850.9599609375,2858.679931640625,2815.080078125,2820.3798828125,3140900000,^GSPC
2019-05-16,2876.320068359375,2892.14990234375,2855.800048828125,2855.800048828125,3338470000,^GSPC
2019-05-17,2859.530029296875,2885.47998046875,2854.22998046875,2858.60009765625,3316040000,^GSPC
2019-05-20,2840.22998046875,2853.860107421875,2831.2900390625,2841.93994140625,3293750000,^GSPC
2019-05-21,2864.360107421875,2868.8798828125,2854.02001953125,2854.02001953125,3223050000,^GSPC
2019-05-22,2856.27001953125,2865.469970703125,2851.110107421875,2856.06005859375,3194000000,^GSPC
2019-05-23,2822.239990234375,2836.699951171875,2805.489990234375,2836.699951171875,3899320000,^GSPC
2019-05-24,2826.06005859375,2841.360107421875,2820.18994140625,2832.409912109375,2889230000,^GSPC
2019-05-28,2802.389892578125,2840.510009765625,2801.580078125,2830.030029296875,4146980000,^GSPC
2019-05-29,2783.02001953125,2792.030029296875,2766.06005859375,2790.25,3701110000,^GSPC
2019-05-30,2788.860107421875,2799.0,2776.739990234375,2786.93994140625,3276030000,^GSPC
2019-05-31,2752.06005859375,2768.97998046875,2750.52001953125,2766.14990234375,3982670000,^GSPC
2019-06-03,2744.449951171875,2763.070068359375,2728.81005859375,2751.530029296875,3952360000,^GSPC
2019-06-04,2803.27001953125,2804.489990234375,2762.639892578125,2762.639892578125,3814130000,^GSPC
2019-06-05,2826.14990234375,2827.280029296875,2800.919921875,2818.090087890625,3570760000,^GSPC
2019-06-06,2843.489990234375,2852.10009765625,2822.449951171875,2828.510009765625,3445140000,^GSPC
2019-06-07,2873.340087890625,2884.969970703125,2852.8701171875,2852.8701171875,3244380000,^GSPC
2019-06-10,2886.72998046875,2904.77001953125,2885.510009765625,2885.830078125,3209890000,^GSPC
2019-06-11,2885.719970703125,2910.610107421875,2878.530029296875,2903.27001953125,3551000000,^GSPC
2019-06-12,2879.840087890625,2888.570068359375,2874.679931640625,2882.72998046875,3039870000,^GSPC
2019-06-13,2891.639892578125,2895.239990234375,2881.989990234375,2886.239990234375,3100640000,^GSPC
2019-06-14,2886.97998046875,2894.449951171875,2879.6201171875,2886.820068359375,2992810000,^GSPC
2019-06-17,2889.669921875,2897.27001953125,2887.300048828125,2889.75,2828400000,^GSPC
2019-06-18,2917.75,2930.7900390625,2905.43994140625,2906.7099609375,3441540000,^GSPC
2019-06-19,2926.4599609375,2931.739990234375,2911.429931640625,2920.550048828125,3300220000,^GSPC
2019-06-20,2954.179931640625,2958.06005859375,2931.5,2949.60009765625,3943060000,^GSPC
2019-06-21,2950.4599609375,2964.14990234375,2946.8701171875,2952.7099609375,5003540000,^GSPC
2019-06-24,2945.35009765625,2954.919921875,2944.050048828125,2951.419921875,3136960000,^GSPC
2019-06-25,2917.3798828125,2946.52001953125,2916.010009765625,2945.780029296875,3579430000,^GSPC
2019-06-26,2913.780029296875,2932.590087890625,2912.989990234375,2926.070068359375,3511350000,^GSPC
2019-06-27,2924.919921875,2929.300048828125,2918.570068359375,2919.659912109375,3162500000,^GSPC
2019-06-28,2941.760009765625,2943.97998046875,2929.050048828125,2932.93994140625,5422650000,^GSPC
2019-07-01,2964.330078125,2977.929931640625,2952.219970703125,2971.409912109375,3524860000,^GSPC
2019-07-02,2973.010009765625,2973.2099609375,2955.919921875,2964.659912109375,3224490000,^GSPC
2019-07-03,2995.820068359375,2995.840087890625,2977.9599609375,2978.080078125,1963570000,^GSPC
2019-07-05,2990.409912109375,2994.030029296875,2967.969970703125,2984.25,2434680000,^GSPC
2019-07-08,2975.949951171875,2980.760009765625,2970.090087890625,2979.77001953125,2922360000,^GSPC
2019-07-09,2979.6298828125,2981.89990234375,2963.43994140625,2965.52001953125,3033330000,^GSPC
2019-07-10,2993.070068359375,3002.97998046875,2984.6201171875,2989.300048828125,3157800000,^GSPC
2019-07-11,2999.909912109375,3002.330078125,2988.800048828125,2999.6201171875,3155710000,^GSPC
2019-07-12,3013.77001953125,3013.919921875,3001.8701171875,3003.360107421875,2984140000,^GSPC
2019-07-15,3014.300048828125,3017.800048828125,3008.77001953125,3017.800048828125,2876100000,^GSPC
2019-07-16,3004.0400390625,3015.02001953125,3001.14990234375,3012.1298828125,3297030000,^GSPC
2019-07-17,2984.419921875,3005.260009765625,2984.25,3005.10009765625,3185650000,^GSPC
2019-07-18,2995.110107421875,2998.280029296875,2973.090087890625,2978.8701171875,3369820000,^GSPC
2019-07-19,2976.610107421875,3006.02001953125,2975.860107421875,3004.260009765625,3285890000,^GSPC
2019-07-22,2985.030029296875,2990.7099609375,2976.64990234375,2981.929931640625,3016200000,^GSPC
2019-07-23,3005.469970703125,3005.89990234375,2988.56005859375,2994.739990234375,3333810000,^GSPC
2019-07-24,3019.56005859375,3019.590087890625,2996.820068359375,2998.77001953125,3433220000,^GSPC
2019-07-25,3003.669921875,3016.31005859375,2997.239990234375,3016.260009765625,3657050000,^GSPC
2019-07-26,3025.860107421875,3027.97998046875,3012.590087890625,3013.25,3260170000,^GSPC
2019-07-29,3020.969970703125,3025.610107421875,3014.300048828125,3024.469970703125,3224490000,^GSPC
2019-07-30,3013.179931640625,3017.18994140625,3000.93994140625,3007.659912109375,3632770000,^GSPC
2019-07-31,2980.3798828125,3017.39990234375,2958.080078125,3016.219970703125,4626330000,^GSPC
2019-08-01,2953.56005859375,3013.590087890625,2945.22998046875,2980.320068359375,4793810000,^GSPC
2019-08-02,2932.050048828125,2945.5,2914.110107421875,2943.89990234375,3882810000,^GSPC
2019-08-05,2844.739990234375,2898.070068359375,2822.1201171875,2898.070068359375,4542850000,^GSPC
2019-08-06,2881.77001953125,2884.39990234375,2847.419921875,2861.179931640625,4156640000,^GSPC
2019-08-07,2883.97998046875,2892.169921875,2825.7099609375,2858.64990234375,4512720000,^GSPC
2019-08-08,2938.090087890625,2938.719970703125,2894.469970703125,2896.2099609375,4118530000,^GSPC
2019-08-09,2918.64990234375,2935.75,2900.14990234375,2930.510009765625,3356850000,^GSPC
2019-08-12,2882.699951171875,2907.580078125,2873.139892578125,2907.070068359375,3328570000,^GSPC
2019-08-13,2926.320068359375,2943.31005859375,2877.050048828125,2880.719970703125,3857190000,^GSPC
2019-08-14,2840.60009765625,2894.14990234375,2839.639892578125,2894.14990234375,4325150000,^GSPC
2019-08-15,2847.60009765625,2856.669921875,2825.510009765625,2846.199951171875,4041720000,^GSPC
2019-08-16,2888.679931640625,2893.6298828125,2864.739990234375,2864.739990234375,3524080000,^GSPC
2019-08-19,2923.64990234375,2931.0,2913.47998046875,2913.47998046875,3221050000,^GSPC
2019-08-20,2900.510009765625,2923.6298828125,2899.60009765625,2919.010009765625,3067710000,^GSPC
2019-08-21,2924.429931640625,2928.72998046875,2917.909912109375,2922.0400390625,3016540000,^GSPC
2019-08-22,2922.949951171875,2939.080078125,2904.510009765625,2930.93994140625,2893660000,^GSPC
2019-08-23,2847.110107421875,2927.010009765625,2834.969970703125,2911.070068359375,3942520000,^GSPC
2019-08-26,2878.3798828125,2879.27001953125,2856.0,2866.699951171875,2859790000,^GSPC
2019-08-27,2869.159912109375,2898.7900390625,2860.590087890625,2893.139892578125,3537490000,^GSPC
2019-08-28,2887.93994140625,2890.030029296875,2853.050048828125,2861.280029296875,3102480000,^GSPC
2019-08-29,2924.580078125,2930.5,2905.669921875,2910.3701171875,3177150000,^GSPC
2019-08-30,2926.4599609375,2940.429931640625,2913.320068359375,2937.090087890625,3009910000,^GSPC
2019-09-03,2906.27001953125,2914.389892578125,2891.85009765625,2909.010009765625,3427830000,^GSPC
2019-09-04,2937.780029296875,2938.840087890625,2921.860107421875,2924.669921875,3167900000,^GSPC
2019-09-05,2976.0,2985.860107421875,2960.60009765625,2960.60009765625,3902600000,^GSPC
2019-09-06,2978.7099609375,2985.030029296875,2972.510009765625,2980.330078125,3209340000,^GSPC
2019-09-09,2978.429931640625,2989.429931640625,2969.389892578125,2988.429931640625,4031120000,^GSPC
2019-09-10,2979.389892578125,2979.389892578125,2957.010009765625,2971.010009765625,4393040000,^GSPC
2019-09-11,3000.929931640625,3000.929931640625,2975.31005859375,2981.409912109375,3934370000,^GSPC
2019-09-12,3009.570068359375,3020.739990234375,3000.919921875,3009.080078125,3796990000,^GSPC
2019-09-13,3007.389892578125,3017.330078125,3002.89990234375,3012.2099609375,3557010000,^GSPC
2019-09-16,2997.9599609375,3002.18994140625,2990.669921875,2996.409912109375,4285860000,^GSPC
2019-09-17,3005.699951171875,3006.2099609375,2993.72998046875,2995.669921875,3673250000,^GSPC
2019-09-18,3006.72998046875,3007.830078125,2978.570068359375,3001.5,3458800000,^GSPC
2019-09-19,3006.7900390625,3021.989990234375,3003.159912109375,3010.360107421875,3265660000,^GSPC
2019-09-20,2992.070068359375,3016.3701171875,2984.679931640625,3008.419921875,6103440000,^GSPC
2019-09-23,2991.780029296875,2999.14990234375,2982.22998046875,2983.5,3187250000,^GSPC
2019-09-24,2966.60009765625,3007.97998046875,2957.72998046875,3002.429931640625,3872800000,^GSPC
2019-09-25,2984.8701171875,2989.820068359375,2952.860107421875,2968.35009765625,3331200000,^GSPC
2019-09-26,2977.6201171875,2987.280029296875,2963.7099609375,2985.72998046875,3084910000,^GSPC
2019-09-27,2961.7900390625,2987.31005859375,2945.530029296875,2985.469970703125,3246480000,^GSPC
2019-09-30,2976.739990234375,2983.85009765625,2967.070068359375,2967.070068359375,3249130000,^GSPC
2019-10-01,2940.25,2992.530029296875,2938.699951171875,2983.68994140625,3560750000,^GSPC
2019-10-02,2887.610107421875,2924.780029296875,2874.929931640625,2924.780029296875,3914180000,^GSPC
2019-10-03,2910.6298828125,2911.1298828125,2855.93994140625,2885.3798828125,3515130000,^GSPC
2019-10-04,2952.010009765625,2953.739990234375,2918.56005859375,2918.56005859375,3005600000,^GSPC
2019-10-07,2938.7900390625,2959.75,2935.679931640625,2944.22998046875,2959050000,^GSPC
2019-10-08,2893.06005859375,2925.469970703125,2892.659912109375,2920.39990234375,3370700000,^GSPC
2019-10-09,2919.39990234375,2929.320068359375,2907.409912109375,2911.10009765625,2735350000,^GSPC
2019-10-10,2938.1298828125,2948.4599609375,2917.1201171875,2918.550048828125,3234400000,^GSPC
2019-10-11,2970.27001953125,2993.280029296875,2963.070068359375,2963.070068359375,3581320000,^GSPC
2019-10-14,2966.14990234375,2972.840087890625,2962.93994140625,2965.81005859375,2559270000,^GSPC
2019-10-15,2995.679931640625,3003.280029296875,2973.610107421875,2973.610107421875,3345090000,^GSPC
2019-10-16,2989.68994140625,2997.5400390625,2985.199951171875,2989.679931640625,3230320000,^GSPC
2019-10-17,2997.949951171875,3008.2900390625,2991.7900390625,3000.77001953125,3103470000,^GSPC
2019-10-18,2986.199951171875,3000.0,2976.31005859375,2996.840087890625,3268970000,^GSPC
2019-10-21,3006.719970703125,3007.330078125,2995.35009765625,2996.47998046875,3271960000,^GSPC
2019-10-22,2995.989990234375,3014.570068359375,2995.0400390625,3010.72998046875,3527540000,^GSPC
2019-10-23,3004.52001953125,3004.780029296875,2991.2099609375,2994.010009765625,3413600000,^GSPC
2019-10-24,3010.2900390625,3016.070068359375,3000.419921875,3014.780029296875,3696510000,^GSPC
2019-10-25,3022.550048828125,3027.389892578125,3001.93994140625,3003.320068359375,3379060000,^GSPC
2019-10-28,3039.419921875,3044.080078125,3032.1201171875,3032.1201171875,3524970000,^GSPC
2019-10-29,3036.889892578125,3047.8701171875,3034.81005859375,3035.389892578125,3594430000,^GSPC
2019-10-30,3046.77001953125,3050.10009765625,3025.9599609375,3039.739990234375,3779660000,^GSPC
2019-10-31,3037.56005859375,3046.89990234375,3023.18994140625,3046.89990234375,4149310000,^GSPC
2019-11-01,3066.909912109375,3066.949951171875,3050.719970703125,3050.719970703125,3956290000,^GSPC
2019-11-04,3078.27001953125,3085.199951171875,3074.8701171875,3078.9599609375,4178040000,^GSPC
2019-11-05,3074.6201171875,3083.949951171875,3072.14990234375,3080.800048828125,4490590000,^GSPC
2019-11-06,3076.780029296875,3078.340087890625,3065.889892578125,3075.10009765625,4465510000,^GSPC
2019-11-07,3085.179931640625,3097.77001953125,3080.22998046875,3087.02001953125,4151990000,^GSPC
2019-11-08,3093.080078125,3093.090087890625,3073.580078125,3081.25,3508160000,^GSPC
2019-11-11,3087.010009765625,3088.330078125,3075.820068359375,3080.330078125,3041120000,^GSPC
2019-11-12,3091.840087890625,3102.610107421875,3084.72998046875,3089.280029296875,3495560000,^GSPC
2019-11-13,3094.0400390625,3098.06005859375,3078.800048828125,3084.179931640625,3513720000,^GSPC
2019-11-14,3096.6298828125,3098.199951171875,3083.260009765625,3090.75,3282090000,^GSPC
2019-11-15,3120.4599609375,3120.4599609375,3104.60009765625,3107.919921875,3359800000,^GSPC
2019-11-18,3122.030029296875,3124.169921875,3112.06005859375,3117.909912109375,3440140000,^GSPC
2019-11-19,3120.179931640625,3127.639892578125,3113.469970703125,3127.449951171875,3613670000,^GSPC
2019-11-20,3108.4599609375,3118.969970703125,3091.409912109375,3114.659912109375,4041010000,^GSPC
2019-11-21,3103.5400390625,3110.110107421875,3094.550048828125,3108.489990234375,3744010000,^GSPC
2019-11-22,3110.2900390625,3112.8701171875,3099.260009765625,3111.409912109375,3235270000,^GSPC
2019-11-25,3133.639892578125,3133.830078125,3117.43994140625,3117.43994140625,3514310000,^GSPC
2019-11-26,3140.52001953125,3142.68994140625,3131.0,3134.85009765625,4600450000,^GSPC
2019-11-27,3153.6298828125,3154.260009765625,3143.409912109375,3145.489990234375,3035470000,^GSPC
2019-11-29,3140.97998046875,3150.300048828125,3139.340087890625,3147.179931640625,1743420000,^GSPC
2019-12-02,3113.8701171875,3144.31005859375,3110.780029296875,3143.85009765625,3285750000,^GSPC
2019-12-03,3093.199951171875,3094.969970703125,3070.330078125,3087.409912109375,3671580000,^GSPC
2019-12-04,3112.760009765625,3119.3798828125,3102.530029296875,3103.5,3702980000,^GSPC
2019-12-05,3117.429931640625,3119.449951171875,3103.760009765625,3119.2099609375,3360480000,^GSPC
2019-12-06,3145.909912109375,3150.60009765625,3134.6201171875,3134.6201171875,3483310000,^GSPC
2019-12-09,3135.9599609375,3148.8701171875,3135.4599609375,3141.860107421875,3400470000,^GSPC
2019-12-10,3132.52001953125,3142.1201171875,3126.090087890625,3135.360107421875,3346310000,^GSPC
2019-12-11,3141.6298828125,3143.97998046875,3133.2099609375,3135.75,3257650000,^GSPC
2019-12-12,3168.570068359375,3176.280029296875,3138.469970703125,3141.22998046875,4003200000,^GSPC
2019-12-13,3168.800048828125,3182.679931640625,3156.510009765625,3166.64990234375,3757650000,^GSPC
2019-12-16,3191.449951171875,3197.7099609375,3183.6298828125,3183.6298828125,4070200000,^GSPC
2019-12-17,3192.52001953125,3198.219970703125,3191.030029296875,3195.39990234375,3842940000,^GSPC
2019-12-18,3191.139892578125,3198.47998046875,3191.139892578125,3195.2099609375,4029950000,^GSPC
2019-12-19,3205.3701171875,3205.47998046875,3192.320068359375,3192.320068359375,3784360000,^GSPC
2019-12-20,3221.219970703125,3225.64990234375,3216.030029296875,3223.330078125,6457480000,^GSPC
2019-12-23,3224.010009765625,3227.780029296875,3222.300048828125,3226.050048828125,3064530000,^GSPC
2019-12-24,3223.3798828125,3226.429931640625,3220.510009765625,3225.449951171875,1296530000,^GSPC
2019-12-26,3239.909912109375,3240.080078125,3227.199951171875,3227.199951171875,2164540000,^GSPC
2019-12-27,3240.02001953125,3247.929931640625,3234.3701171875,3247.22998046875,2429150000,^GSPC
2019-12-30,3221.2900390625,3240.919921875,3216.570068359375,3240.090087890625,3021720000,^GSPC
2019-12-31,3230.780029296875,3231.719970703125,3212.030029296875,3215.179931640625,2894760000,^GSPC
2020-01-02,3257.85009765625,3258.139892578125,3235.530029296875,3244.669921875,3459930000,^GSPC
2020-01-03,3234.85009765625,3246.14990234375,3222.340087890625,3226.360107421875,3484700000,^GSPC
2020-01-06,3246.280029296875,3246.840087890625,3214.639892578125,3217.550048828125,3702460000,^GSPC
2020-01-07,3237.179931640625,3244.909912109375,3232.429931640625,3241.860107421875,3435910000,^GSPC
2020-01-08,3253.050048828125,3267.070068359375,3236.669921875,3238.590087890625,3726840000,^GSPC
2020-01-09,3274.699951171875,3275.580078125,3263.669921875,3266.030029296875,3641230000,^GSPC
2020-01-10,3265.35009765625,3282.989990234375,3260.860107421875,3281.81005859375,3214580000,^GSPC
2020-01-13,3288.1298828125,3288.1298828125,3268.429931640625,3271.1298828125,3459390000,^GSPC
2020-01-14,3283.14990234375,3294.25,3277.18994140625,3285.35009765625,3687620000,^GSPC
2020-01-15,3289.2900390625,3298.659912109375,3280.68994140625,3282.27001953125,3721490000,^GSPC
2020-01-16,3316.81005859375,3317.110107421875,3302.820068359375,3302.969970703125,3540580000,^GSPC
2020-01-17,3329.6201171875,3329.8798828125,3318.860107421875,3323.659912109375,3726220000,^GSPC
2020-01-21,3320.7900390625,3329.7900390625,3316.610107421875,3321.030029296875,4104840000,^GSPC
2020-01-22,3321.75,3337.77001953125,3320.0400390625,3330.02001953125,3623780000,^GSPC
2020-01-23,3325.5400390625,3326.8798828125,3301.8701171875,3315.77001953125,3766710000,^GSPC
2020-01-24,3295.469970703125,3333.179931640625,3281.530029296875,3333.10009765625,3708780000,^GSPC
2020-01-27,3243.6298828125,3258.85009765625,3234.5,3247.159912109375,3831050000,^GSPC
2020-01-28,3276.239990234375,3285.780029296875,3253.219970703125,3255.35009765625,3531570000,^GSPC
2020-01-29,3273.39990234375,3293.469970703125,3271.889892578125,3289.4599609375,3600250000,^GSPC
2020-01-30,3283.659912109375,3285.909912109375,3242.800048828125,3256.449951171875,3790350000,^GSPC
2020-01-31,3225.52001953125,3282.330078125,3214.679931640625,3282.330078125,4529700000,^GSPC
2020-02-03,3248.919921875,3268.43994140625,3235.659912109375,3235.659912109375,3760460000,^GSPC
2020-02-04,3297.590087890625,3306.919921875,3280.610107421875,3280.610107421875,3996900000,^GSPC
2020-02-05,3334.68994140625,3337.580078125,3313.75,3324.909912109375,4121480000,^GSPC
2020-02-06,3345.780029296875,3347.9599609375,3334.389892578125,3344.919921875,3887250000,^GSPC
2020-02-07,3327.7099609375,3341.419921875,3322.1201171875,3335.5400390625,3733920000,^GSPC
2020-02-10,3352.090087890625,3352.260009765625,3317.77001953125,3318.280029296875,3462730000,^GSPC
2020-02-11,3357.75,3375.6298828125,3352.719970703125,3365.8701171875,3762940000,^GSPC
2020-02-12,3379.449951171875,3381.469970703125,3369.719970703125,3370.5,3930910000,^GSPC
2020-02-13,3373.93994140625,3385.090087890625,3360.52001953125,3365.89990234375,3500890000,^GSPC
2020-02-14,3380.159912109375,3380.68994140625,3366.14990234375,3378.080078125,3419700000,^GSPC
2020-02-18,3370.2900390625,3375.010009765625,3355.610107421875,3369.0400390625,3750400000,^GSPC
2020-02-19,3386.14990234375,3393.52001953125,3378.830078125,3380.389892578125,3614200000,^GSPC
2020-02-20,3373.22998046875,3389.14990234375,3341.02001953125,3380.449951171875,4019180000,^GSPC
2020-02-21,3337.75,3360.760009765625,3328.449951171875,3360.5,3908780000,^GSPC
2020-02-24,3225.889892578125,3259.81005859375,3214.64990234375,3257.610107421875,4851160000,^GSPC
2020-02-25,3128.2099609375,3246.989990234375,3118.77001953125,3238.93994140625,5596760000,^GSPC
2020-02-26,3116.389892578125,3182.510009765625,3108.989990234375,3139.89990234375,5484650000,^GSPC
2020-02-27,2978.760009765625,3097.070068359375,2977.389892578125,3062.5400390625,7064710000,^GSPC
2020-02-28,2954.219970703125,2959.719970703125,2855.840087890625,2916.89990234375,8569570000,^GSPC
2020-03-02,3090.22998046875,3090.9599609375,2945.18994140625,2974.280029296875,6381330000,^GSPC
2020-03-03,3003.3701171875,3136.719970703125,2976.6298828125,3096.4599609375,6376510000,^GSPC
2020-03-04,3130.1201171875,3130.969970703125,3034.3798828125,3045.75,5073020000,^GSPC
2020-03-05,3023.93994140625,3083.0400390625,2999.830078125,3075.699951171875,5579290000,^GSPC
2020-03-06,2972.3701171875,2985.929931640625,2901.5400390625,2954.199951171875,6555240000,^GSPC
2020-03-09,2746.56005859375,2863.889892578125,2734.429931640625,2863.889892578125,8441290000,^GSPC
2020-03-10,2882.22998046875,2882.590087890625,2734.0,2813.47998046875,7642040000,^GSPC
2020-03-11,2741.3798828125,2825.60009765625,2707.219970703125,2825.60009765625,7431200000,^GSPC
2020-03-12,2480.639892578125,2660.949951171875,2478.860107421875,2630.860107421875,8850810000,^GSPC
2020-03-13,2711.02001953125,2711.330078125,2492.3701171875,2569.989990234375,8299070000,^GSPC
2020-03-16,2386.1298828125,2562.97998046875,2380.93994140625,2508.590087890625,7805450000,^GSPC
2020-03-17,2529.18994140625,2553.929931640625,2367.0400390625,2425.659912109375,8370250000,^GSPC
2020-03-18,2398.10009765625,2453.570068359375,2280.52001953125,2436.5,8799300000,^GSPC
2020-03-19,2409.389892578125,2466.969970703125,2319.780029296875,2393.47998046875,7956100000,^GSPC
2020-03-20,2304.919921875,2453.010009765625,2295.56005859375,2431.93994140625,9053950000,^GSPC
2020-03-23,2237.39990234375,2300.72998046875,2191.860107421875,2290.7099609375,7411380000,^GSPC
2020-03-24,2447.330078125,2449.7099609375,2344.43994140625,2344.43994140625,7563150000,^GSPC
2020-03-25,2475.56005859375,2571.419921875,2407.530029296875,2457.77001953125,8300010000,^GSPC
2020-03-26,2630.070068359375,2637.010009765625,2500.719970703125,2501.2900390625,7766990000,^GSPC
2020-03-27,2541.469970703125,2615.909912109375,2520.02001953125,2555.8701171875,6201670000,^GSPC
2020-03-30,2626.64990234375,2631.800048828125,2545.280029296875,2558.97998046875,5751120000,^GSPC
2020-03-31,2584.590087890625,2641.389892578125,2571.14990234375,2614.68994140625,6576210000,^GSPC
2020-04-01,2470.5,2522.75,2447.489990234375,2498.080078125,5964000000,^GSPC
2020-04-02,2526.89990234375,2533.219970703125,2455.7900390625,2458.5400390625,6464190000,^GSPC
2020-04-03,2488.64990234375,2538.179931640625,2459.9599609375,2514.919921875,6096970000,^GSPC
2020-04-06,2663.679931640625,2676.85009765625,2574.570068359375,2578.280029296875,6403840000,^GSPC
2020-04-07,2659.409912109375,2756.889892578125,2657.669921875,2738.64990234375,7050410000,^GSPC
2020-04-08,2749.97998046875,2760.75,2663.300048828125,2685.0,5875710000,^GSPC
2020-04-09,2789.820068359375,2818.570068359375,2762.360107421875,2776.989990234375,7899550000,^GSPC
2020-04-13,2761.6298828125,2782.4599609375,2721.169921875,2782.4599609375,5319530000,^GSPC
2020-04-14,2846.06005859375,2851.85009765625,2805.10009765625,2805.10009765625,5615730000,^GSPC
2020-04-15,2783.360107421875,2801.8798828125,2761.5400390625,2795.639892578125,5208000000,^GSPC
2020-04-16,2799.550048828125,2806.510009765625,2764.320068359375,2799.340087890625,5228810000,^GSPC
2020-04-17,2874.56005859375,2879.219970703125,2830.8798828125,2842.429931640625,5804810000,^GSPC
2020-04-20,2823.159912109375,2868.97998046875,2820.429931640625,2845.6201171875,5228630000,^GSPC
2020-04-21,2736.56005859375,2785.5400390625,2727.10009765625,2784.81005859375,5121010000,^GSPC
2020-04-22,2799.31005859375,2815.10009765625,2775.949951171875,2787.889892578125,5084920000,^GSPC
2020-04-23,2797.800048828125,2844.89990234375,2794.260009765625,2810.419921875,5773530000,^GSPC
2020-04-24,2836.739990234375,2842.7099609375,2791.760009765625,2812.639892578125,5382810000,^GSPC
2020-04-27,2878.47998046875,2887.719970703125,2852.889892578125,2854.64990234375,5203930000,^GSPC
2020-04-28,2863.389892578125,2921.14990234375,2860.7099609375,2909.9599609375,5691160000,^GSPC
2020-04-29,2939.510009765625,2954.860107421875,2912.159912109375,2918.4599609375,6645640000,^GSPC
2020-04-30,2912.429931640625,2930.909912109375,2892.469970703125,2930.909912109375,6544980000,^GSPC
2020-05-01,2830.7099609375,2869.090087890625,2821.610107421875,2869.090087890625,4759810000,^GSPC
2020-05-04,2842.739990234375,2844.239990234375,2797.85009765625,2815.010009765625,4735930000,^GSPC
2020-05-05,2868.43994140625,2898.22998046875,2863.550048828125,2868.8798828125,5140290000,^GSPC
2020-05-06,2848.419921875,2891.110107421875,2847.64990234375,2883.139892578125,4892570000,^GSPC
2020-05-07,2881.18994140625,2901.919921875,2876.47998046875,2878.260009765625,5178790000,^GSPC
2020-05-08,2929.800048828125,2932.159912109375,2902.8798828125,2908.830078125,4876030000,^GSPC
2020-05-11,2930.18994140625,2944.25,2903.43994140625,2915.4599609375,4819730000,^GSPC
2020-05-12,2870.1201171875,2945.820068359375,2869.590087890625,2939.5,5119630000,^GSPC
2020-05-13,2820.0,2874.139892578125,2793.14990234375,2865.860107421875,6151650000,^GSPC
2020-05-14,2852.5,2852.800048828125,2766.639892578125,2794.5400390625,5651130000,^GSPC
2020-05-15,2863.699951171875,2865.010009765625,2816.780029296875,2829.949951171875,5507700000,^GSPC
2020-05-18,2953.909912109375,2968.090087890625,2913.860107421875,2913.860107421875,6373670000,^GSPC
2020-05-19,2922.93994140625,2964.2099609375,2922.35009765625,2948.590087890625,4984330000,^GSPC
2020-05-20,2971.610107421875,2980.2900390625,2953.6298828125,2953.6298828125,5005380000,^GSPC
2020-05-21,2948.510009765625,2978.5,2938.570068359375,2969.949951171875,4976620000,^GSPC
2020-05-22,2955.449951171875,2956.760009765625,2933.590087890625,2948.050048828125,3970860000,^GSPC
2020-05-26,2991.77001953125,3021.719970703125,2988.169921875,3004.080078125,5848500000,^GSPC
2020-05-27,3036.1298828125,3036.25,2969.75,3015.64990234375,6398000000,^GSPC
2020-05-28,3029.72998046875,3068.669921875,3023.39990234375,3046.610107421875,5447020000,^GSPC
2020-05-29,3044.31005859375,3049.169921875,2998.610107421875,3025.169921875,7297550000,^GSPC
2020-06-01,3055.72998046875,3062.179931640625,3031.5400390625,3038.780029296875,4684170000,^GSPC
2020-06-02,3080.820068359375,3081.070068359375,3051.639892578125,3064.780029296875,5197150000,^GSPC
2020-06-03,3122.8701171875,3130.93994140625,3098.89990234375,3098.89990234375,6005560000,^GSPC
2020-06-04,3112.35009765625,3128.909912109375,3090.409912109375,3111.56005859375,6451290000,^GSPC
2020-06-05,3193.929931640625,3211.719970703125,3163.840087890625,3163.840087890625,8639300000,^GSPC
2020-06-08,3232.389892578125,3233.1298828125,3196.0,3199.919921875,8498300000,^GSPC
2020-06-09,3207.179931640625,3222.7099609375,3193.110107421875,3213.320068359375,6410930000,^GSPC
2020-06-10,3190.139892578125,3223.27001953125,3181.489990234375,3213.419921875,6598870000,^GSPC
2020-06-11,3002.10009765625,3123.530029296875,2999.489990234375,3123.530029296875,7037320000,^GSPC
2020-06-12,3041.31005859375,3088.419921875,2984.469970703125,3071.0400390625,5845330000,^GSPC
2020-06-15,3066.590087890625,3079.760009765625,2965.659912109375,2993.760009765625,5757480000,^GSPC
2020-06-16,3124.739990234375,3153.449951171875,3076.06005859375,3131.0,5845810000,^GSPC
2020-06-17,3113.489990234375,3141.159912109375,3108.030029296875,3136.1298828125,4560450000,^GSPC
2020-06-18,3115.340087890625,3120.0,3093.510009765625,3101.639892578125,4448690000,^GSPC
2020-06-19,3097.739990234375,3155.530029296875,3083.110107421875,3140.2900390625,8346650000,^GSPC
2020-06-22,3117.860107421875,3120.919921875,3079.389892578125,3094.419921875,4686690000,^GSPC
2020-06-23,3131.2900390625,3154.89990234375,3127.1201171875,3138.699951171875,4711850000,^GSPC
2020-06-24,3050.330078125,3115.010009765625,3032.1298828125,3114.39990234375,5597680000,^GSPC
2020-06-25,3083.760009765625,3086.25,3024.010009765625,3046.60009765625,4847690000,^GSPC
2020-06-26,3009.050048828125,3073.72998046875,3004.6298828125,3073.199951171875,8107850000,^GSPC
2020-06-29,3053.239990234375,3053.889892578125,2999.739990234375,3018.590087890625,4473970000,^GSPC
2020-06-30,3100.2900390625,3111.510009765625,3047.830078125,3050.199951171875,4705850000,^GSPC
2020-07-01,3115.860107421875,3128.43994140625,3101.169921875,3105.919921875,4449230000,^GSPC
2020-07-02,3130.010009765625,3165.81005859375,3124.52001953125,3143.639892578125,4197720000,^GSPC
2020-07-06,3179.719970703125,3182.590087890625,3155.2900390625,3155.2900390625,4759160000,^GSPC
2020-07-07,3145.320068359375,3184.14990234375,3142.929931640625,3166.43994140625,4571330000,^GSPC
2020-07-08,3169.93994140625,3171.800048828125,3136.530029296875,3153.070068359375,4937310000,^GSPC
2020-07-09,3152.050048828125,3179.780029296875,3115.699951171875,3176.169921875,4843650000,^GSPC
2020-07-10,3185.0400390625,3186.820068359375,3136.219970703125,3152.469970703125,4524190000,^GSPC
2020-07-13,3155.219970703125,3235.320068359375,3149.429931640625,3205.080078125,4902440000,^GSPC
2020-07-14,3197.52001953125,3200.949951171875,3127.659912109375,3141.110107421875,4507140000,^GSPC
2020-07-15,3226.56005859375,3238.280029296875,3200.760009765625,3225.97998046875,4686830000,^GSPC
2020-07-16,3215.570068359375,3220.389892578125,3198.590087890625,3208.360107421875,3972860000,^GSPC
2020-07-17,3224.72998046875,3233.52001953125,3205.64990234375,3224.2099609375,4012850000,^GSPC
2020-07-20,3251.840087890625,3258.610107421875,3215.159912109375,3224.2900390625,3979340000,^GSPC
2020-07-21,3257.300048828125,3277.2900390625,3247.77001953125,3268.52001953125,4556610000,^GSPC
2020-07-22,3276.02001953125,3279.320068359375,3253.10009765625,3254.860107421875,4267160000,^GSPC
2020-07-23,3235.659912109375,3279.989990234375,3222.659912109375,3271.639892578125,4296760000,^GSPC
2020-07-24,3215.6298828125,3227.260009765625,3200.050048828125,3218.580078125,3689410000,^GSPC
2020-07-27,3239.409912109375,3241.429931640625,3214.25,3219.840087890625,3970310000,^GSPC
2020-07-28,3218.43994140625,3243.719970703125,3216.169921875,3234.27001953125,4053180000,^GSPC
2020-07-29,3258.43994140625,3264.739990234375,3227.219970703125,3227.219970703125,4478200000,^GSPC
2020-07-30,3246.219970703125,3250.919921875,3204.1298828125,3231.760009765625,4264920000,^GSPC
2020-07-31,3271.1201171875,3272.169921875,3220.260009765625,3270.449951171875,5007530000,^GSPC
2020-08-03,3294.610107421875,3302.72998046875,3284.530029296875,3288.260009765625,4438940000,^GSPC
2020-08-04,3306.510009765625,3306.840087890625,3286.3701171875,3289.919921875,4414380000,^GSPC
2020-08-05,3327.77001953125,3330.77001953125,3317.3701171875,3317.3701171875,4535060000,^GSPC
2020-08-06,3349.159912109375,3351.030029296875,3318.139892578125,3323.169921875,4278930000,^GSPC
2020-08-07,3351.280029296875,3352.5400390625,3328.719970703125,3340.050048828125,4110030000,^GSPC
2020-08-10,3360.469970703125,3363.2900390625,3335.43994140625,3356.0400390625,4327920000,^GSPC
2020-08-11,3333.68994140625,3381.010009765625,3326.43994140625,3370.340087890625,4880540000,^GSPC
2020-08-12,3380.35009765625,3387.889892578125,3355.4599609375,3355.4599609375,3772250000,^GSPC
2020-08-13,3373.429931640625,3387.239990234375,3363.35009765625,3372.949951171875,3438730000,^GSPC
2020-08-14,3372.85009765625,3378.510009765625,3361.639892578125,3368.659912109375,3200060000,^GSPC
2020-08-17,3381.989990234375,3387.590087890625,3379.219970703125,3380.860107421875,3460330000,^GSPC
2020-08-18,3389.780029296875,3395.06005859375,3370.14990234375,3387.0400390625,3669550000,^GSPC
2020-08-19,3374.85009765625,3399.5400390625,3369.659912109375,3392.510009765625,3679480000,^GSPC
2020-08-20,3385.510009765625,3390.800048828125,3354.68994140625,3360.47998046875,3431040000,^GSPC
2020-08-21,3397.159912109375,3399.9599609375,3379.31005859375,3386.010009765625,3505010000,^GSPC
2020-08-24,3431.280029296875,3432.090087890625,3413.1298828125,3418.090087890625,3743410000,^GSPC
2020-08-25,3443.6201171875,3444.2099609375,3425.840087890625,3435.949951171875,3627650000,^GSPC
2020-08-26,3478.72998046875,3481.070068359375,3444.14990234375,3449.969970703125,3780530000,^GSPC
2020-08-27,3484.550048828125,3501.3798828125,3468.35009765625,3485.139892578125,3955890000,^GSPC
2020-08-28,3508.010009765625,3509.22998046875,3484.320068359375,3494.68994140625,3868510000,^GSPC
2020-08-31,3500.31005859375,3514.77001953125,3493.25,3509.72998046875,4348280000,^GSPC
2020-09-01,3526.64990234375,3528.030029296875,3494.60009765625,3507.43994140625,4101490000,^GSPC
2020-09-02,3580.840087890625,3588.110107421875,3535.22998046875,3543.760009765625,4295640000,^GSPC
2020-09-03,3455.06005859375,3564.85009765625,3427.409912109375,3564.739990234375,4911830000,^GSPC
2020-09-04,3426.9599609375,3479.14990234375,3349.6298828125,3453.60009765625,4438720000,^GSPC
2020-09-08,3331.840087890625,3379.969970703125,3329.27001953125,3371.8798828125,4694330000,^GSPC
2020-09-09,3398.9599609375,3424.77001953125,3366.840087890625,3369.820068359375,3932520000,^GSPC
2020-09-10,3339.18994140625,3425.550048828125,3329.25,3412.56005859375,4208630000,^GSPC
2020-09-11,3340.969970703125,3368.949951171875,3310.469970703125,3352.699951171875,3710090000,^GSPC
2020-09-14,3383.5400390625,3402.929931640625,3363.56005859375,3363.56005859375,3839580000,^GSPC
2020-09-15,3401.199951171875,3419.47998046875,3389.25,3407.72998046875,4057190000,^GSPC
2020-09-16,3385.489990234375,3428.919921875,3384.449951171875,3411.22998046875,4718900000,^GSPC
2020-09-17,3357.010009765625,3375.169921875,3328.820068359375,3346.860107421875,4379840000,^GSPC
2020-09-18,3319.469970703125,3362.27001953125,3292.39990234375,3357.3798828125,7076400000,^GSPC
2020-09-21,3281.06005859375,3285.570068359375,3229.10009765625,3285.570068359375,4836070000,^GSPC
2020-09-22,3315.570068359375,3320.31005859375,3270.949951171875,3295.75,3974510000,^GSPC
2020-09-23,3236.919921875,3323.35009765625,3232.570068359375,3320.110107421875,4378650000,^GSPC
2020-09-24,3246.590087890625,3278.699951171875,3209.449951171875,3226.139892578125,4601920000,^GSPC
2020-09-25,3298.4599609375,3306.8798828125,3228.43994140625,3236.659912109375,3803330000,^GSPC
2020-09-28,3351.60009765625,3360.739990234375,3332.909912109375,3333.89990234375,3950910000,^GSPC
2020-09-29,3335.469970703125,3357.919921875,3327.5400390625,3350.919921875,3661590000,^GSPC
2020-09-30,3363.0,3393.56005859375,3340.469970703125,3341.2099609375,4738640000,^GSPC
2020-10-01,3380.800048828125,3397.179931640625,3361.389892578125,3385.8701171875,4076340000,^GSPC
2020-10-02,3348.419921875,3369.10009765625,3323.68994140625,3338.93994140625,3975180000,^GSPC
2020-10-05,3408.60009765625,3409.570068359375,3367.27001953125,3367.27001953125,3692720000,^GSPC
2020-10-06,3360.969970703125,3431.56005859375,3354.5400390625,3408.739990234375,4453390000,^GSPC
2020-10-07,3419.43994140625,3426.260009765625,3384.56005859375,3384.56005859375,3814750000,^GSPC
2020-10-08,3446.830078125,3447.280029296875,3428.14990234375,3434.280029296875,3867640000,^GSPC
2020-10-09,3477.139892578125,3482.340087890625,3458.070068359375,3459.669921875,3944090000,^GSPC
2020-10-12,3534.219970703125,3549.85009765625,3499.610107421875,3500.02001953125,3435760000,^GSPC
2020-10-13,3511.929931640625,3534.010009765625,3500.860107421875,3534.010009765625,3611100000,^GSPC
2020-10-14,3488.669921875,3527.93994140625,3480.550048828125,3515.469970703125,3858510000,^GSPC
2020-10-15,3483.340087890625,3489.080078125,3440.889892578125,3453.719970703125,3724550000,^GSPC
2020-10-16,3483.81005859375,3515.760009765625,3480.449951171875,3493.5,4688030000,^GSPC
2020-10-19,3426.919921875,3502.419921875,3419.929931640625,3493.659912109375,4091080000,^GSPC
2020-10-20,3443.1201171875,3476.929931640625,3435.64990234375,3439.3798828125,3917850000,^GSPC
2020-10-21,3435.56005859375,3464.860107421875,3433.06005859375,3439.909912109375,4103960000,^GSPC
2020-10-22,3453.489990234375,3460.530029296875,3415.340087890625,3438.5,4172060000,^GSPC
2020-10-23,3465.389892578125,3466.4599609375,3440.449951171875,3464.89990234375,3651600000,^GSPC
2020-10-26,3400.969970703125,3441.419921875,3364.860107421875,3441.419921875,4002210000,^GSPC
2020-10-27,3390.679931640625,3409.510009765625,3388.7099609375,3403.14990234375,3962400000,^GSPC
2020-10-28,3271.030029296875,3342.47998046875,3268.889892578125,3342.47998046875,5139970000,^GSPC
2020-10-29,3310.110107421875,3341.050048828125,3259.820068359375,3277.169921875,4911860000,^GSPC
2020-10-30,3269.9599609375,3304.929931640625,3233.93994140625,3293.590087890625,4843930000,^GSPC
2020-11-02,3310.239990234375,3330.139892578125,3279.739990234375,3296.199951171875,4314690000,^GSPC
2020-11-03,3369.159912109375,3389.489990234375,3336.25,3336.25,4241380000,^GSPC
2020-11-04,3443.43994140625,3486.25,3405.169921875,3406.4599609375,4790400000,^GSPC
2020-11-05,3510.449951171875,3529.050048828125,3485.739990234375,3485.739990234375,4858150000,^GSPC
2020-11-06,3509.43994140625,3521.580078125,3484.340087890625,3508.340087890625,4842460000,^GSPC
2020-11-09,3550.5,3645.989990234375,3547.47998046875,3583.0400390625,8570510000,^GSPC
2020-11-10,3545.530029296875,3557.219970703125,3511.909912109375,3543.260009765625,6037470000,^GSPC
2020-11-11,3572.659912109375,3581.159912109375,3557.0,3563.219970703125,4635560000,^GSPC
2020-11-12,3537.010009765625,3569.02001953125,3518.580078125,3562.669921875,4909660000,^GSPC
2020-11-13,3585.14990234375,3593.659912109375,3552.570068359375,3552.570068359375,4719580000,^GSPC
2020-11-16,3626.909912109375,3628.510009765625,3600.159912109375,3600.159912109375,5295510000,^GSPC
2020-11-17,3609.530029296875,3623.110107421875,3588.679931640625,3610.31005859375,4812180000,^GSPC
2020-11-18,3567.7900390625,3619.090087890625,3567.330078125,3612.090087890625,5284810000,^GSPC
2020-11-19,3581.8701171875,3585.219970703125,3543.840087890625,3559.409912109375,4363370000,^GSPC
2020-11-20,3557.5400390625,3581.22998046875,3556.85009765625,3579.31005859375,4236370000,^GSPC
2020-11-23,3577.590087890625,3589.81005859375,3552.77001953125,3566.820068359375,5057550000,^GSPC
2020-11-24,3635.409912109375,3642.31005859375,3594.52001953125,3594.52001953125,6280290000,^GSPC
2020-11-25,3629.64990234375,3635.5,3617.760009765625,3635.5,4910440000,^GSPC
2020-11-27,3638.35009765625,3644.31005859375,3629.330078125,3638.550048828125,2778390000,^GSPC
2020-11-30,3621.6298828125,3634.179931640625,3594.389892578125,3634.179931640625,6308410000,^GSPC
2020-12-01,3662.449951171875,3678.449951171875,3645.8701171875,3645.8701171875,5418480000,^GSPC
2020-12-02,3669.010009765625,3670.9599609375,3644.840087890625,3653.780029296875,5041250000,^GSPC
2020-12-03,3666.719970703125,3682.72998046875,3657.169921875,3668.280029296875,5065340000,^GSPC
2020-12-04,3699.1201171875,3699.199951171875,3670.93994140625,3670.93994140625,5099620000,^GSPC
2020-12-07,3691.9599609375,3697.409912109375,3678.8798828125,3694.72998046875,4804500000,^GSPC
2020-12-08,3702.25,3708.449951171875,3678.830078125,3683.050048828125,4584390000,^GSPC
2020-12-09,3672.820068359375,3712.389892578125,3660.5400390625,3705.97998046875,5232800000,^GSPC
2020-12-10,3668.10009765625,3678.489990234375,3645.179931640625,3659.1298828125,4658480000,^GSPC
2020-12-11,3663.4599609375,3665.909912109375,3633.39990234375,3656.080078125,4375470000,^GSPC
2020-12-14,3647.489990234375,3697.610107421875,3645.840087890625,3675.27001953125,4623850000,^GSPC
2020-12-15,3694.6201171875,3695.2900390625,3659.6201171875,3666.409912109375,4387080000,^GSPC
2020-12-16,3701.169921875,3711.27001953125,3688.570068359375,3696.25,4067040000,^GSPC
2020-12-17,3722.47998046875,3725.1201171875,3710.8701171875,3713.64990234375,4192810000,^GSPC
2020-12-18,3709.409912109375,3726.699951171875,3685.840087890625,3722.389892578125,7097100000,^GSPC
2020-12-21,3694.919921875,3702.89990234375,3636.47998046875,3684.280029296875,4748580000,^GSPC
2020-12-22,3687.260009765625,3698.260009765625,3676.159912109375,3698.080078125,4053310000,^GSPC
2020-12-23,3690.010009765625,3711.239990234375,3689.280029296875,3693.419921875,3779160000,^GSPC
2020-12-24,3703.06005859375,3703.820068359375,3689.320068359375,3694.030029296875,1883780000,^GSPC
2020-12-28,3735.360107421875,3740.510009765625,3723.030029296875,3723.030029296875,3535460000,^GSPC
2020-12-29,3727.0400390625,3756.1201171875,3723.31005859375,3750.010009765625,3393290000,^GSPC
2020-12-30,3732.0400390625,3744.6298828125,3730.2099609375,3736.18994140625,3154850000,^GSPC
2020-12-31,3756.070068359375,3760.199951171875,3726.8798828125,3733.27001953125,3179040000,^GSPC
2021-01-04,3700.64990234375,3769.989990234375,3662.7099609375,3764.610107421875,5015000000,^GSPC
2021-01-05,3726.860107421875,3737.830078125,3695.070068359375,3698.02001953125,4591020000,^GSPC
2021-01-06,3748.139892578125,3783.0400390625,3705.340087890625,3712.199951171875,6064110000,^GSPC
2021-01-07,3803.7900390625,3811.550048828125,3764.7099609375,3764.7099609375,5099160000,^GSPC
2021-01-08,3824.679931640625,3826.68994140625,3783.60009765625,3815.050048828125,4773040000,^GSPC
2021-01-11,3799.610107421875,3817.860107421875,3789.02001953125,3803.139892578125,4465430000,^GSPC
2021-01-12,3801.18994140625,3810.780029296875,3776.510009765625,3801.6201171875,4994950000,^GSPC
2021-01-13,3809.840087890625,3820.9599609375,3791.5,3802.22998046875,4602510000,^GSPC
2021-01-14,3795.5400390625,3823.60009765625,3792.860107421875,3814.97998046875,5198480000,^GSPC
2021-01-15,3768.25,3788.72998046875,3749.6201171875,3788.72998046875,5369820000,^GSPC
2021-01-19,3798.909912109375,3804.530029296875,3780.3701171875,3781.8798828125,5014440000,^GSPC
2021-01-20,3851.85009765625,3859.75,3816.219970703125,3816.219970703125,4566190000,^GSPC
2021-01-21,3853.070068359375,3861.449951171875,3845.050048828125,3857.4599609375,4501760000,^GSPC
2021-01-22,3841.469970703125,3852.31005859375,3830.409912109375,3844.239990234375,5110890000,^GSPC
2021-01-25,3855.360107421875,3859.22998046875,3797.159912109375,3851.679931640625,7000840000,^GSPC
2021-01-26,3849.6201171875,3870.89990234375,3847.780029296875,3862.9599609375,6137500000,^GSPC
2021-01-27,3750.77001953125,3836.830078125,3732.47998046875,3836.830078125,9976520000,^GSPC
2021-01-28,3787.3798828125,3830.5,3755.75,3755.75,6992770000,^GSPC
2021-01-29,3714.239990234375,3778.050048828125,3694.1201171875,3778.050048828125,6643370000,^GSPC
2021-02-01,3773.860107421875,3784.320068359375,3725.6201171875,3731.169921875,5436230000,^GSPC
2021-02-02,3826.31005859375,3843.090087890625,3791.840087890625,3791.840087890625,5514090000,^GSPC
2021-02-03,3830.169921875,3847.510009765625,3816.679931640625,3840.27001953125,4864870000,^GSPC
2021-02-04,3871.739990234375,3872.419921875,3836.659912109375,3836.659912109375,4879240000,^GSPC
2021-02-05,3886.830078125,3894.56005859375,3874.929931640625,3878.300048828125,4879470000,^GSPC
2021-02-08,3915.590087890625,3915.77001953125,3892.590087890625,3892.590087890625,4648360000,^GSPC
2021-02-09,3911.22998046875,3918.35009765625,3902.639892578125,3910.489990234375,4568320000,^GSPC
2021-02-10,3909.8798828125,3931.5,3884.93994140625,3920.780029296875,4837070000,^GSPC
2021-02-11,3916.3798828125,3925.989990234375,3890.389892578125,3916.39990234375,4590960000,^GSPC
2021-02-12,3934.830078125,3937.22998046875,3905.780029296875,3911.64990234375,4135060000,^GSPC
2021-02-16,3932.590087890625,3950.429931640625,3923.85009765625,3939.610107421875,5058990000,^GSPC
2021-02-17,3931.330078125,3933.610107421875,3900.429931640625,3918.5,4730650000,^GSPC
2021-02-18,3913.969970703125,3921.97998046875,3885.030029296875,3915.860107421875,4793650000,^GSPC
2021-02-19,3906.7099609375,3930.409912109375,3903.070068359375,3921.159912109375,4845320000,^GSPC
2021-02-22,3876.5,3902.919921875,3874.7099609375,3885.550048828125,5917100000,^GSPC
2021-02-23,3881.3701171875,3895.97998046875,3805.590087890625,3857.070068359375,6296610000,^GSPC
2021-02-24,3925.429931640625,3928.64990234375,3859.60009765625,3873.7099609375,6012790000,^GSPC
2021-02-25,3829.340087890625,3925.02001953125,3814.0400390625,3915.800048828125,6547470000,^GSPC
2021-02-26,3811.14990234375,3861.080078125,3789.5400390625,3839.659912109375,6526070000,^GSPC
2021-03-01,3901.820068359375,3914.5,3842.510009765625,3842.510009765625,5114820000,^GSPC
2021-03-02,3870.2900390625,3906.409912109375,3868.570068359375,3903.639892578125,5536010000,^GSPC
2021-03-03,3819.719970703125,3874.469970703125,3818.860107421875,3863.989990234375,6173660000,^GSPC
2021-03-04,3768.469970703125,3843.669921875,3723.340087890625,3818.530029296875,7195400000,^GSPC
2021-03-05,3841.93994140625,3851.68994140625,3730.18994140625,3793.580078125,6851070000,^GSPC
2021-03-08,3821.35009765625,3881.06005859375,3819.25,3844.389892578125,5871710000,^GSPC
2021-03-09,3875.43994140625,3903.760009765625,3851.929931640625,3851.929931640625,5513560000,^GSPC
2021-03-10,3898.81005859375,3917.35009765625,3885.72998046875,3891.989990234375,5847380000,^GSPC
2021-03-11,3939.340087890625,3960.27001953125,3915.5400390625,3915.5400390625,5312880000,^GSPC
2021-03-12,3943.340087890625,3944.989990234375,3915.2099609375,3924.52001953125,4476280000,^GSPC
2021-03-15,3968.93994140625,3970.080078125,3923.5400390625,3942.9599609375,4900100000,^GSPC
2021-03-16,3962.7099609375,3981.0400390625,3953.43994140625,3973.590087890625,4613080000,^GSPC
2021-03-17,3974.1201171875,3983.8701171875,3935.739990234375,3949.570068359375,4561660000,^GSPC
2021-03-18,3915.4599609375,3969.6201171875,3910.860107421875,3953.5,5118590000,^GSPC
2021-03-19,3913.10009765625,3930.1201171875,3886.75,3913.139892578125,7757420000,^GSPC
2021-03-22,3940.590087890625,3955.31005859375,3914.159912109375,3916.47998046875,4316260000,^GSPC
2021-03-23,3910.52001953125,3949.1298828125,3901.570068359375,3937.60009765625,4669010000,^GSPC
2021-03-24,3889.139892578125,3942.080078125,3889.070068359375,3919.929931640625,4783020000,^GSPC
2021-03-25,3909.52001953125,3919.5400390625,3853.5,3879.340087890625,4948340000,^GSPC
2021-03-26,3974.5400390625,3978.18994140625,3917.1201171875,3917.1201171875,5483160000,^GSPC
2021-03-29,3971.090087890625,3981.830078125,3943.25,3969.31005859375,4628180000,^GSPC
2021-03-30,3958.550048828125,3968.010009765625,3944.35009765625,3963.340087890625,4121510000,^GSPC
2021-03-31,3972.889892578125,3994.409912109375,3966.97998046875,3967.25,4578050000,^GSPC
2021-04-01,4019.8701171875,4020.6298828125,3992.780029296875,3992.780029296875,4162130000,^GSPC
2021-04-05,4077.909912109375,4083.419921875,4034.43994140625,4034.43994140625,4005030000,^GSPC
2021-04-06,4073.93994140625,4086.22998046875,4068.139892578125,4075.570068359375,4081270000,^GSPC
2021-04-07,4079.949951171875,4083.1298828125,4068.31005859375,4074.2900390625,4120810000,^GSPC
2021-04-08,4097.169921875,4098.18994140625,4082.5400390625,4089.949951171875,3907100000,^GSPC
2021-04-09,4128.7998046875,4129.47998046875,4095.510009765625,4096.10986328125,3640390000,^GSPC
2021-04-12,4127.990234375,4131.759765625,4114.81982421875,4124.7099609375,3588900000,^GSPC
2021-04-13,4141.58984375,4148.0,4124.43017578125,4130.10009765625,3734720000,^GSPC
2021-04-14,4124.66015625,4151.68994140625,4120.8701171875,4141.580078125,3985350000,^GSPC
2021-04-15,4170.419921875,4173.490234375,4139.759765625,4139.759765625,4033420000,^GSPC
2021-04-16,4185.47021484375,4191.31005859375,4170.75,4174.14013671875,4163820000,^GSPC
2021-04-19,4163.259765625,4180.81005859375,4150.47021484375,4179.7998046875,3810290000,^GSPC
2021-04-20,4134.93994140625,4159.18017578125,4118.3798828125,4159.18017578125,4342650000,^GSPC
2021-04-21,4173.419921875,4175.02001953125,4126.35009765625,4128.419921875,3887250000,^GSPC
2021-04-22,4134.97998046875,4179.56982421875,4123.68994140625,4170.4599609375,4245140000,^GSPC
2021-04-23,4180.169921875,4194.169921875,4138.77978515625,4138.77978515625,3569880000,^GSPC
2021-04-26,4187.6201171875,4194.18994140625,4182.35986328125,4185.02978515625,3748320000,^GSPC
2021-04-27,4186.72021484375,4193.35009765625,4176.22021484375,4188.25,3710700000,^GSPC
2021-04-28,4183.18017578125,4201.52978515625,4181.77978515625,4185.14013671875,3787360000,^GSPC
2021-04-29,4211.47021484375,4218.77978515625,4176.81005859375,4206.14013671875,4298680000,^GSPC
2021-04-30,4181.169921875,4198.10009765625,4174.85009765625,4198.10009765625,4300880000,^GSPC
2021-05-03,4192.66015625,4209.39013671875,4188.02978515625,4191.97998046875,4070220000,^GSPC
2021-05-04,4164.66015625,4179.0400390625,4128.58984375,4179.0400390625,4452460000,^GSPC
2021-05-05,4167.58984375,4187.72021484375,4160.93994140625,4177.06005859375,4230920000,^GSPC
2021-05-06,4201.6201171875,4202.7001953125,4147.330078125,4169.14013671875,4511000000,^GSPC
2021-05-07,4232.60009765625,4238.0400390625,4201.64013671875,4210.33984375,4016080000,^GSPC
2021-05-10,4188.43017578125,4236.39013671875,4188.1298828125,4228.2900390625,4560700000,^GSPC
2021-05-11,4152.10009765625,4162.0400390625,4111.52978515625,4150.33984375,4870710000,^GSPC
2021-05-12,4063.0400390625,4134.72998046875,4056.8798828125,4130.5498046875,4733070000,^GSPC
2021-05-13,4112.5,4131.580078125,4074.989990234375,4074.989990234375,4779540000,^GSPC
2021-05-14,4173.85009765625,4183.1298828125,4129.580078125,4129.580078125,4008880000,^GSPC
2021-05-17,4163.2900390625,4171.919921875,4142.68994140625,4169.919921875,4125050000,^GSPC
2021-05-18,4127.830078125,4169.14990234375,4125.990234375,4165.93994140625,4398150000,^GSPC
2021-05-19,4115.68017578125,4116.93017578125,4061.409912109375,4098.4501953125,4247450000,^GSPC
2021-05-20,4159.1201171875,4172.7998046875,4121.97021484375,4121.97021484375,3978880000,^GSPC
2021-05-21,4155.85986328125,4188.72021484375,4151.72021484375,4168.60986328125,3995250000,^GSPC
2021-05-24,4197.0498046875,4209.52001953125,4170.16015625,4170.16015625,3684800000,^GSPC
2021-05-25,4188.1298828125,4213.419921875,4182.52001953125,4205.93994140625,4182250000,^GSPC
2021-05-26,4195.990234375,4202.60986328125,4184.10986328125,4191.58984375,4420890000,^GSPC
2021-05-27,4200.8798828125,4213.3798828125,4197.77978515625,4201.93994140625,6406310000,^GSPC
2021-05-28,4204.10986328125,4218.35986328125,4203.56982421875,4210.77001953125,4649250000,^GSPC
2021-06-01,4202.0400390625,4234.1201171875,4197.58984375,4216.52001953125,5074670000,^GSPC
2021-06-02,4208.1201171875,4217.3701171875,4198.27001953125,4206.81982421875,5833670000,^GSPC
2021-06-03,4192.85009765625,4204.39013671875,4167.93017578125,4191.43017578125,5587970000,^GSPC
2021-06-04,4229.89013671875,4233.4501953125,4206.0498046875,4206.0498046875,4139790000,^GSPC
2021-06-07,4226.52001953125,4232.33984375,4215.66015625,4229.33984375,4476920000,^GSPC
2021-06-08,4227.259765625,4236.740234375,4208.41015625,4233.81005859375,4659620000,^GSPC
2021-06-09,4219.5498046875,4237.08984375,4218.740234375,4232.990234375,4713260000,^GSPC
2021-06-10,4239.18017578125,4249.740234375,4220.33984375,4228.56005859375,4408210000,^GSPC
2021-06-11,4247.43994140625,4248.3798828125,4232.25,4242.89990234375,3815010000,^GSPC
2021-06-14,4255.14990234375,4255.58984375,4234.06982421875,4248.31005859375,4151200000,^GSPC
2021-06-15,4246.58984375,4257.16015625,4238.35009765625,4255.27978515625,4048940000,^GSPC
2021-06-16,4223.7001953125,4251.89013671875,4202.4501953125,4248.8701171875,4538350000,^GSPC
2021-06-17,4221.85986328125,4232.2900390625,4196.0498046875,4220.3701171875,5312680000,^GSPC
2021-06-18,4166.4501953125,4204.77978515625,4164.39990234375,4204.77978515625,6817010000,^GSPC
2021-06-21,4224.7900390625,4226.240234375,4173.39990234375,4173.39990234375,4128950000,^GSPC
2021-06-22,4246.43994140625,4255.83984375,4217.27001953125,4224.60986328125,3828390000,^GSPC
2021-06-23,4241.83984375,4256.60009765625,4241.43017578125,4249.27001953125,3730350000,^GSPC
2021-06-24,4266.490234375,4271.27978515625,4256.97021484375,4256.97021484375,3816660000,^GSPC
2021-06-25,4280.7001953125,4286.1201171875,4271.16015625,4274.4501953125,7341450000,^GSPC
2021-06-28,4290.60986328125,4292.14013671875,4274.669921875,4284.89990234375,4147890000,^GSPC
2021-06-29,4291.7998046875,4300.52001953125,4287.0400390625,4293.2099609375,3707150000,^GSPC
2021-06-30,4297.5,4302.43017578125,4287.9599609375,4290.64990234375,4266040000,^GSPC
2021-07-01,4319.93994140625,4320.66015625,4300.72998046875,4300.72998046875,3788230000,^GSPC
2021-07-02,4352.33984375,4355.43017578125,4326.60009765625,4326.60009765625,3225840000,^GSPC
2021-07-06,4343.5400390625,4356.4599609375,4314.3701171875,4356.4599609375,4309570000,^GSPC
2021-07-07,4358.1298828125,4361.8798828125,4329.7900390625,4351.009765625,4037380000,^GSPC
2021-07-08,4320.81982421875,4330.8798828125,4289.3701171875,4321.06982421875,4347500000,^GSPC
2021-07-09,4369.5498046875,4371.60009765625,4329.3798828125,4329.3798828125,3531120000,^GSPC
2021-07-12,4384.6298828125,4386.68017578125,4364.02978515625,4372.41015625,3384460000,^GSPC
2021-07-13,4369.2099609375,4392.3701171875,4366.919921875,4381.06982421875,3695430000,^GSPC
2021-07-14,4374.2998046875,4393.68017578125,4362.35986328125,4380.10986328125,4006370000,^GSPC
2021-07-15,4360.02978515625,4369.02001953125,4340.7001953125,4369.02001953125,3905230000,^GSPC
2021-07-16,4327.16015625,4375.08984375,4322.52978515625,4367.43017578125,3985700000,^GSPC
2021-07-19,4258.490234375,4296.39990234375,4233.1298828125,4296.39990234375,5157660000,^GSPC
2021-07-20,4323.06005859375,4336.83984375,4262.0498046875,4265.10986328125,4438270000,^GSPC
2021-07-21,4358.68994140625,4359.7001953125,4331.1298828125,4331.1298828125,3810280000,^GSPC
2021-07-22,4367.47998046875,4369.8701171875,4350.06005859375,4361.27001953125,3358300000,^GSPC
2021-07-23,4411.7900390625,4415.18017578125,4381.2001953125,4381.2001953125,4540070000,^GSPC
2021-07-26,4422.2998046875,4422.72998046875,4405.4501953125,4409.580078125,4275630000,^GSPC
2021-07-27,4401.4599609375,4416.3798828125,4372.509765625,4416.3798828125,4241950000,^GSPC
2021-07-28,4400.64013671875,4415.47021484375,4387.009765625,4402.9501953125,4215290000,^GSPC
2021-07-29,4419.14990234375,4429.97021484375,4403.58984375,4403.58984375,4044600000,^GSPC
2021-07-30,4395.259765625,4412.25,4389.64990234375,4395.1201171875,3956740000,^GSPC
2021-08-02,4387.16015625,4422.18017578125,4384.81005859375,4406.85986328125,3724090000,^GSPC
2021-08-03,4423.14990234375,4423.7900390625,4373.0,4392.740234375,3965190000,^GSPC
2021-08-04,4402.66015625,4416.169921875,4400.22998046875,4415.9501953125,4260760000,^GSPC
2021-08-05,4429.10009765625,4429.759765625,4408.85986328125,4408.85986328125,3769410000,^GSPC
2021-08-06,4436.52001953125,4440.81982421875,4429.06982421875,4429.06982421875,3451870000,^GSPC
2021-08-09,4432.35009765625,4439.39013671875,4424.740234375,4437.77001953125,3449280000,^GSPC
2021-08-10,4436.75,4445.2099609375,4430.02978515625,4435.7900390625,3886610000,^GSPC
2021-08-11,4442.41015625,4449.43994140625,4436.419921875,4442.18017578125,3532560000,^GSPC
2021-08-12,4460.830078125,4461.77001953125,4435.9599609375,4446.080078125,3375310000,^GSPC
2021-08-13,4468.0,4468.3701171875,4460.81982421875,4464.83984375,3016470000,^GSPC
2021-08-16,4479.7099609375,4480.259765625,4437.66015625,4461.64990234375,3370640000,^GSPC
2021-08-17,4448.080078125,4462.1201171875,4417.830078125,4462.1201171875,3836960000,^GSPC
2021-08-18,4400.27001953125,4454.31982421875,4397.58984375,4440.93994140625,3755590000,^GSPC
2021-08-19,4405.7998046875,4418.60986328125,4367.72998046875,4382.43994140625,4398410000,^GSPC
2021-08-20,4441.669921875,4444.35009765625,4406.7998046875,4410.56005859375,3652610000,^GSPC
2021-08-23,4479.52978515625,4489.8798828125,4450.2900390625,4450.2900390625,3576530000,^GSPC
2021-08-24,4486.22998046875,4492.81005859375,4482.27978515625,4484.39990234375,3979220000,^GSPC
2021-08-25,4496.18994140625,4501.7099609375,4485.66015625,4490.4501953125,3444700000,^GSPC
2021-08-26,4470.0,4495.89990234375,4468.990234375,4493.75,3263980000,^GSPC
2021-08-27,4509.3701171875,4513.330078125,4474.10009765625,4474.10009765625,3331200000,^GSPC
2021-08-30,4528.7900390625,4537.35986328125,4513.759765625,4513.759765625,3168660000,^GSPC
2021-08-31,4522.68017578125,4531.39013671875,4515.7998046875,4529.75,4290710000,^GSPC
2021-09-01,4524.08984375,4537.10986328125,4522.02001953125,4528.7998046875,4057340000,^GSPC
2021-09-02,4536.9501953125,4545.85009765625,4524.66015625,4534.47998046875,3735990000,^GSPC
2021-09-03,4535.43017578125,4541.4501953125,4521.2998046875,4532.419921875,3217530000,^GSPC
2021-09-07,4520.02978515625,4535.3798828125,4513.0,4535.3798828125,3822960000,^GSPC
2021-09-08,4514.06982421875,4521.7900390625,4493.9501953125,4518.08984375,3750880000,^GSPC
2021-09-09,4493.27978515625,4529.89990234375,4492.06982421875,4513.02001953125,3735390000,^GSPC
2021-09-10,4458.580078125,4520.47021484375,4457.66015625,4506.919921875,3623180000,^GSPC
2021-09-13,4468.72998046875,4492.990234375,4445.7001953125,4474.81005859375,3914220000,^GSPC
2021-09-14,4443.0498046875,4485.68017578125,4435.4599609375,4479.330078125,3670460000,^GSPC
2021-09-15,4480.7001953125,4486.8701171875,4438.3701171875,4447.490234375,4032020000,^GSPC
2021-09-16,4473.75,4485.8701171875,4443.7998046875,4477.08984375,3984560000,^GSPC
2021-09-17,4432.990234375,4471.52001953125,4427.759765625,4469.740234375,7289530000,^GSPC
2021-09-20,4357.72998046875,4402.9501953125,4305.91015625,4402.9501953125,4898070000,^GSPC
2021-09-21,4354.18994140625,4394.8701171875,4347.9599609375,4374.4501953125,3920920000,^GSPC
2021-09-22,4395.64013671875,4416.75,4367.43017578125,4367.43017578125,3939170000,^GSPC
2021-09-23,4448.97998046875,4465.39990234375,4406.75,4406.75,3916350000,^GSPC
2021-09-24,4455.47998046875,4463.1201171875,4430.27001953125,4438.0400390625,3384290000,^GSPC
2021-09-27,4443.10986328125,4457.2998046875,4436.18994140625,4442.1201171875,4058650000,^GSPC
2021-09-28,4352.6298828125,4419.5400390625,4346.330078125,4419.5400390625,4416550000,^GSPC
2021-09-29,4359.4599609375,4385.56982421875,4355.080078125,4362.41015625,3712660000,^GSPC
2021-09-30,4307.5400390625,4382.5498046875,4306.240234375,4370.669921875,4448140000,^GSPC
2021-10-01,4357.0400390625,4375.18994140625,4288.52001953125,4317.16015625,4010370000,^GSPC
2021-10-04,4300.4599609375,4355.509765625,4278.93994140625,4348.83984375,4307870000,^GSPC
2021-10-05,4345.72021484375,4369.22998046875,4309.8701171875,4309.8701171875,3902890000,^GSPC
2021-10-06,4363.5498046875,4365.56982421875,4290.490234375,4319.56982421875,4009630000,^GSPC
2021-10-07,4399.759765625,4429.97021484375,4383.72998046875,4383.72998046875,3843740000,^GSPC
2021-10-08,4391.33984375,4412.02001953125,4386.22021484375,4406.509765625,3280160000,^GSPC
2021-10-11,4361.18994140625,4415.8798828125,4360.58984375,4385.43994140625,3281970000,^GSPC
2021-10-12,4350.64990234375,4374.89013671875,4342.08984375,4368.31005859375,3558450000,^GSPC
2021-10-13,4363.7998046875,4372.8701171875,4329.919921875,4358.009765625,3620070000,^GSPC
2021-10-14,4438.259765625,4439.72998046875,4386.75,4386.75,3598280000,^GSPC
2021-10-15,4471.3701171875,4475.81982421875,4447.68994140625,4447.68994140625,3819380000,^GSPC
2021-10-18,4486.4599609375,4488.75,4447.47021484375,4463.72021484375,3662010000,^GSPC
2021-10-19,4519.6298828125,4520.39990234375,4496.41015625,4497.33984375,3459130000,^GSPC
2021-10-20,4536.18994140625,4540.8701171875,4524.39990234375,4524.419921875,3670760000,^GSPC
2021-10-21,4549.77978515625,4551.43994140625,4526.89013671875,4532.240234375,3822330000,^GSPC
2021-10-22,4544.89990234375,4559.669921875,4524.0,4546.1201171875,3758220000,^GSPC
2021-10-25,4566.47998046875,4572.6201171875,4537.35986328125,4553.68994140625,3899400000,^GSPC
2021-10-26,4574.7900390625,4598.52978515625,4569.169921875,4578.68994140625,3879740000,^GSPC
2021-10-27,4551.68017578125,4584.56982421875,4551.66015625,4580.22021484375,4226050000,^GSPC
2021-10-28,4596.419921875,4597.5498046875,4562.83984375,4562.83984375,4132950000,^GSPC
2021-10-29,4605.3798828125,4608.080078125,4567.58984375,4572.8701171875,4510200000,^GSPC
2021-11-01,4613.669921875,4620.33984375,4595.06005859375,4610.6201171875,3971540000,^GSPC
2021-11-02,4630.64990234375,4635.14990234375,4613.33984375,4613.33984375,3975250000,^GSPC
2021-11-03,4660.56982421875,4663.4599609375,4621.18994140625,4630.64990234375,4319660000,^GSPC
2021-11-04,4680.06005859375,4683.0,4662.58984375,4662.93017578125,4462300000,^GSPC
2021-11-05,4697.52978515625,4718.5,4681.31982421875,4699.259765625,4467180000,^GSPC
2021-11-08,4701.7001953125,4714.919921875,4694.39013671875,4701.47998046875,4269710000,^GSPC
2021-11-09,4685.25,4708.52978515625,4670.8701171875,4707.25,4117080000,^GSPC
2021-11-10,4646.7099609375,4684.85009765625,4630.85986328125,4670.259765625,4503720000,^GSPC
2021-11-11,4649.27001953125,4664.5498046875,4648.31005859375,4659.39013671875,3926870000,^GSPC
2021-11-12,4682.85009765625,4688.47021484375,4650.77001953125,4655.240234375,3728600000,^GSPC
2021-11-15,4682.7998046875,4697.419921875,4672.85986328125,4689.2998046875,3488410000,^GSPC
2021-11-16,4700.89990234375,4714.9501953125,4679.419921875,4679.419921875,3972640000,^GSPC
2021-11-17,4688.669921875,4701.5,4684.41015625,4701.5,3969070000,^GSPC
2021-11-18,4704.5400390625,4708.7998046875,4672.77978515625,4700.72021484375,4226410000,^GSPC
2021-11-19,4697.9599609375,4717.75,4694.22021484375,4708.43994140625,4253180000,^GSPC
2021-11-22,4682.93994140625,4743.830078125,4682.169921875,4712.0,4441100000,^GSPC
2021-11-23,4690.7001953125,4699.39013671875,4652.66015625,4678.47998046875,4277590000,^GSPC
2021-11-24,4701.4599609375,4702.8701171875,4659.89013671875,4675.77978515625,3418430000,^GSPC
2021-11-26,4594.6201171875,4664.6298828125,4585.43017578125,4664.6298828125,3517700000,^GSPC
2021-11-29,4655.27001953125,4672.9501953125,4625.259765625,4628.75,4336410000,^GSPC
2021-11-30,4567.0,4646.02001953125,4560.0,4640.25,6625990000,^GSPC
2021-12-01,4513.0400390625,4652.93994140625,4510.27001953125,4602.81982421875,5366730000,^GSPC
2021-12-02,4577.10009765625,4595.4599609375,4504.72998046875,4504.72998046875,5077180000,^GSPC
2021-12-03,4538.43017578125,4608.02978515625,4495.1201171875,4589.490234375,5240070000,^GSPC
2021-12-06,4591.669921875,4612.60009765625,4540.509765625,4548.3701171875,4770800000,^GSPC
2021-12-07,4686.75,4694.0400390625,4631.97021484375,4631.97021484375,4492400000,^GSPC
2021-12-08,4701.2099609375,4705.06005859375,4674.52001953125,4690.85986328125,4234600000,^GSPC
2021-12-09,4667.4501953125,4695.259765625,4665.97998046875,4691.0,3903840000,^GSPC
2021-12-10,4712.02001953125,4713.56982421875,4670.240234375,4687.64013671875,3870110000,^GSPC
2021-12-13,4668.97021484375,4710.2998046875,4667.60009765625,4710.2998046875,4397230000,^GSPC
2021-12-14,4634.08984375,4660.47021484375,4606.52001953125,4642.990234375,4485430000,^GSPC
2021-12-15,4709.85009765625,4712.60009765625,4611.22021484375,4636.4599609375,4910130000,^GSPC
2021-12-16,4668.669921875,4731.990234375,4651.89013671875,4719.1298828125,4829500000,^GSPC
2021-12-17,4620.64013671875,4666.7001953125,4600.22021484375,4652.5,7987090000,^GSPC
2021-12-20,4568.02001953125,4587.89990234375,4531.10009765625,4587.89990234375,4635700000,^GSPC
2021-12-21,4649.22998046875,4651.14013671875,4583.16015625,4594.9599609375,4072430000,^GSPC
2021-12-22,4696.56005859375,4697.669921875,4645.52978515625,4650.35986328125,3319610000,^GSPC
2021-12-23,4725.7900390625,4740.740234375,4703.9599609375,4703.9599609375,2913040000,^GSPC
2021-12-27,4791.18994140625,4791.490234375,4733.990234375,4733.990234375,2770290000,^GSPC
2021-12-28,4786.35009765625,4807.02001953125,4780.0400390625,4795.490234375,2707920000,^GSPC
2021-12-29,4793.06005859375,4804.06005859375,4778.080078125,4788.64013671875,2963310000,^GSPC
2021-12-30,4778.72998046875,4808.93017578125,4775.330078125,4794.22998046875,3124950000,^GSPC
2021-12-31,4766.18017578125,4786.830078125,4765.75,4775.2099609375,2677820000,^GSPC
2022-01-03,4796.56005859375,4796.64013671875,4758.169921875,4778.14013671875,3831020000,^GSPC
2022-01-04,4793.5400390625,4818.6201171875,4774.27001953125,4804.509765625,4683170000,^GSPC
2022-01-05,4700.580078125,4797.7001953125,4699.43994140625,4787.990234375,4887960000,^GSPC
2022-01-06,4696.0498046875,4725.009765625,4671.259765625,4693.39013671875,4295280000,^GSPC
2022-01-07,4677.02978515625,4707.9501953125,4662.740234375,4697.66015625,4181510000,^GSPC
2022-01-10,4670.2900390625,4673.02001953125,4582.240234375,4655.33984375,4511810000,^GSPC
2022-01-11,4713.06982421875,4714.1298828125,4638.27001953125,4669.14013671875,4101590000,^GSPC
2022-01-12,4726.35009765625,4748.830078125,4706.7099609375,4728.58984375,4048220000,^GSPC
2022-01-13,4659.02978515625,4744.1298828125,4650.2900390625,4733.56005859375,4251730000,^GSPC
2022-01-14,4662.85009765625,4665.1298828125,4614.75,4637.990234375,4338490000,^GSPC
2022-01-18,4577.10986328125,4632.240234375,4568.7001953125,4632.240234375,4748700000,^GSPC
2022-01-19,4532.759765625,4611.5498046875,4530.2001953125,4588.02978515625,4465740000,^GSPC
2022-01-20,4482.72998046875,4602.10986328125,4477.9501953125,4547.35009765625,4640870000,^GSPC
2022-01-21,4397.93994140625,4494.52001953125,4395.33984375,4471.3798828125,5589100000,^GSPC
2022-01-24,4410.1298828125,4417.35009765625,4222.6201171875,4356.31982421875,6928110000,^GSPC
2022-01-25,4356.4501953125,4411.009765625,4287.10986328125,4366.64013671875,5145050000,^GSPC
2022-01-26,4349.93017578125,4453.22998046875,4304.7998046875,4408.43017578125,5570640000,^GSPC
2022-01-27,4326.509765625,4428.740234375,4309.5,4380.580078125,5214200000,^GSPC
2022-01-28,4431.85009765625,4432.72021484375,4292.4599609375,4336.18994140625,5031090000,^GSPC
2022-01-31,4515.5498046875,4516.89013671875,4414.02001953125,4431.7900390625,5098610000,^GSPC
2022-02-01,4546.5400390625,4550.490234375,4483.52978515625,4519.56982421875,4816830000,^GSPC
2022-02-02,4589.3798828125,4595.31005859375,4544.31982421875,4566.39013671875,4481580000,^GSPC
2022-02-03,4477.43994140625,4542.8798828125,4470.39013671875,4535.41015625,4401970000,^GSPC
2022-02-04,4500.52978515625,4539.66015625,4451.5,4482.7900390625,4706290000,^GSPC
2022-02-07,4483.8701171875,4521.85986328125,4471.47021484375,4505.75,4228480000,^GSPC
2022-02-08,4521.5400390625,4531.31982421875,4465.39990234375,4480.02001953125,4459620000,^GSPC
2022-02-09,4587.18017578125,4590.02978515625,4547.0,4547.0,4524350000,^GSPC
2022-02-10,4504.080078125,4588.919921875,4484.31005859375,4553.240234375,5314860000,^GSPC
2022-02-11,4418.64013671875,4526.330078125,4401.41015625,4506.27001953125,5251500000,^GSPC
2022-02-14,4401.669921875,4426.22021484375,4364.83984375,4412.60986328125,4600390000,^GSPC
2022-02-15,4471.06982421875,4472.77001953125,4429.27978515625,4429.27978515625,4430830000,^GSPC
2022-02-16,4475.009765625,4489.5498046875,4429.68017578125,4455.75,4283640000,^GSPC
2022-02-17,4380.259765625,4456.06005859375,4373.81005859375,4456.06005859375,4539420000,^GSPC
2022-02-18,4348.8701171875,4394.60009765625,4327.22021484375,4384.56982421875,4708060000,^GSPC
2022-02-22,4304.759765625,4362.1201171875,4267.10986328125,4332.740234375,5121900000,^GSPC
2022-02-23,4225.5,4341.509765625,4221.509765625,4324.93017578125,4797430000,^GSPC
2022-02-24,4288.7001953125,4294.72998046875,4114.64990234375,4155.77001953125,6752130000,^GSPC
2022-02-25,4384.64990234375,4385.33984375,4286.830078125,4298.3798828125,5177060000,^GSPC
2022-02-28,4373.93994140625,4388.83984375,4315.1201171875,4354.169921875,6071370000,^GSPC
2022-03-01,4306.259765625,4378.4501953125,4279.5400390625,4363.14013671875,5846230000,^GSPC
2022-03-02,4386.5400390625,4401.47998046875,4322.56005859375,4322.56005859375,5337870000,^GSPC
2022-03-03,4363.490234375,4416.77978515625,4345.56005859375,4401.31005859375,5039890000,^GSPC
2022-03-04,4328.8701171875,4342.1201171875,4284.97998046875,4342.1201171875,5797380000,^GSPC
2022-03-07,4201.08984375,4327.009765625,4199.85009765625,4327.009765625,6940470000,^GSPC
2022-03-08,4170.7001953125,4276.93994140625,4157.8701171875,4202.66015625,7243120000,^GSPC
2022-03-09,4277.8798828125,4299.39990234375,4223.10009765625,4223.10009765625,5662670000,^GSPC
2022-03-10,4259.52001953125,4268.27978515625,4209.7998046875,4252.5498046875,4980830000,^GSPC
2022-03-11,4204.31005859375,4291.009765625,4200.490234375,4279.5,4938640000,^GSPC
2022-03-14,4173.10986328125,4247.56982421875,4161.72021484375,4202.75,5574920000,^GSPC
2022-03-15,4262.4501953125,4271.0498046875,4187.89990234375,4188.81982421875,5392470000,^GSPC
2022-03-16,4357.85986328125,4358.89990234375,4251.990234375,4288.14013671875,6309750000,^GSPC
2022-03-17,4411.669921875,4412.669921875,4335.64990234375,4345.10986328125,4985090000,^GSPC
2022-03-18,4463.1201171875,4465.39990234375,4390.56982421875,4407.33984375,8278430000,^GSPC
2022-03-21,4461.18017578125,4481.75,4424.2998046875,4462.39990234375,4869820000,^GSPC
2022-03-22,4511.60986328125,4522.0,4469.10009765625,4469.10009765625,4754840000,^GSPC
2022-03-23,4456.240234375,4501.06982421875,4455.81005859375,4493.10009765625,4550670000,^GSPC
2022-03-24,4520.16015625,4520.580078125,4465.169921875,4469.97998046875,4131390000,^GSPC
2022-03-25,4543.06005859375,4546.02978515625,4501.06982421875,4522.91015625,4305020000,^GSPC
2022-03-28,4575.52001953125,4575.64990234375,4517.68994140625,4541.08984375,4312260000,^GSPC
2022-03-29,4631.60009765625,4637.2998046875,4589.66015625,4602.85986328125,5085910000,^GSPC
2022-03-30,4602.4501953125,4627.77001953125,4581.31982421875,4624.2001953125,4385570000,^GSPC
2022-03-31,4530.41015625,4603.06982421875,4530.41015625,4599.02001953125,4823020000,^GSPC
2022-04-01,4545.85986328125,4548.7001953125,4507.56982421875,4540.31982421875,4562940000,^GSPC
2022-04-04,4582.64013671875,4583.5,4539.2099609375,4547.97021484375,4547350000,^GSPC
2022-04-05,4525.1201171875,4593.4501953125,4514.169921875,4572.4501953125,4800620000,^GSPC
2022-04-06,4481.14990234375,4503.93994140625,4450.0400390625,4494.169921875,4986830000,^GSPC
2022-04-07,4500.2099609375,4521.16015625,4450.2998046875,4474.64990234375,4821490000,^GSPC
2022-04-08,4488.27978515625,4520.41015625,4474.60009765625,4494.14990234375,4083200000,^GSPC
2022-04-11,4412.52978515625,4464.35009765625,4408.3798828125,4462.64013671875,4266290000,^GSPC
2022-04-12,4397.4501953125,4471.0,4381.33984375,4437.58984375,4152090000,^GSPC
2022-04-13,4446.58984375,4453.919921875,4392.7001953125,4394.2998046875,3828150000,^GSPC
2022-04-14,4392.58984375,4460.4599609375,4390.77001953125,4449.1201171875,4083090000,^GSPC
2022-04-18,4391.68994140625,4410.31005859375,4370.2998046875,4385.6298828125,3910490000,^GSPC
2022-04-19,4462.2099609375,4471.02978515625,4390.6298828125,4390.6298828125,4108120000,^GSPC
2022-04-20,4459.4501953125,4488.2900390625,4448.759765625,4472.259765625,4290450000,^GSPC
2022-04-21,4393.66015625,4512.93994140625,4384.47021484375,4489.169921875,4636890000,^GSPC
2022-04-22,4271.77978515625,4385.830078125,4267.6201171875,4385.830078125,4651940000,^GSPC
2022-04-25,4296.1201171875,4299.02001953125,4200.81982421875,4255.33984375,5240040000,^GSPC
2022-04-26,4175.2001953125,4278.14013671875,4175.0400390625,4278.14013671875,4689970000,^GSPC
2022-04-27,4183.9599609375,4240.7099609375,4162.89990234375,4186.52001953125,4769680000,^GSPC
2022-04-28,4287.5,4308.4501953125,4188.6298828125,4222.580078125,4854180000,^GSPC
2022-04-29,4131.93017578125,4269.68017578125,4124.27978515625,4253.75,5084030000,^GSPC
2022-05-02,4155.3798828125,4169.81005859375,4062.510009765625,4130.60986328125,5163790000,^GSPC
2022-05-03,4175.47998046875,4200.10009765625,4147.080078125,4159.77978515625,4582050000,^GSPC
2022-05-04,4300.169921875,4307.66015625,4148.91015625,4181.18017578125,5136360000,^GSPC
2022-05-05,4146.8701171875,4270.43017578125,4106.009765625,4270.43017578125,5077030000,^GSPC
2022-05-06,4123.33984375,4157.68994140625,4067.909912109375,4128.169921875,5116940000,^GSPC
2022-05-09,3991.239990234375,4081.27001953125,3975.47998046875,4081.27001953125,5954520000,^GSPC
2022-05-10,4001.050048828125,4068.820068359375,3958.169921875,4035.179931640625,5885820000,^GSPC
2022-05-11,3935.179931640625,4049.090087890625,3928.820068359375,3990.080078125,5816140000,^GSPC
2022-05-12,3930.080078125,3964.800048828125,3858.8701171875,3903.949951171875,6286450000,^GSPC
2022-05-13,4023.889892578125,4038.8798828125,3963.89990234375,3963.89990234375,5183340000,^GSPC
2022-05-16,4008.010009765625,4046.4599609375,3983.989990234375,4013.02001953125,4415030000,^GSPC
2022-05-17,4088.85009765625,4090.719970703125,4033.929931640625,4052.0,4841410000,^GSPC
2022-05-18,3923.679931640625,4051.97998046875,3911.909912109375,4051.97998046875,5103220000,^GSPC
2022-05-19,3900.7900390625,3945.9599609375,3876.580078125,3899.0,5113550000,^GSPC
2022-05-20,3901.360107421875,3943.419921875,3810.320068359375,3927.760009765625,5130730000,^GSPC
2022-05-23,3973.75,3981.8798828125,3909.0400390625,3919.419921875,4420030000,^GSPC
2022-05-24,3941.47998046875,3955.679931640625,3875.1298828125,3942.93994140625,4923190000,^GSPC
2022-05-25,3978.72998046875,3999.330078125,3925.030029296875,3929.590087890625,4802560000,^GSPC
2022-05-26,4057.840087890625,4075.139892578125,3984.60009765625,3984.60009765625,4709970000,^GSPC
2022-05-27,4158.240234375,4158.490234375,4077.429931640625,4077.429931640625,4375620000,^GSPC
2022-05-31,4132.14990234375,4168.33984375,4104.8798828125,4151.08984375,6822640000,^GSPC
2022-06-01,4101.22998046875,4166.5400390625,4073.85009765625,4149.77978515625,4531800000,^GSPC
2022-06-02,4176.81982421875,4177.509765625,4074.3701171875,4095.409912109375,4405790000,^GSPC
2022-06-03,4108.5400390625,4142.669921875,4098.669921875,4137.56982421875,3711110000,^GSPC
2022-06-06,4121.43017578125,4168.77978515625,4109.18017578125,4134.72021484375,4332700000,^GSPC
2022-06-07,4160.68017578125,4164.85986328125,4080.18994140625,4096.47021484375,4248210000,^GSPC
2022-06-08,4115.77001953125,4160.14013671875,4107.2001953125,4147.1201171875,4159470000,^GSPC
2022-06-09,4017.820068359375,4119.10009765625,4017.169921875,4101.64990234375,4134170000,^GSPC
2022-06-10,3900.860107421875,3974.389892578125,3900.159912109375,3974.389892578125,4889640000,^GSPC
2022-06-13,3749.6298828125,3838.14990234375,3734.300048828125,3838.14990234375,5636890000,^GSPC
2022-06-14,3735.47998046875,3778.179931640625,3705.679931640625,3763.52001953125,5153890000,^GSPC
2022-06-15,3789.989990234375,3837.56005859375,3722.300048828125,3764.050048828125,5530480000,^GSPC
2022-06-16,3666.77001953125,3728.179931640625,3639.77001953125,3728.179931640625,5644930000,^GSPC
2022-06-17,3674.840087890625,3707.7099609375,3636.8701171875,3665.89990234375,8520740000,^GSPC
2022-06-21,3764.7900390625,3779.64990234375,3715.31005859375,3715.31005859375,5292260000,^GSPC
2022-06-22,3759.889892578125,3801.7900390625,3717.68994140625,3733.889892578125,5058990000,^GSPC
2022-06-23,3795.72998046875,3802.580078125,3743.52001953125,3774.7099609375,5098640000,^GSPC
2022-06-24,3911.739990234375,3913.64990234375,3821.75,3821.75,8120260000,^GSPC
2022-06-27,3900.110107421875,3927.719970703125,3889.659912109375,3920.760009765625,4325310000,^GSPC
2022-06-28,3821.550048828125,3945.860107421875,3820.139892578125,3913.0,4270120000,^GSPC
2022-06-29,3818.830078125,3836.5,3799.02001953125,3825.090087890625,4211240000,^GSPC
2022-06-30,3785.3798828125,3818.989990234375,3738.669921875,3785.989990234375,4840070000,^GSPC
2022-07-01,3825.330078125,3829.820068359375,3752.10009765625,3781.0,4046950000,^GSPC
2022-07-05,3831.389892578125,3832.18994140625,3742.06005859375,3792.610107421875,5076590000,^GSPC
2022-07-06,3845.080078125,3870.909912109375,3809.3701171875,3831.97998046875,4417720000,^GSPC
2022-07-07,3902.6201171875,3910.6298828125,3858.85009765625,3858.85009765625,4057770000,^GSPC
2022-07-08,3899.3798828125,3918.5,3869.340087890625,3888.260009765625,3521620000,^GSPC
2022-07-11,3854.429931640625,3880.93994140625,3847.219970703125,3880.93994140625,3423480000,^GSPC
2022-07-12,3818.800048828125,3873.409912109375,3802.360107421875,3851.949951171875,3817210000,^GSPC
2022-07-13,3801.780029296875,3829.43994140625,3759.070068359375,3779.669921875,4109390000,^GSPC
2022-07-14,3790.3798828125,3796.409912109375,3721.56005859375,3763.989990234375,4199690000,^GSPC
2022-07-15,3863.159912109375,3863.6201171875,3817.179931640625,3818.0,4143800000,^GSPC
2022-07-18,3830.85009765625,3902.43994140625,3818.6298828125,3883.7900390625,4046870000,^GSPC
2022-07-19,3936.68994140625,3939.81005859375,3860.72998046875,3860.72998046875,4041070000,^GSPC
2022-07-20,3959.89990234375,3974.1298828125,3922.030029296875,3935.320068359375,4185300000,^GSPC
2022-07-21,3998.949951171875,3999.2900390625,3927.639892578125,3955.469970703125,4132790000,^GSPC
2022-07-22,3961.6298828125,4012.43994140625,3938.860107421875,3998.429931640625,3979240000,^GSPC
2022-07-25,3966.840087890625,3975.300048828125,3943.4599609375,3965.719970703125,3568340000,^GSPC
2022-07-26,3921.050048828125,3953.219970703125,3910.739990234375,3953.219970703125,3778950000,^GSPC
2022-07-27,4023.610107421875,4039.56005859375,3951.429931640625,3951.429931640625,4112180000,^GSPC
2022-07-28,4072.429931640625,4078.949951171875,3992.969970703125,4026.1298828125,4413000000,^GSPC
2022-07-29,4130.2900390625,4140.14990234375,4079.219970703125,4087.330078125,4616360000,^GSPC
2022-08-01,4118.6298828125,4144.9501953125,4096.02001953125,4112.3798828125,4202810000,^GSPC
2022-08-02,4091.18994140625,4140.47021484375,4079.81005859375,4104.2099609375,4727710000,^GSPC
2022-08-03,4155.169921875,4167.66015625,4107.9599609375,4107.9599609375,4351760000,^GSPC
2022-08-04,4151.93994140625,4161.2900390625,4135.419921875,4154.85009765625,4283320000,^GSPC
2022-08-05,4145.18994140625,4151.580078125,4107.31005859375,4115.8701171875,4085940000,^GSPC
2022-08-08,4140.06005859375,4186.6201171875,4128.97021484375,4155.93017578125,4221090000,^GSPC
2022-08-09,4122.47021484375,4137.2998046875,4112.08984375,4133.10986328125,3913090000,^GSPC
2022-08-10,4210.240234375,4211.02978515625,4177.259765625,4181.02001953125,4546010000,^GSPC
2022-08-11,4207.27001953125,4257.91015625,4201.41015625,4227.39990234375,4630200000,^GSPC
2022-08-12,4280.14990234375,4280.47021484375,4219.77978515625,4225.02001953125,3788010000,^GSPC
2022-08-15,4297.14013671875,4301.7900390625,4256.89990234375,4269.3701171875,3696830000,^GSPC
2022-08-16,4305.2001953125,4325.27978515625,4277.77001953125,4290.4599609375,4329820000,^GSPC
2022-08-17,4274.0400390625,4302.18017578125,4253.080078125,4280.39990234375,3885030000,^GSPC
2022-08-18,4283.740234375,4292.52978515625,4261.97998046875,4273.1298828125,3340330000,^GSPC
2022-08-19,4228.47998046875,4266.31005859375,4218.7001953125,4266.31005859375,3761340000,^GSPC
2022-08-22,4137.990234375,4195.080078125,4129.85986328125,4195.080078125,3907430000,^GSPC
2022-08-23,4128.72998046875,4159.77001953125,4124.02978515625,4133.08984375,3823520000,^GSPC
2022-08-24,4140.77001953125,4156.56005859375,4119.97021484375,4126.5498046875,3583630000,^GSPC
2022-08-25,4199.1201171875,4200.5400390625,4147.58984375,4153.259765625,3566870000,^GSPC
2022-08-26,4057.659912109375,4203.0400390625,4057.659912109375,4198.740234375,3832750000,^GSPC
2022-08-29,4030.610107421875,4062.989990234375,4017.419921875,4034.580078125,3396510000,^GSPC
2022-08-30,3986.159912109375,4044.97998046875,3965.2099609375,4041.25,3835860000,^GSPC
2022-08-31,3955.0,4015.3701171875,3954.530029296875,4000.669921875,4542490000,^GSPC
2022-09-01,3966.85009765625,3970.22998046875,3903.64990234375,3936.72998046875,4152250000,^GSPC
2022-09-02,3924.260009765625,4018.429931640625,3906.2099609375,3994.659912109375,3665850000,^GSPC
2022-09-06,3908.18994140625,3942.550048828125,3886.75,3930.889892578125,4127340000,^GSPC
2022-09-07,3979.8701171875,3987.889892578125,3906.030029296875,3909.429931640625,3890320000,^GSPC
2022-09-08,4006.179931640625,4010.5,3944.81005859375,3959.93994140625,3966850000,^GSPC
2022-09-09,4067.360107421875,4076.81005859375,4022.93994140625,4022.93994140625,3901940000,^GSPC
2022-09-12,4110.41015625,4119.27978515625,4083.669921875,4083.669921875,3814200000,^GSPC
2022-09-13,3932.68994140625,4037.1201171875,3921.280029296875,4037.1201171875,4224550000,^GSPC
2022-09-14,3946.010009765625,3961.93994140625,3912.179931640625,3940.72998046875,4293240000,^GSPC
2022-09-15,3901.35009765625,3959.139892578125,3888.280029296875,3932.409912109375,4441830000,^GSPC
2022-09-16,3873.330078125,3880.949951171875,3837.080078125,3880.949951171875,7954650000,^GSPC
2022-09-19,3899.889892578125,3900.449951171875,3838.5,3849.909912109375,3766850000,^GSPC
2022-09-20,3855.929931640625,3876.010009765625,3827.5400390625,3875.22998046875,4058050000,^GSPC
2022-09-21,3789.929931640625,3907.070068359375,3789.489990234375,3871.39990234375,4078330000,^GSPC
2022-09-22,3757.989990234375,3790.89990234375,3749.449951171875,3782.360107421875,4284600000,^GSPC
2022-09-23,3693.22998046875,3727.139892578125,3647.469970703125,3727.139892578125,5144270000,^GSPC
2022-09-26,3655.0400390625,3715.669921875,3644.760009765625,3682.719970703125,4886140000,^GSPC
2022-09-27,3647.2900390625,3717.530029296875,3623.2900390625,3686.43994140625,4577740000,^GSPC
2022-09-28,3719.0400390625,3736.739990234375,3640.610107421875,3651.93994140625,4684850000,^GSPC
2022-09-29,3640.469970703125,3687.010009765625,3610.39990234375,3687.010009765625,4681810000,^GSPC
2022-09-30,3585.6201171875,3671.43994140625,3584.1298828125,3633.47998046875,5645360000,^GSPC
2022-10-03,3678.429931640625,3698.35009765625,3604.929931640625,3609.780029296875,4806680000,^GSPC
2022-10-04,3790.929931640625,3791.919921875,3726.4599609375,3726.4599609375,5146580000,^GSPC
2022-10-05,3783.280029296875,3806.909912109375,3722.659912109375,3753.25,4293180000,^GSPC
2022-10-06,3744.52001953125,3797.929931640625,3739.219970703125,3771.969970703125,4252100000,^GSPC
2022-10-07,3639.659912109375,3706.739990234375,3620.72998046875,3706.739990234375,4449660000,^GSPC
2022-10-10,3612.389892578125,3652.169921875,3588.10009765625,3647.510009765625,3834320000,^GSPC
2022-10-11,3588.840087890625,3640.659912109375,3568.449951171875,3595.860107421875,4759030000,^GSPC
2022-10-12,3577.030029296875,3608.340087890625,3573.860107421875,3590.830078125,4006830000,^GSPC
2022-10-13,3669.909912109375,3685.409912109375,3491.580078125,3520.3701171875,5021680000,^GSPC
2022-10-14,3583.070068359375,3712.0,3579.679931640625,3690.409912109375,4243030000,^GSPC
2022-10-17,3677.949951171875,3689.72998046875,3638.64990234375,3638.64990234375,4352780000,^GSPC
2022-10-18,3719.97998046875,3762.7900390625,3686.530029296875,3746.260009765625,4483740000,^GSPC
2022-10-19,3695.159912109375,3728.580078125,3666.510009765625,3703.110107421875,4223800000,^GSPC
2022-10-20,3665.780029296875,3736.0,3656.43994140625,3689.050048828125,4496620000,^GSPC
2022-10-21,3752.75,3757.889892578125,3647.419921875,3657.10009765625,5078020000,^GSPC
2022-10-24,3797.340087890625,3810.739990234375,3741.64990234375,3762.010009765625,4747930000,^GSPC
2022-10-25,3859.110107421875,3862.85009765625,3799.43994140625,3799.43994140625,4843120000,^GSPC
2022-10-26,3830.60009765625,3886.14990234375,3824.070068359375,3825.969970703125,4817310000,^GSPC
2022-10-27,3807.300048828125,3859.949951171875,3803.7900390625,3834.68994140625,4687320000,^GSPC
2022-10-28,3901.06005859375,3905.419921875,3808.260009765625,3808.260009765625,4459410000,^GSPC
2022-10-31,3871.97998046875,3893.72998046875,3863.179931640625,3881.85009765625,4820620000,^GSPC
2022-11-01,3856.10009765625,3911.7900390625,3843.800048828125,3901.7900390625,4481210000,^GSPC
2022-11-02,3759.68994140625,3894.43994140625,3758.679931640625,3852.89990234375,4899000000,^GSPC
2022-11-03,3719.889892578125,3750.590087890625,3698.14990234375,3733.25,4625290000,^GSPC
2022-11-04,3770.550048828125,3796.340087890625,3708.840087890625,3766.97998046875,5400180000,^GSPC
2022-11-07,3806.800048828125,3813.949951171875,3764.699951171875,3780.7099609375,4341620000,^GSPC
2022-11-08,3828.110107421875,3859.39990234375,3786.280029296875,3817.02001953125,4607640000,^GSPC
2022-11-09,3748.570068359375,3818.199951171875,3744.219970703125,3810.93994140625,4645010000,^GSPC
2022-11-10,3956.3701171875,3958.330078125,3859.889892578125,3859.889892578125,5781260000,^GSPC
2022-11-11,3992.929931640625,4001.47998046875,3944.820068359375,3963.719970703125,5593310000,^GSPC
2022-11-14,3957.25,4008.969970703125,3956.39990234375,3977.969970703125,4561930000,^GSPC
2022-11-15,3991.72998046875,4028.840087890625,3953.169921875,4006.409912109375,5015310000,^GSPC
2022-11-16,3958.7900390625,3983.090087890625,3954.340087890625,3976.820068359375,4165320000,^GSPC
2022-11-17,3946.56005859375,3954.330078125,3906.5400390625,3919.260009765625,4051780000,^GSPC
2022-11-18,3965.340087890625,3979.889892578125,3935.97998046875,3966.389892578125,4037360000,^GSPC
2022-11-21,3949.93994140625,3962.0,3933.340087890625,3956.22998046875,3850690000,^GSPC
2022-11-22,4003.580078125,4005.8798828125,3956.8798828125,3965.510009765625,3887990000,^GSPC
2022-11-23,4027.260009765625,4033.780029296875,3998.659912109375,4000.300048828125,3279720000,^GSPC
2022-11-25,4026.1201171875,4034.02001953125,4020.760009765625,4023.340087890625,1706460000,^GSPC
2022-11-28,3963.93994140625,4012.27001953125,3955.77001953125,4005.360107421875,3615430000,^GSPC
2022-11-29,3957.6298828125,3976.77001953125,3937.64990234375,3964.18994140625,3546040000,^GSPC
2022-11-30,4080.110107421875,4080.110107421875,3938.580078125,3957.179931640625,6579360000,^GSPC
2022-12-01,4076.570068359375,4100.509765625,4050.8701171875,4087.139892578125,4527130000,^GSPC
2022-12-02,4071.699951171875,4080.47998046875,4026.6298828125,4040.169921875,4012620000,^GSPC
2022-12-05,3998.840087890625,4052.449951171875,3984.489990234375,4052.02001953125,4280820000,^GSPC
2022-12-06,3941.260009765625,4001.510009765625,3918.389892578125,3996.6298828125,4368380000,^GSPC
2022-12-07,3933.919921875,3957.570068359375,3922.679931640625,3933.280029296875,4118050000,^GSPC
2022-12-08,3963.510009765625,3974.18994140625,3935.830078125,3947.7900390625,4006900000,^GSPC
2022-12-09,3934.3798828125,3977.02001953125,3933.0400390625,3954.169921875,3888260000,^GSPC
2022-12-12,3990.56005859375,3990.7099609375,3935.300048828125,3939.2900390625,3904130000,^GSPC
2022-12-13,4019.64990234375,4100.9599609375,3993.030029296875,4069.3798828125,5079360000,^GSPC
2022-12-14,3995.320068359375,4053.760009765625,3965.64990234375,4015.5400390625,4472340000,^GSPC
2022-12-15,3895.75,3958.3701171875,3879.449951171875,3958.3701171875,4493900000,^GSPC
2022-12-16,3852.360107421875,3890.909912109375,3827.909912109375,3890.909912109375,7493660000,^GSPC
2022-12-19,3817.659912109375,3854.860107421875,3800.0400390625,3853.7900390625,3969610000,^GSPC
2022-12-20,3821.6201171875,3838.239990234375,3795.6201171875,3810.469970703125,3985370000,^GSPC
2022-12-21,3878.43994140625,3889.820068359375,3839.489990234375,3839.489990234375,3775200000,^GSPC
2022-12-22,3822.389892578125,3853.260009765625,3764.489990234375,3853.260009765625,3956950000,^GSPC
2022-12-23,3844.820068359375,3845.800048828125,3797.010009765625,3815.110107421875,2819280000,^GSPC
2022-12-27,3829.25,3846.64990234375,3813.219970703125,3843.340087890625,3030300000,^GSPC
2022-12-28,3783.219970703125,3848.320068359375,3780.780029296875,3829.56005859375,3083520000,^GSPC
2022-12-29,3849.280029296875,3858.18994140625,3805.449951171875,3805.449951171875,3003680000,^GSPC
2022-12-30,3839.5,3839.85009765625,3800.340087890625,3829.06005859375,2979870000,^GSPC
2023-01-03,3824.139892578125,3878.4599609375,3794.330078125,3853.2900390625,3959140000,^GSPC
2023-01-04,3852.969970703125,3873.159912109375,3815.77001953125,3840.360107421875,4414080000,^GSPC
2023-01-05,3808.10009765625,3839.739990234375,3802.419921875,3839.739990234375,3893450000,^GSPC
2023-01-06,3895.080078125,3906.18994140625,3809.56005859375,3823.3701171875,3923560000,^GSPC
2023-01-09,3892.090087890625,3950.570068359375,3890.419921875,3910.820068359375,4311770000,^GSPC
2023-01-10,3919.25,3919.830078125,3877.2900390625,3888.570068359375,3851030000,^GSPC
2023-01-11,3969.610107421875,3970.070068359375,3928.5400390625,3932.35009765625,4303360000,^GSPC
2023-01-12,3983.169921875,3997.760009765625,3937.56005859375,3977.570068359375,4440260000,^GSPC
2023-01-13,3999.090087890625,4003.949951171875,3947.669921875,3960.60009765625,3939700000,^GSPC
2023-01-17,3990.969970703125,4015.389892578125,3984.570068359375,3999.280029296875,4235560000,^GSPC
2023-01-18,3928.860107421875,4014.159912109375,3926.590087890625,4002.25,4298710000,^GSPC
2023-01-19,3898.85009765625,3922.93994140625,3885.5400390625,3911.840087890625,3991500000,^GSPC
2023-01-20,3972.610107421875,3972.9599609375,3897.860107421875,3909.0400390625,4013360000,^GSPC
2023-01-23,4019.81005859375,4039.31005859375,3971.639892578125,3978.139892578125,3945210000,^GSPC
2023-01-24,4016.949951171875,4023.919921875,3989.7900390625,4001.739990234375,3320430000,^GSPC
2023-01-25,4016.219970703125,4019.550048828125,3949.06005859375,3982.7099609375,3724020000,^GSPC
2023-01-26,4060.429931640625,4061.570068359375,4013.2900390625,4036.080078125,3809590000,^GSPC
2023-01-27,4070.56005859375,4094.2099609375,4048.699951171875,4053.719970703125,3907760000,^GSPC
2023-01-30,4017.77001953125,4063.85009765625,4015.550048828125,4049.27001953125,3802000000,^GSPC
2023-01-31,4076.60009765625,4077.159912109375,4020.43994140625,4020.85009765625,4679320000,^GSPC
2023-02-01,4119.2099609375,4148.9501953125,4037.199951171875,4070.070068359375,4856930000,^GSPC
2023-02-02,4179.759765625,4195.43994140625,4141.8798828125,4158.68017578125,5624360000,^GSPC
2023-02-03,4136.47998046875,4182.35986328125,4123.35986328125,4136.68994140625,4694510000,^GSPC
2023-02-06,4111.080078125,4124.6298828125,4093.3798828125,4119.56982421875,4114240000,^GSPC
2023-02-07,4164.0,4176.5400390625,4088.389892578125,4105.35009765625,4355860000,^GSPC
2023-02-08,4117.85986328125,4156.85009765625,4111.669921875,4153.47021484375,4029820000,^GSPC
2023-02-09,4081.5,4156.22998046875,4069.669921875,4144.25,4270200000,^GSPC
2023-02-10,4090.4599609375,4094.360107421875,4060.7900390625,4068.919921875,3891520000,^GSPC
2023-02-13,4137.2900390625,4138.89990234375,4092.669921875,4096.6201171875,3448620000,^GSPC
2023-02-14,4136.1298828125,4159.77001953125,4095.010009765625,4126.7001953125,3929200000,^GSPC
2023-02-15,4147.60009765625,4148.10986328125,4103.97998046875,4119.5,4075980000,^GSPC
2023-02-16,4090.409912109375,4136.5400390625,4089.489990234375,4114.75,4143660000,^GSPC
2023-02-17,4079.090087890625,4081.510009765625,4047.949951171875,4077.389892578125,4045480000,^GSPC
2023-02-21,3997.340087890625,4052.35009765625,3995.18994140625,4052.35009765625,4121590000,^GSPC
2023-02-22,3991.050048828125,4017.3701171875,3976.89990234375,4001.830078125,4079320000,^GSPC
2023-02-23,4012.320068359375,4028.300048828125,3969.18994140625,4018.60009765625,3952940000,^GSPC
2023-02-24,3970.0400390625,3978.25,3943.080078125,3973.239990234375,3877700000,^GSPC
2023-02-27,3982.239990234375,4018.050048828125,3973.550048828125,3992.360107421875,3836950000,^GSPC
2023-02-28,3970.14990234375,3997.5,3968.97998046875,3977.18994140625,5043400000,^GSPC
2023-03-01,3951.389892578125,3971.72998046875,3939.050048828125,3963.340087890625,4249480000,^GSPC
2023-03-02,3981.35009765625,3990.840087890625,3928.159912109375,3938.679931640625,4244900000,^GSPC
2023-03-03,4045.639892578125,4048.2900390625,3995.169921875,3998.02001953125,4084730000,^GSPC
2023-03-06,4048.419921875,4078.489990234375,4044.610107421875,4055.14990234375,4000870000,^GSPC
2023-03-07,3986.3701171875,4050.0,3980.31005859375,4048.260009765625,3922500000,^GSPC
2023-03-08,3992.010009765625,4000.409912109375,3969.760009765625,3987.550048828125,3535570000,^GSPC
2023-03-09,3918.320068359375,4017.81005859375,3908.699951171875,3998.659912109375,4445260000,^GSPC
2023-03-10,3861.590087890625,3934.050048828125,3846.320068359375,3912.77001953125,5518190000,^GSPC
2023-03-13,3855.760009765625,3905.050048828125,3808.860107421875,3835.1201171875,6558020000,^GSPC
2023-03-14,3919.2900390625,3937.2900390625,3873.6298828125,3894.010009765625,5665870000,^GSPC
2023-03-15,3891.929931640625,3894.260009765625,3838.239990234375,3876.739990234375,6594010000,^GSPC
2023-03-16,3960.280029296875,3964.4599609375,3864.110107421875,3878.929931640625,5695790000,^GSPC
2023-03-17,3916.639892578125,3958.909912109375,3901.27001953125,3958.68994140625,9354280000,^GSPC
2023-03-20,3951.570068359375,3956.6201171875,3916.889892578125,3917.469970703125,5347140000,^GSPC
2023-03-21,4002.8701171875,4009.080078125,3971.18994140625,3975.889892578125,4920240000,^GSPC
2023-03-22,3936.969970703125,4039.489990234375,3936.169921875,4002.0400390625,4533010000,^GSPC
2023-03-23,3948.719970703125,4007.659912109375,3919.050048828125,3959.2099609375,4991600000,^GSPC
2023-03-24,3970.989990234375,3972.739990234375,3909.159912109375,3939.2099609375,4583970000,^GSPC
2023-03-27,3977.530029296875,4003.830078125,3970.489990234375,3982.929931640625,4233540000,^GSPC
2023-03-28,3971.27001953125,3979.199951171875,3951.530029296875,3974.1298828125,4014600000,^GSPC
2023-03-29,4027.81005859375,4030.590087890625,3999.530029296875,3999.530029296875,4145250000,^GSPC
2023-03-30,4050.830078125,4057.85009765625,4032.10009765625,4046.739990234375,3930860000,^GSPC
2023-03-31,4109.31005859375,4110.75,4056.179931640625,4056.179931640625,4525120000,^GSPC
2023-04-03,4124.509765625,4127.66015625,4098.7900390625,4102.2001953125,4234700000,^GSPC
2023-04-04,4100.60009765625,4133.1298828125,4086.8701171875,4128.02978515625,4227800000,^GSPC
2023-04-05,4090.3798828125,4099.68994140625,4072.56005859375,4094.5,3968020000,^GSPC
2023-04-06,4105.02001953125,4107.31982421875,4069.840087890625,4081.14990234375,3486690000,^GSPC
2023-04-10,4109.10986328125,4109.5,4072.550048828125,4085.199951171875,3423650000,^GSPC
2023-04-11,4108.93994140625,4124.259765625,4102.60986328125,4110.2900390625,3665830000,^GSPC
2023-04-12,4091.949951171875,4134.3701171875,4086.93994140625,4121.72021484375,3633120000,^GSPC
2023-04-13,4146.22021484375,4150.259765625,4099.39990234375,4100.0400390625,3596590000,^GSPC
2023-04-14,4137.64013671875,4163.18994140625,4113.2001953125,4140.10986328125,3575690000,^GSPC
2023-04-17,4151.31982421875,4151.72021484375,4123.18017578125,4137.169921875,3611180000,^GSPC
2023-04-18,4154.8701171875,4169.47998046875,4140.35986328125,4164.259765625,3536640000,^GSPC
2023-04-19,4154.52001953125,4162.56982421875,4134.490234375,4139.330078125,3572560000,^GSPC
2023-04-20,4129.7900390625,4148.56982421875,4114.56982421875,4130.47998046875,3772080000,^GSPC
2023-04-21,4133.52001953125,4138.02001953125,4113.85986328125,4132.14013671875,3611750000,^GSPC
2023-04-24,4137.0400390625,4142.41015625,4117.77001953125,4132.06982421875,3290940000,^GSPC
2023-04-25,4071.6298828125,4126.43017578125,4071.3798828125,4126.43017578125,3978640000,^GSPC
2023-04-26,4055.989990234375,4089.669921875,4049.35009765625,4087.780029296875,3837030000,^GSPC
2023-04-27,4135.35009765625,4138.240234375,4075.2900390625,4075.2900390625,3750550000,^GSPC
2023-04-28,4169.47998046875,4170.06005859375,4127.18017578125,4129.6298828125,4087800000,^GSPC
2023-05-01,4167.8701171875,4186.919921875,4164.1201171875,4166.7900390625,3321370000,^GSPC
2023-05-02,4119.580078125,4164.10009765625,4089.719970703125,4164.10009765625,4486130000,^GSPC
2023-05-03,4090.75,4148.2998046875,4088.860107421875,4122.25,4246510000,^GSPC
2023-05-04,4061.219970703125,4082.610107421875,4048.280029296875,4082.550048828125,4920090000,^GSPC
2023-05-05,4136.25,4147.02001953125,4084.72998046875,4084.72998046875,4186270000,^GSPC
2023-05-08,4138.1201171875,4142.2998046875,4123.81005859375,4136.97998046875,3641640000,^GSPC
2023-05-09,4119.169921875,4130.35009765625,4116.64990234375,4124.25,3810140000,^GSPC
2023-05-10,4137.64013671875,4154.27978515625,4098.919921875,4143.740234375,4057160000,^GSPC
2023-05-11,4130.6201171875,4132.7998046875,4109.2900390625,4132.240234375,3752900000,^GSPC
2023-05-12,4124.080078125,4143.740234375,4099.1201171875,4138.5400390625,3533740000,^GSPC
2023-05-15,4136.27978515625,4141.25,4110.27001953125,4126.64990234375,3562170000,^GSPC
2023-05-16,4109.89990234375,4135.5400390625,4109.85986328125,4127.9501953125,3654200000,^GSPC
2023-05-17,4158.77001953125,4164.669921875,4113.6201171875,4122.85009765625,4039080000,^GSPC
2023-05-18,4198.0498046875,4202.2001953125,4153.5,4157.68017578125,3980500000,^GSPC
2023-05-19,4191.97998046875,4212.91015625,4180.2001953125,4204.14990234375,4041900000,^GSPC
2023-05-22,4192.6298828125,4209.22021484375,4179.68017578125,4190.77978515625,3728520000,^GSPC
2023-05-23,4145.580078125,4185.68017578125,4142.5400390625,4176.7998046875,4155320000,^GSPC
2023-05-24,4115.240234375,4132.9599609375,4103.97998046875,4132.9599609375,0,^GSPC
2023-05-25,4151.27978515625,4165.740234375,4129.72998046875,4155.7099609375,4147760000,^GSPC
2023-05-26,4205.4501953125,4212.8701171875,4156.16015625,4156.16015625,3715460000,^GSPC
2023-05-30,4205.52001953125,4231.10009765625,4192.18017578125,4226.7099609375,4228510000,^GSPC
2023-05-31,4179.830078125,4195.43994140625,4166.14990234375,4190.740234375,5980670000,^GSPC
2023-06-01,4221.02001953125,4232.43017578125,4171.64013671875,4183.02978515625,4391860000,^GSPC
2023-06-02,4282.3701171875,4290.669921875,4241.009765625,4241.009765625,4454200000,^GSPC
2023-06-05,4273.7900390625,4299.27978515625,4266.81982421875,4282.990234375,3813290000,^GSPC
2023-06-06,4283.85009765625,4288.330078125,4263.08984375,4271.33984375,3996560000,^GSPC
2023-06-07,4267.52001953125,4299.18994140625,4263.9599609375,4285.47021484375,4537800000,^GSPC
2023-06-08,4293.93017578125,4298.009765625,4261.06982421875,4268.68994140625,3826740000,^GSPC
2023-06-09,4298.85986328125,4322.6201171875,4291.7001953125,4304.8798828125,3786510000,^GSPC
2023-06-12,4338.93017578125,4340.1298828125,4304.3701171875,4308.31982421875,3945670000,^GSPC
2023-06-13,4369.009765625,4375.3701171875,4349.31005859375,4352.60986328125,4275400000,^GSPC
2023-06-14,4372.58984375,4391.81982421875,4337.85009765625,4366.2900390625,4252110000,^GSPC
2023-06-15,4425.83984375,4439.2001953125,4362.60009765625,4365.330078125,4176690000,^GSPC
2023-06-16,4409.58984375,4448.47021484375,4407.43994140625,4440.9501953125,6848600000,^GSPC
2023-06-20,4388.7099609375,4400.14990234375,4367.18994140625,4396.10986328125,4055790000,^GSPC
2023-06-21,4365.68994140625,4386.22021484375,4360.14013671875,4380.009765625,3709330000,^GSPC
2023-06-22,4381.89013671875,4382.25,4351.81982421875,4355.39990234375,3511000000,^GSPC
2023-06-23,4348.330078125,4366.5498046875,4341.33984375,4354.169921875,6053620000,^GSPC
2023-06-26,4328.81982421875,4362.06005859375,4328.080078125,4344.83984375,3415030000,^GSPC
2023-06-27,4378.41015625,4384.419921875,4335.0,4337.35986328125,3573500000,^GSPC
2023-06-28,4376.85986328125,4390.35009765625,4360.22021484375,4367.47998046875,3739330000,^GSPC
2023-06-29,4396.43994140625,4398.39013671875,4371.97021484375,4374.93994140625,3696660000,^GSPC
2023-06-30,4450.3798828125,4458.47998046875,4422.43994140625,4422.43994140625,3923450000,^GSPC
2023-07-03,4455.58984375,4456.4599609375,4442.2900390625,4450.47998046875,2034280000,^GSPC
2023-07-05,4446.81982421875,4454.06005859375,4436.60986328125,4442.0400390625,3482620000,^GSPC
2023-07-06,4411.58984375,4422.6201171875,4385.0498046875,4422.6201171875,3682020000,^GSPC
2023-07-07,4398.9501953125,4440.39013671875,4397.39990234375,4404.5400390625,3630480000,^GSPC
2023-07-10,4409.52978515625,4412.60009765625,4389.919921875,4394.22998046875,3429600000,^GSPC
2023-07-11,4439.259765625,4443.64013671875,4408.4599609375,4415.5498046875,3624220000,^GSPC
2023-07-12,4472.16015625,4488.33984375,4463.22998046875,4467.68994140625,3920290000,^GSPC
2023-07-13,4510.0400390625,4517.3798828125,4489.35986328125,4491.5,3839530000,^GSPC
2023-07-14,4505.419921875,4527.759765625,4499.56005859375,4514.60986328125,3647450000,^GSPC
2023-07-17,4522.7900390625,4532.85009765625,4504.89990234375,4508.85986328125,3538240000,^GSPC
2023-07-18,4554.97998046875,4562.2998046875,4514.58984375,4521.77978515625,4090010000,^GSPC
2023-07-19,4565.72021484375,4578.43017578125,4557.47998046875,4563.8701171875,4115670000,^GSPC
2023-07-20,4534.8701171875,4564.740234375,4527.56005859375,4554.3798828125,3761770000,^GSPC
2023-07-21,4536.33984375,4555.0,4535.7900390625,4550.16015625,3570190000,^GSPC
2023-07-24,4554.64013671875,4563.41015625,4541.2900390625,4543.39013671875,3856250000,^GSPC
2023-07-25,4567.4599609375,4580.6201171875,4552.419921875,4555.18994140625,3812470000,^GSPC
2023-07-26,4566.75,4582.47021484375,4547.580078125,4558.9599609375,3990290000,^GSPC
2023-07-27,4537.41015625,4607.06982421875,4528.56005859375,4598.259765625,4553210000,^GSPC
2023-07-28,4582.22998046875,4590.16015625,4564.009765625,4565.75,3981010000,^GSPC
2023-07-31,4588.9599609375,4594.22021484375,4573.14013671875,4584.81982421875,4503600000,^GSPC
2023-08-01,4576.72998046875,4584.6201171875,4567.52978515625,4578.830078125,4042370000,^GSPC
2023-08-02,4513.39013671875,4550.93017578125,4505.75,4550.93017578125,4270710000,^GSPC
2023-08-03,4501.89013671875,4519.490234375,4485.5400390625,4494.27001953125,4149120000,^GSPC
2023-08-04,4478.02978515625,4540.33984375,4474.5498046875,4513.9599609375,4143310000,^GSPC
2023-08-07,4518.43994140625,4519.83984375,4491.14990234375,4491.580078125,3493920000,^GSPC
2023-08-08,4499.3798828125,4503.31005859375,4464.39013671875,4498.02978515625,3884910000,^GSPC
2023-08-09,4467.7099609375,4502.43994140625,4461.330078125,4501.56982421875,3803100000,^GSPC
2023-08-10,4468.830078125,4527.3701171875,4457.919921875,4487.16015625,4504370000,^GSPC
2023-08-11,4464.0498046875,4476.22998046875,4443.97998046875,4450.68994140625,3753290000,^GSPC
2023-08-14,4489.72021484375,4490.330078125,4453.43994140625,4458.1298828125,3896410000,^GSPC
2023-08-15,4437.85986328125,4478.8701171875,4432.18994140625,4478.8701171875,3832250000,^GSPC
2023-08-16,4404.330078125,4449.9501953125,4403.5498046875,4433.7900390625,3753910000,^GSPC
2023-08-17,4370.35986328125,4421.169921875,4364.830078125,4416.31982421875,3943700000,^GSPC
2023-08-18,4369.7099609375,4381.81982421875,4335.31005859375,4344.8798828125,3940400000,^GSPC
2023-08-21,4399.77001953125,4407.5498046875,4360.2998046875,4380.27978515625,3726850000,^GSPC
2023-08-22,4387.5498046875,4418.58984375,4382.77001953125,4415.330078125,3522760000,^GSPC
2023-08-23,4436.009765625,4443.18017578125,4396.43994140625,4396.43994140625,3837270000,^GSPC
2023-08-24,4376.31005859375,4458.2998046875,4375.5498046875,4455.16015625,3723470000,^GSPC
2023-08-25,4405.7099609375,4418.4599609375,4356.2900390625,4389.3798828125,3296180000,^GSPC
2023-08-28,4433.31005859375,4439.56005859375,4414.97998046875,4426.02978515625,2957230000,^GSPC
2023-08-29,4497.6298828125,4500.14013671875,4431.68017578125,4432.75,3354820000,^GSPC
2023-08-30,4514.8701171875,4521.64990234375,4493.58984375,4500.33984375,3064110000,^GSPC
2023-08-31,4507.66015625,4532.259765625,4507.39013671875,4517.009765625,3946360000,^GSPC
2023-09-01,4515.77001953125,4541.25,4501.35009765625,4530.60009765625,3246260000,^GSPC
2023-09-05,4496.830078125,4514.2900390625,4496.009765625,4510.06005859375,3526250000,^GSPC
2023-09-06,4465.47998046875,4490.35009765625,4442.3798828125,4490.35009765625,3418850000,^GSPC
2023-09-07,4451.14013671875,4457.81005859375,4430.4599609375,4434.5498046875,3763760000,^GSPC
2023-09-08,4457.490234375,4473.52978515625,4448.3798828125,4451.2998046875,3259290000,^GSPC
2023-09-11,4487.4599609375,4490.77001953125,4467.89013671875,4480.97998046875,3369920000,^GSPC
2023-09-12,4461.89990234375,4487.10986328125,4456.830078125,4473.27001953125,3435740000,^GSPC
2023-09-13,4467.43994140625,4479.39013671875,4453.52001953125,4462.64990234375,3529430000,^GSPC
2023-09-14,4505.10009765625,4511.990234375,4478.68994140625,4487.77978515625,3648720000,^GSPC
2023-09-15,4450.31982421875,4497.97998046875,4447.2099609375,4497.97998046875,6932230000,^GSPC
2023-09-18,4453.52978515625,4466.35986328125,4442.10986328125,4445.1298828125,3161230000,^GSPC
2023-09-19,4443.9501953125,4449.85009765625,4416.60986328125,4445.41015625,3614880000,^GSPC
2023-09-20,4402.2001953125,4461.02978515625,4401.3798828125,4452.81005859375,3308450000,^GSPC
2023-09-21,4330.0,4375.7001953125,4329.169921875,4374.35986328125,3662340000,^GSPC
2023-09-22,4320.06005859375,4357.39990234375,4316.490234375,4341.740234375,3349570000,^GSPC
2023-09-25,4337.43994140625,4338.509765625,4302.7001953125,4310.6201171875,3195650000,^GSPC
2023-09-26,4273.52978515625,4313.009765625,4265.97998046875,4312.8798828125,3472340000,^GSPC
2023-09-27,4274.509765625,4292.06982421875,4238.6298828125,4282.6298828125,3875880000,^GSPC
2023-09-28,4299.7001953125,4317.27001953125,4264.3798828125,4269.64990234375,3846230000,^GSPC
2023-09-29,4288.0498046875,4333.14990234375,4274.85986328125,4328.18017578125,3865960000,^GSPC
2023-10-02,4288.39013671875,4300.580078125,4260.2099609375,4284.52001953125,3938660000,^GSPC
2023-10-03,4229.4501953125,4281.14990234375,4216.4501953125,4269.75,3953830000,^GSPC
2023-10-04,4263.75,4268.5,4220.47998046875,4233.830078125,3777600000,^GSPC
2023-10-05,4258.18994140625,4267.1298828125,4225.91015625,4259.31005859375,3581470000,^GSPC
2023-10-06,4308.5,4324.10009765625,4219.5498046875,4234.7900390625,3902030000,^GSPC
2023-10-09,4335.66015625,4341.72998046875,4283.7900390625,4289.02001953125,3174630000,^GSPC
2023-10-10,4358.240234375,4385.4599609375,4339.64013671875,4339.75,3520240000,^GSPC
2023-10-11,4376.9501953125,4378.64013671875,4345.33984375,4366.58984375,3601660000,^GSPC
2023-10-12,4349.60986328125,4385.85009765625,4325.43017578125,4380.93994140625,3713140000,^GSPC
2023-10-13,4327.77978515625,4377.10009765625,4311.97021484375,4360.490234375,3566560000,^GSPC
2023-10-16,4373.6298828125,4383.330078125,4342.3701171875,4342.3701171875,3409960000,^GSPC
2023-10-17,4373.2001953125,4393.56982421875,4337.5400390625,4345.22998046875,3794850000,^GSPC
2023-10-18,4314.60009765625,4364.2001953125,4303.83984375,4357.35009765625,3686030000,^GSPC
2023-10-19,4278.0,4339.5400390625,4269.68994140625,4321.35986328125,3969730000,^GSPC
2023-10-20,4224.16015625,4276.56005859375,4223.02978515625,4273.85009765625,4004030000,^GSPC
2023-10-23,4217.0400390625,4255.83984375,4189.22021484375,4210.39990234375,3776100000,^GSPC
2023-10-24,4247.68017578125,4259.3798828125,4219.43017578125,4235.7900390625,3821820000,^GSPC
2023-10-25,4186.77001953125,4232.419921875,4181.419921875,4232.419921875,3869370000,^GSPC
2023-10-26,4137.22998046875,4183.60009765625,4127.89990234375,4175.990234375,4277640000,^GSPC
2023-10-27,4117.3701171875,4156.7001953125,4103.77978515625,4152.93017578125,4019500000,^GSPC
2023-10-30,4166.81982421875,4177.47021484375,4132.93994140625,4139.39013671875,3911140000,^GSPC
2023-10-31,4193.7998046875,4195.5498046875,4153.1201171875,4171.330078125,4249470000,^GSPC
2023-11-01,4237.85986328125,4245.64013671875,4197.740234375,4201.27001953125,4224900000,^GSPC
2023-11-02,4317.77978515625,4319.72021484375,4268.259765625,4268.259765625,4669780000,^GSPC
2023-11-03,4358.33984375,4373.6201171875,4334.22998046875,4334.22998046875,4570960000,^GSPC
2023-11-06,4365.97998046875,4372.2099609375,4347.52978515625,4364.27001953125,3656340000,^GSPC
2023-11-07,4378.3798828125,4386.259765625,4355.41015625,4366.2099609375,3791230000,^GSPC
2023-11-08,4382.77978515625,4391.2001953125,4359.759765625,4384.3701171875,3729510000,^GSPC
2023-11-09,4347.35009765625,4393.39990234375,4343.93994140625,4391.41015625,3900780000,^GSPC
2023-11-10,4415.240234375,4418.02978515625,4353.33984375,4364.14990234375,3665080000,^GSPC
2023-11-13,4411.5498046875,4421.759765625,4393.81982421875,4406.66015625,3326240000,^GSPC
2023-11-14,4495.7001953125,4508.669921875,4458.97021484375,4458.97021484375,4700350000,^GSPC
2023-11-15,4502.8798828125,4521.169921875,4495.31005859375,4505.2998046875,4347170000,^GSPC
2023-11-16,4508.240234375,4511.990234375,4487.830078125,4497.080078125,3964520000,^GSPC
2023-11-17,4514.02001953125,4520.1201171875,4499.66015625,4509.5498046875,3777240000,^GSPC
2023-11-20,4547.3798828125,4557.10986328125,4510.35986328125,4511.7001953125,3644790000,^GSPC
2023-11-21,4538.18994140625,4542.14013671875,4525.509765625,4538.77001953125,3511080000,^GSPC
2023-11-22,4556.6201171875,4568.43017578125,4545.0498046875,4553.0400390625,3042810000,^GSPC
2023-11-24,4559.33984375,4560.31005859375,4552.7998046875,4555.83984375,1639500000,^GSPC
2023-11-27,4550.43017578125,4560.52001953125,4546.31982421875,4554.85986328125,3403990000,^GSPC
2023-11-28,4554.89013671875,4568.14013671875,4540.509765625,4545.5498046875,3586240000,^GSPC
2023-11-29,4550.580078125,4587.64013671875,4547.14990234375,4571.83984375,4418760000,^GSPC
2023-11-30,4567.7998046875,4569.89013671875,4537.240234375,4554.8701171875,5399300000,^GSPC
2023-12-01,4594.6298828125,4599.39013671875,4554.7099609375,4559.43017578125,4397120000,^GSPC
2023-12-04,4569.77978515625,4572.3701171875,4546.72021484375,4564.3701171875,4369910000,^GSPC
2023-12-05,4567.18017578125,4578.56005859375,4551.68017578125,4557.25,3909950000,^GSPC
2023-12-06,4549.33984375,4590.740234375,4546.5,4586.22998046875,4245680000,^GSPC
2023-12-07,4585.58984375,4590.919921875,4565.22021484375,4568.83984375,3818880000,^GSPC
2023-12-08,4604.3701171875,4609.22998046875,4574.06005859375,4576.2001953125,3707010000,^GSPC
2023-12-11,4622.43994140625,4623.7099609375,4593.39013671875,4593.39013671875,3823210000,^GSPC
2023-12-12,4643.7001953125,4643.93017578125,4608.08984375,4618.2998046875,3808380000,^GSPC
2023-12-13,4707.08984375,4709.68994140625,4643.22998046875,4646.2001953125,5063650000,^GSPC
2023-12-14,4719.5498046875,4738.56982421875,4694.33984375,4721.0400390625,6314040000,^GSPC
2023-12-15,4719.18994140625,4725.52978515625,4704.68994140625,4714.22998046875,8218980000,^GSPC
2023-12-18,4740.56005859375,4749.52001953125,4725.580078125,4725.580078125,4060340000,^GSPC
2023-12-19,4768.3701171875,4768.68994140625,4743.72021484375,4743.72021484375,4026970000,^GSPC
2023-12-20,4698.35009765625,4778.009765625,4697.81982421875,4764.72998046875,4201320000,^GSPC
2023-12-21,4746.75,4748.7099609375,4708.35009765625,4724.2900390625,3431180000,^GSPC
2023-12-22,4754.6298828125,4772.93994140625,4736.77001953125,4753.919921875,3046770000,^GSPC
2023-12-26,4774.75,4784.72021484375,4758.4501953125,4758.85986328125,2513910000,^GSPC
2023-12-27,4781.580078125,4785.39013671875,4768.89990234375,4773.4501953125,2748450000,^GSPC
2023-12-28,4783.35009765625,4793.2998046875,4780.97998046875,4786.43994140625,2698860000,^GSPC
2023-12-29,4769.830078125,4788.43017578125,4751.990234375,4782.8798828125,3126060000,^GSPC
2024-01-02,4742.830078125,4754.330078125,4722.669921875,4745.2001953125,3743050000,^GSPC
2024-01-03,4704.81005859375,4729.2900390625,4699.7099609375,4725.06982421875,3950760000,^GSPC
2024-01-04,4688.68017578125,4726.77978515625,4687.52978515625,4697.419921875,3715480000,^GSPC
2024-01-05,4697.240234375,4721.490234375,4682.10986328125,4690.56982421875,3844370000,^GSPC
2024-01-08,4763.5400390625,4764.5400390625,4699.81982421875,4703.7001953125,3742320000,^GSPC
2024-01-09,4756.5,4765.47021484375,4730.35009765625,4741.93017578125,3529960000,^GSPC
2024-01-10,4783.4501953125,4790.7998046875,4756.2001953125,4759.93994140625,3498680000,^GSPC
2024-01-11,4780.240234375,4798.5,4739.580078125,4792.1298828125,3759890000,^GSPC
2024-01-12,4783.830078125,4802.39990234375,4768.97998046875,4791.18017578125,3486340000,^GSPC
2024-01-16,4765.97998046875,4782.33984375,4747.1201171875,4772.35009765625,4260550000,^GSPC
2024-01-17,4739.2099609375,4744.22998046875,4714.81982421875,4739.1298828125,3928600000,^GSPC
2024-01-18,4780.93994140625,4785.7900390625,4740.56982421875,4760.10009765625,4019000000,^GSPC
2024-01-19,4839.81005859375,4842.06982421875,4785.8701171875,4796.27978515625,4287200000,^GSPC
2024-01-22,4850.43017578125,4868.41015625,4844.0498046875,4853.419921875,4297610000,^GSPC
2024-01-23,4864.60009765625,4866.47998046875,4844.3701171875,4856.7998046875,3912800000,^GSPC
2024-01-24,4868.5498046875,4903.68017578125,4865.93994140625,4888.56005859375,4330030000,^GSPC
2024-01-25,4894.16015625,4898.14990234375,4869.33984375,4886.66015625,4020430000,^GSPC
2024-01-26,4890.97021484375,4906.68994140625,4881.47021484375,4888.91015625,3353400000,^GSPC
2024-01-29,4927.93017578125,4929.31005859375,4887.39990234375,4892.9501953125,3525160000,^GSPC
2024-01-30,4924.97021484375,4931.08984375,4916.27001953125,4925.89013671875,3836130000,^GSPC
2024-01-31,4845.64990234375,4906.75,4845.14990234375,4899.18994140625,4696120000,^GSPC
2024-02-01,4906.18994140625,4906.97021484375,4853.52001953125,4861.10986328125,4386090000,^GSPC
2024-02-02,4958.60986328125,4975.2900390625,4907.990234375,4916.06005859375,3974350000,^GSPC
2024-02-05,4942.81005859375,4957.18994140625,4918.08984375,4957.18994140625,4023640000,^GSPC
2024-02-06,4954.22998046875,4957.77001953125,4934.8798828125,4950.16015625,4440880000,^GSPC
2024-02-07,4995.06005859375,4999.89013671875,4969.0498046875,4973.0498046875,4895590000,^GSPC
2024-02-08,4997.91015625,5000.39990234375,4987.08984375,4995.16015625,4341860000,^GSPC
2024-02-09,5026.60986328125,5030.06005859375,5000.33984375,5004.169921875,3912990000,^GSPC
2024-02-12,5021.83984375,5048.39013671875,5016.830078125,5026.830078125,3805740000,^GSPC
2024-02-13,4953.169921875,4971.2998046875,4920.31005859375,4967.93994140625,4302190000,^GSPC
2024-02-14,5000.6201171875,5002.52001953125,4956.4501953125,4976.43994140625,3845600000,^GSPC
2024-02-15,5029.72998046875,5032.72021484375,4999.43994140625,5003.14013671875,4137970000,^GSPC
2024-02-16,5005.56982421875,5038.7001953125,4999.52001953125,5031.1298828125,3833270000,^GSPC
2024-02-20,4975.509765625,4993.7099609375,4955.02001953125,4989.31982421875,4034880000,^GSPC
2024-02-21,4981.7998046875,4983.2099609375,4946.0,4963.02978515625,3788390000,^GSPC
2024-02-22,5087.02978515625,5094.39013671875,5038.830078125,5038.830078125,4051710000,^GSPC
2024-02-23,5088.7998046875,5111.06005859375,5081.4599609375,5100.919921875,3672790000,^GSPC
2024-02-26,5069.52978515625,5097.66015625,5068.91015625,5093.0,3683930000,^GSPC
2024-02-27,5078.18017578125,5080.68994140625,5057.2900390625,5074.60009765625,3925950000,^GSPC
2024-02-28,5069.759765625,5077.3701171875,5058.35009765625,5067.2001953125,3789370000,^GSPC
2024-02-29,5096.27001953125,5104.990234375,5061.89013671875,5085.35986328125,5219740000,^GSPC
2024-03-01,5137.080078125,5140.330078125,5094.16015625,5098.509765625,4748110000,^GSPC
2024-03-04,5130.9501953125,5149.669921875,5127.18017578125,5130.990234375,4758440000,^GSPC
2024-03-05,5078.64990234375,5114.5400390625,5056.81982421875,5110.52001953125,4418410000,^GSPC
2024-03-06,5104.759765625,5127.97021484375,5092.22021484375,5108.02978515625,4559050000,^GSPC
2024-03-07,5157.35986328125,5165.6201171875,5128.2099609375,5132.3798828125,4137980000,^GSPC
2024-03-08,5123.68994140625,5189.259765625,5117.5,5164.4599609375,4208870000,^GSPC
2024-03-11,5117.93994140625,5124.66015625,5091.14013671875,5111.9599609375,3896430000,^GSPC
2024-03-12,5175.27001953125,5179.8701171875,5114.47998046875,5134.2998046875,4080510000,^GSPC
2024-03-13,5165.31005859375,5179.14013671875,5151.8798828125,5173.490234375,4282890000,^GSPC
2024-03-14,5150.47998046875,5176.85009765625,5123.2998046875,5175.14013671875,4687970000,^GSPC
2024-03-15,5117.08984375,5136.85986328125,5104.35009765625,5123.31005859375,7753670000,^GSPC
2024-03-18,5149.419921875,5175.60009765625,5145.47021484375,5154.77001953125,4036220000,^GSPC
2024-03-19,5178.509765625,5180.31005859375,5131.58984375,5139.08984375,4031760000,^GSPC
2024-03-20,5224.6201171875,5226.18994140625,5171.5498046875,5181.68994140625,4064850000,^GSPC
2024-03-21,5241.52978515625,5261.10009765625,5240.66015625,5253.43017578125,4207730000,^GSPC
2024-03-22,5234.18017578125,5246.08984375,5229.8701171875,5242.47998046875,3374700000,^GSPC
2024-03-25,5218.18994140625,5229.08984375,5216.08984375,5219.52001953125,3331360000,^GSPC
2024-03-26,5203.580078125,5235.16015625,5203.419921875,5228.85009765625,3871790000,^GSPC
2024-03-27,5248.490234375,5249.259765625,5213.919921875,5226.31005859375,3850500000,^GSPC
2024-03-28,5254.35009765625,5264.85009765625,5245.81982421875,5248.02978515625,3998270000,^GSPC
2024-04-01,5243.77001953125,5263.9501953125,5229.2001953125,5257.97021484375,3325930000,^GSPC
2024-04-02,5205.81005859375,5208.33984375,5184.0498046875,5204.2900390625,3886590000,^GSPC
2024-04-03,5211.490234375,5228.75,5194.3701171875,5194.3701171875,3703250000,^GSPC
2024-04-04,5147.2099609375,5256.58984375,5146.06005859375,5244.0498046875,4075680000,^GSPC
2024-04-05,5204.33984375,5222.18017578125,5157.2099609375,5158.9501953125,3386780000,^GSPC
2024-04-08,5202.39013671875,5219.56982421875,5197.35009765625,5211.3701171875,3278180000,^GSPC
2024-04-09,5209.91015625,5224.81005859375,5160.77978515625,5217.02978515625,3400680000,^GSPC
2024-04-10,5160.64013671875,5178.43017578125,5138.7001953125,5167.8798828125,3845930000,^GSPC
2024-04-11,5199.06005859375,5211.77978515625,5138.77001953125,5172.9501953125,3509380000,^GSPC
2024-04-12,5123.41015625,5175.02978515625,5107.93994140625,5171.509765625,3963220000,^GSPC
2024-04-15,5061.81982421875,5168.43017578125,5052.47021484375,5149.669921875,3950210000,^GSPC
2024-04-16,5051.41015625,5079.83984375,5039.830078125,5064.58984375,4006200000,^GSPC
2024-04-17,5022.2099609375,5077.9599609375,5007.25,5068.97021484375,3596130000,^GSPC
2024-04-18,5011.1201171875,5056.66015625,5001.89013671875,5031.52001953125,3619760000,^GSPC
2024-04-19,4967.22998046875,5019.02001953125,4953.56005859375,5005.43994140625,3878750000,^GSPC
2024-04-22,5010.60009765625,5038.83984375,4969.39990234375,4987.330078125,3820250000,^GSPC
2024-04-23,5070.5498046875,5076.1201171875,5027.9599609375,5028.85009765625,3751400000,^GSPC
2024-04-24,5071.6298828125,5089.47998046875,5047.02001953125,5084.85986328125,3656740000,^GSPC
2024-04-25,5048.419921875,5057.75,4990.580078125,5019.8798828125,3958050000,^GSPC
2024-04-26,5099.9599609375,5114.6201171875,5073.14013671875,5084.64990234375,3604140000,^GSPC
2024-04-29,5116.169921875,5123.490234375,5088.64990234375,5114.1298828125,3447450000,^GSPC
2024-04-30,5035.68994140625,5110.830078125,5035.31005859375,5103.77978515625,4082470000,^GSPC
2024-05-01,5018.39013671875,5096.1201171875,5013.4501953125,5029.02978515625,4544170000,^GSPC
2024-05-02,5064.2001953125,5073.2099609375,5011.0498046875,5049.31982421875,4381660000,^GSPC
2024-05-03,5127.7900390625,5139.1201171875,5101.22021484375,5122.77978515625,3924990000,^GSPC
2024-05-06,5180.740234375,5181.0,5142.419921875,5142.419921875,3683250000,^GSPC
2024-05-07,5187.7001953125,5200.22998046875,5178.9599609375,5187.2001953125,3987890000,^GSPC
2024-05-08,5187.669921875,5191.9501953125,5165.85986328125,5168.97998046875,3842100000,^GSPC
2024-05-09,5214.080078125,5215.2998046875,5180.41015625,5189.02978515625,3727370000,^GSPC
2024-05-10,5222.68017578125,5239.66015625,5209.68017578125,5225.490234375,3617900000,^GSPC
2024-05-13,5221.419921875,5237.259765625,5211.16015625,5233.080078125,4255710000,^GSPC
2024-05-14,5246.68017578125,5250.3701171875,5217.97998046875,5221.10009765625,4763580000,^GSPC
2024-05-15,5308.14990234375,5311.759765625,5263.259765625,5263.259765625,4360810000,^GSPC
2024-05-16,5297.10009765625,5325.490234375,5296.18994140625,5310.06982421875,3817470000,^GSPC
2024-05-17,5303.27001953125,5305.4501953125,5283.58984375,5303.10009765625,3578120000,^GSPC
2024-05-20,5308.1298828125,5325.31982421875,5302.39990234375,5305.35009765625,3420100000,^GSPC
2024-05-21,5321.41015625,5324.31982421875,5297.8701171875,5298.68994140625,3662240000,^GSPC
2024-05-22,5307.009765625,5323.18017578125,5286.009765625,5319.27978515625,3847130000,^GSPC
2024-05-23,5267.83984375,5341.8798828125,5256.93017578125,5340.259765625,3869520000,^GSPC
2024-05-24,5304.72021484375,5311.64990234375,5278.39013671875,5281.4501953125,3005510000,^GSPC
2024-05-28,5306.0400390625,5315.91015625,5280.89013671875,5315.91015625,3751540000,^GSPC
2024-05-29,5266.9501953125,5282.27001953125,5262.7001953125,5278.72998046875,3552750000,^GSPC
2024-05-30,5235.47998046875,5260.2099609375,5222.10009765625,5259.77001953125,3818750000,^GSPC
2024-05-31,5277.509765625,5280.330078125,5191.68017578125,5243.2099609375,5437160000,^GSPC
2024-06-03,5283.39990234375,5302.10986328125,5234.31982421875,5297.14990234375,4046920000,^GSPC
2024-06-04,5291.33984375,5298.7998046875,5257.6298828125,5278.240234375,3707900000,^GSPC
2024-06-05,5354.02978515625,5354.16015625,5297.64013671875,5314.47998046875,3591460000,^GSPC
2024-06-06,5352.9599609375,5362.35009765625,5335.35986328125,5357.7998046875,3609990000,^GSPC
2024-06-07,5346.990234375,5375.080078125,5331.330078125,5343.81005859375,3692760000,^GSPC
2024-06-10,5360.7900390625,5365.7900390625,5331.52001953125,5341.22021484375,3622280000,^GSPC
2024-06-11,5375.31982421875,5375.9501953125,5327.25,5353.0,3568030000,^GSPC
2024-06-12,5421.02978515625,5447.25,5409.1298828125,5409.1298828125,3962840000,^GSPC
2024-06-13,5433.740234375,5441.93017578125,5402.509765625,5441.93017578125,3530380000,^GSPC
2024-06-14,5431.60009765625,5432.39013671875,5403.75,5424.080078125,3438650000,^GSPC
2024-06-17,5473.22998046875,5488.5,5420.39990234375,5431.10986328125,3447840000,^GSPC
2024-06-18,5487.02978515625,5490.3798828125,5471.31982421875,5476.14990234375,3544330000,^GSPC
2024-06-20,5473.169921875,5505.52978515625,5455.56005859375,5499.990234375,3847060000,^GSPC
2024-06-21,5464.6201171875,5478.31005859375,5452.02978515625,5466.77001953125,6773800000,^GSPC
2024-06-24,5447.8701171875,5490.66015625,5447.58984375,5459.580078125,3696750000,^GSPC
2024-06-25,5469.2998046875,5472.8798828125,5446.56005859375,5460.72998046875,3591960000,^GSPC
2024-06-26,5477.89990234375,5483.14013671875,5451.8701171875,5460.7099609375,3563920000,^GSPC
2024-06-27,5482.8701171875,5490.81005859375,5467.5400390625,5473.58984375,3589530000,^GSPC
2024-06-28,5460.47998046875,5523.64013671875,5451.1201171875,5488.47998046875,7199220000,^GSPC
2024-07-01,5475.08984375,5479.5498046875,5446.52978515625,5471.080078125,3488760000,^GSPC
2024-07-02,5509.009765625,5509.68994140625,5458.43017578125,5461.83984375,3329950000,^GSPC
2024-07-03,5537.02001953125,5539.27001953125,5507.419921875,5507.43994140625,2179470000,^GSPC
2024-07-05,5567.18994140625,5570.330078125,5531.6298828125,5537.91015625,3253080000,^GSPC
2024-07-08,5572.85009765625,5583.10986328125,5562.509765625,5572.75,3185670000,^GSPC
2024-07-09,5576.97998046875,5590.75,5574.56982421875,5584.240234375,3232920000,^GSPC
2024-07-10,5633.91015625,5635.39013671875,5586.43994140625,5591.259765625,3336100000,^GSPC
2024-07-11,5584.5400390625,5642.4501953125,5576.52978515625,5635.2099609375,4020950000,^GSPC
2024-07-12,5615.35009765625,5655.56005859375,5590.43994140625,5590.759765625,3700280000,^GSPC
2024-07-15,5631.22021484375,5666.93994140625,5614.75,5638.16015625,3620470000,^GSPC
2024-07-16,5667.2001953125,5669.669921875,5639.02001953125,5644.08984375,4041760000,^GSPC
2024-07-17,5588.27001953125,5622.490234375,5584.81005859375,5610.06982421875,4246450000,^GSPC
2024-07-18,5544.58984375,5614.0498046875,5522.81005859375,5608.56005859375,4007510000,^GSPC
2024-07-19,5505.0,5557.5,5497.0400390625,5543.3701171875,3760570000,^GSPC
2024-07-22,5564.41015625,5570.35986328125,5529.0400390625,5544.5400390625,3375180000,^GSPC
2024-07-23,5555.740234375,5585.33984375,5550.89990234375,5565.2998046875,3500210000,^GSPC
2024-07-24,5427.1298828125,5508.0400390625,5419.97998046875,5505.83984375,3945550000,^GSPC
2024-07-25,5399.22021484375,5491.58984375,5390.9501953125,5428.7001953125,4592120000,^GSPC
2024-07-26,5459.10009765625,5488.31982421875,5430.7001953125,5433.669921875,3638770000,^GSPC
2024-07-29,5463.5400390625,5487.740234375,5444.43994140625,5476.5498046875,3379970000,^GSPC
2024-07-30,5436.43994140625,5489.4599609375,5401.7001953125,5478.72998046875,3777740000,^GSPC
2024-07-31,5522.2998046875,5551.509765625,5493.75,5505.58984375,4546910000,^GSPC
2024-08-01,5446.68017578125,5566.16015625,5410.419921875,5537.83984375,4703620000,^GSPC
2024-08-02,5346.56005859375,5383.89013671875,5302.02978515625,5376.6298828125,5156450000,^GSPC
2024-08-05,5186.330078125,5250.89013671875,5119.259765625,5151.14013671875,5333250000,^GSPC
2024-08-06,5240.02978515625,5312.33984375,5193.56005859375,5206.419921875,4690190000,^GSPC
2024-08-07,5199.5,5330.64013671875,5195.5400390625,5293.1298828125,4558260000,^GSPC
2024-08-08,5319.31005859375,5328.02978515625,5233.85009765625,5252.56982421875,4016830000,^GSPC
2024-08-09,5344.16015625,5358.669921875,5300.83984375,5314.66015625,3516400000,^GSPC
2024-08-12,5344.39013671875,5371.2001953125,5324.3701171875,5351.8798828125,3360160000,^GSPC
2024-08-13,5434.43017578125,5436.5,5376.97998046875,5376.97998046875,3648980000,^GSPC
2024-08-14,5455.2099609375,5463.22021484375,5415.91015625,5442.35986328125,3380050000,^GSPC
2024-08-15,5543.22021484375,5546.22998046875,5501.1298828125,5501.1298828125,3723310000,^GSPC
2024-08-16,5554.25,5561.97998046875,5525.169921875,5530.5,3357690000,^GSPC
2024-08-19,5608.25,5608.2998046875,5550.740234375,5557.22998046875,3222050000,^GSPC
2024-08-20,5597.1201171875,5620.509765625,5585.5,5602.8798828125,2994420000,^GSPC
2024-08-21,5620.85009765625,5632.68017578125,5591.56982421875,5603.08984375,3119670000,^GSPC
2024-08-22,5570.64013671875,5643.22021484375,5560.9501953125,5637.77001953125,2981530000,^GSPC
2024-08-23,5634.60986328125,5641.81982421875,5585.16015625,5602.490234375,3291940000,^GSPC
2024-08-26,5616.83984375,5651.6201171875,5602.33984375,5639.66015625,2938570000,^GSPC
2024-08-27,5625.7998046875,5631.18017578125,5593.47998046875,5602.89013671875,2798990000,^GSPC
2024-08-28,5592.18017578125,5627.02978515625,5560.9501953125,5624.509765625,3053450000,^GSPC
2024-08-29,5591.9599609375,5646.9501953125,5583.7099609375,5607.2998046875,3065640000,^GSPC
2024-08-30,5648.39990234375,5651.3701171875,5581.7900390625,5612.740234375,4185850000,^GSPC
2024-09-03,5528.93017578125,5623.89013671875,5504.330078125,5623.89013671875,3866350000,^GSPC
2024-09-04,5520.06982421875,5552.990234375,5503.66015625,5506.68017578125,3478140000,^GSPC
2024-09-05,5503.41015625,5546.2998046875,5480.5400390625,5520.080078125,3521650000,^GSPC
2024-09-06,5408.419921875,5522.47021484375,5402.6201171875,5507.330078125,3822800000,^GSPC
2024-09-09,5471.0498046875,5484.2001953125,5434.490234375,5442.06982421875,3825940000,^GSPC
2024-09-10,5495.52001953125,5497.91015625,5441.72021484375,5490.509765625,3848180000,^GSPC
2024-09-11,5554.1298828125,5560.41015625,5406.9599609375,5496.419921875,3839450000,^GSPC
2024-09-12,5595.759765625,5600.7099609375,5535.5,5557.47998046875,3655070000,^GSPC
2024-09-13,5626.02001953125,5636.27001953125,5601.64990234375,5603.33984375,3500790000,^GSPC
2024-09-16,5633.08984375,5636.0498046875,5604.52978515625,5615.2099609375,3437070000,^GSPC
2024-09-17,5634.580078125,5670.81005859375,5614.0498046875,5655.509765625,3443600000,^GSPC
2024-09-18,5618.259765625,5689.75,5615.080078125,5641.68017578125,3691390000,^GSPC
2024-09-19,5713.64013671875,5733.56982421875,5686.419921875,5702.6298828125,4024530000,^GSPC
2024-09-20,5702.5498046875,5715.14013671875,5674.490234375,5709.64013671875,7867260000,^GSPC
2024-09-23,5718.56982421875,5725.35986328125,5704.22021484375,5711.89990234375,3529550000,^GSPC
2024-09-24,5732.93017578125,5735.31982421875,5698.990234375,5727.66015625,3872710000,^GSPC
2024-09-25,5722.259765625,5741.02978515625,5712.06005859375,5733.64990234375,3624910000,^GSPC
2024-09-26,5745.3701171875,5767.3701171875,5721.009765625,5762.22021484375,4391180000,^GSPC
2024-09-27,5738.169921875,5763.77978515625,5727.33984375,5755.35986328125,3898530000,^GSPC
2024-09-30,5762.47998046875,5765.14013671875,5703.52978515625,5726.52001953125,4425730000,^GSPC
2024-10-01,5708.75,5757.72998046875,5681.27978515625,5757.72998046875,4025180000,^GSPC
2024-10-02,5709.5400390625,5719.6298828125,5674.0,5698.14013671875,3829050000,^GSPC
2024-10-03,5699.93994140625,5718.77978515625,5677.3701171875,5698.18994140625,3597450000,^GSPC
2024-10-04,5751.06982421875,5753.2099609375,5702.830078125,5737.47998046875,3479400000,^GSPC
2024-10-07,5695.93994140625,5739.33984375,5686.85009765625,5737.7998046875,3637790000,^GSPC
2024-10-08,5751.1298828125,5757.60009765625,5714.56005859375,5719.14013671875,3393400000,^GSPC
2024-10-09,5792.0400390625,5796.7998046875,5745.02001953125,5751.7998046875,3650340000,^GSPC
2024-10-10,5780.0498046875,5795.02978515625,5764.759765625,5778.35986328125,3208790000,^GSPC
2024-10-11,5815.02978515625,5822.1298828125,5775.08984375,5775.08984375,3208720000,^GSPC
2024-10-14,5859.85009765625,5871.41015625,5829.56982421875,5829.81005859375,3005250000,^GSPC
2024-10-15,5815.259765625,5870.35986328125,5804.47998046875,5866.740234375,3882120000,^GSPC
2024-10-16,5842.47021484375,5846.52001953125,5808.33984375,5816.580078125,3467230000,^GSPC
2024-10-17,5841.47021484375,5878.4599609375,5840.25,5875.6201171875,3480010000,^GSPC
2024-10-18,5864.669921875,5872.169921875,5846.10986328125,5859.43017578125,3374490000,^GSPC
2024-10-21,5853.97998046875,5866.919921875,5824.7900390625,5857.81982421875,3407010000,^GSPC
2024-10-22,5851.2001953125,5863.0400390625,5821.169921875,5832.7001953125,3342080000,^GSPC
2024-10-23,5797.419921875,5834.85009765625,5762.41015625,5834.5,3532650000,^GSPC
2024-10-24,5809.85986328125,5817.7998046875,5784.919921875,5817.7998046875,3543030000,^GSPC
2024-10-25,5808.1201171875,5862.81982421875,5799.97998046875,5826.75,3501280000,^GSPC
2024-10-28,5823.52001953125,5842.919921875,5823.080078125,5833.93017578125,3691280000,^GSPC
2024-10-29,5832.919921875,5847.18994140625,5802.169921875,5819.68017578125,3879100000,^GSPC
2024-10-30,5813.669921875,5850.93994140625,5811.27978515625,5832.64990234375,3851120000,^GSPC
2024-10-31,5705.4501953125,5775.33984375,5702.85986328125,5775.33984375,4425660000,^GSPC
2024-11-01,5728.7998046875,5772.52001953125,5723.22021484375,5723.22021484375,3796450000,^GSPC
2024-11-04,5712.68994140625,5741.43017578125,5696.509765625,5725.14990234375,3602060000,^GSPC
2024-11-05,5782.759765625,5783.43994140625,5722.10009765625,5722.43017578125,3768310000,^GSPC
2024-11-06,5929.0400390625,5936.14013671875,5864.89013671875,5864.89013671875,6329530000,^GSPC
2024-11-07,5973.10009765625,5983.83984375,5947.2099609375,5947.2099609375,4925740000,^GSPC
2024-11-08,5995.5400390625,6012.4501953125,5976.759765625,5976.759765625,4666740000,^GSPC
2024-11-11,6001.35009765625,6017.31005859375,5986.68994140625,6008.85986328125,4333000000,^GSPC
2024-11-12,5983.990234375,6009.919921875,5960.080078125,6003.60009765625,4243400000,^GSPC
2024-11-13,5985.3798828125,6008.18994140625,5965.91015625,5985.75,4220180000,^GSPC
2024-11-14,5949.169921875,5993.8798828125,5942.27978515625,5989.68017578125,4184570000,^GSPC
2024-11-15,5870.6201171875,5915.31982421875,5853.009765625,5912.7900390625,4590960000,^GSPC
2024-11-18,5893.6201171875,5908.1201171875,5865.9501953125,5874.169921875,3983860000,^GSPC
2024-11-19,5916.97998046875,5923.509765625,5855.2900390625,5870.0498046875,4036940000,^GSPC
2024-11-20,5917.10986328125,5920.669921875,5860.56005859375,5914.33984375,3772620000,^GSPC
2024-11-21,5948.7099609375,5963.31982421875,5887.259765625,5940.580078125,4230120000,^GSPC
2024-11-22,5969.33984375,5972.89990234375,5944.35986328125,5944.35986328125,4141420000,^GSPC
2024-11-25,5987.3701171875,6020.75,5963.91015625,5992.27978515625,5633150000,^GSPC
2024-11-26,6021.6298828125,6025.419921875,5992.27001953125,6000.02978515625,3835170000,^GSPC
2024-11-27,5998.740234375,6020.16015625,5984.8701171875,6014.10986328125,3363340000,^GSPC
2024-11-29,6032.3798828125,6044.169921875,6003.97998046875,6003.97998046875,2444420000,^GSPC
2024-12-02,6047.14990234375,6053.580078125,6035.330078125,6040.10986328125,4412470000,^GSPC
2024-12-03,6049.8798828125,6052.06982421875,6033.39013671875,6042.97021484375,4095000000,^GSPC
2024-12-04,6086.490234375,6089.83984375,6061.06005859375,6069.39013671875,4003390000,^GSPC
2024-12-05,6075.10986328125,6094.5498046875,6072.89990234375,6089.02978515625,4212020000,^GSPC
2024-12-06,6090.27001953125,6099.97021484375,6079.97998046875,6081.3798828125,3924830000,^GSPC
2024-12-09,6052.85009765625,6088.509765625,6048.6298828125,6083.009765625,4556460000,^GSPC
2024-12-10,6034.91015625,6065.39990234375,6029.89013671875,6057.58984375,4048410000,^GSPC
2024-12-11,6084.18994140625,6092.58984375,6060.14990234375,6060.14990234375,4269950000,^GSPC
2024-12-12,6051.25,6079.68017578125,6051.25,6074.2900390625,3678010000,^GSPC
2024-12-13,6051.08984375,6078.580078125,6035.77001953125,6068.169921875,3584960000,^GSPC
2024-12-16,6074.080078125,6085.18994140625,6059.14013671875,6063.7900390625,4391100000,^GSPC
2024-12-17,6050.60986328125,6057.68017578125,6035.18994140625,6052.5498046875,4544500000,^GSPC
2024-12-18,5872.16015625,6070.669921875,5867.7900390625,6047.64990234375,5246960000,^GSPC
2024-12-19,5867.080078125,5935.52001953125,5866.06982421875,5912.7099609375,4896880000,^GSPC
2024-12-20,5930.85009765625,5982.06005859375,5832.2998046875,5842.0,8223220000,^GSPC
2024-12-23,5974.06982421875,5978.25,5902.56982421875,5940.25,3593280000,^GSPC
2024-12-24,6040.0400390625,6040.10009765625,5981.43994140625,5984.6298828125,1757720000,^GSPC
2024-12-26,6037.58984375,6049.75,6007.3701171875,6024.97021484375,2904530000,^GSPC
2024-12-27,5970.83984375,6006.169921875,5932.9501953125,6006.169921875,3159610000,^GSPC
2024-12-30,5906.93994140625,5940.7900390625,5869.16015625,5920.669921875,3433250000,^GSPC
2024-12-31,5881.6298828125,5929.740234375,5868.85986328125,5919.740234375,3128350000,^GSPC
2025-01-02,5868.5498046875,5935.08984375,5829.52978515625,5903.259765625,3621680000,^GSPC
2025-01-03,5942.47021484375,5949.33984375,5888.66015625,5891.06982421875,3667340000,^GSPC
2025-01-06,5975.3798828125,6021.0400390625,5960.009765625,5982.81005859375,4940120000,^GSPC
2025-01-07,5909.02978515625,6000.68017578125,5890.68017578125,5993.259765625,4517330000,^GSPC
2025-01-08,5918.25,5927.89013671875,5874.77978515625,5910.66015625,4441740000,^GSPC
2025-01-10,5827.0400390625,5890.35009765625,5807.77978515625,5890.35009765625,4751930000,^GSPC
2025-01-13,5836.22021484375,5838.60986328125,5773.31005859375,5782.02001953125,4421200000,^GSPC
2025-01-14,5842.91015625,5871.919921875,5805.419921875,5859.27001953125,4142280000,^GSPC
2025-01-15,5949.91015625,5960.60986328125,5905.2099609375,5905.2099609375,4544570000,^GSPC
2025-01-16,5937.33984375,5964.68994140625,5930.72021484375,5963.60986328125,4285810000,^GSPC
2025-01-17,5996.66015625,6014.9599609375,5978.43994140625,5995.39990234375,4366830000,^GSPC
2025-01-21,6049.240234375,6051.509765625,6006.8798828125,6014.1201171875,4702920000,^GSPC
2025-01-22,6086.3701171875,6100.81005859375,6076.1298828125,6081.39013671875,4323040000,^GSPC
2025-01-23,6118.7099609375,6118.72998046875,6074.669921875,6076.31982421875,4432250000,^GSPC
2025-01-24,6101.240234375,6128.18017578125,6088.740234375,6121.43017578125,4214250000,^GSPC
2025-01-27,6012.27978515625,6017.169921875,5962.919921875,5969.0400390625,5198750000,^GSPC
2025-01-28,6067.7001953125,6074.5400390625,5994.6298828125,6026.97021484375,4473640000,^GSPC
2025-01-29,6039.31005859375,6062.830078125,6012.9599609375,6057.7001953125,4115310000,^GSPC
2025-01-30,6071.169921875,6086.64013671875,6027.4599609375,6050.75,4634620000,^GSPC
2025-01-31,6040.52978515625,6120.91015625,6030.93017578125,6096.7900390625,4843770000,^GSPC
2025-02-03,5994.56982421875,6022.1298828125,5923.93017578125,5969.64990234375,4797210000,^GSPC
2025-02-04,6037.8798828125,6042.47998046875,5990.8701171875,5998.14013671875,4410160000,^GSPC
2025-02-05,6061.47998046875,6062.85986328125,6007.06005859375,6020.4501953125,4756250000,^GSPC
2025-02-06,6083.56982421875,6084.02978515625,6046.830078125,6072.22021484375,4847120000,^GSPC
2025-02-07,6025.990234375,6101.27978515625,6019.9599609375,6083.1298828125,4766900000,^GSPC
2025-02-10,6066.43994140625,6073.3798828125,6044.83984375,6046.39990234375,4458760000,^GSPC
2025-02-11,6068.5,6076.27978515625,6042.33984375,6049.31982421875,4324880000,^GSPC
2025-02-12,6051.97021484375,6063.0,6003.0,6025.080078125,4627960000,^GSPC
2025-02-13,6115.06982421875,6116.91015625,6050.9501953125,6060.58984375,4763800000,^GSPC
2025-02-14,6114.6298828125,6127.47021484375,6107.6201171875,6115.52001953125,4335190000,^GSPC
2025-02-18,6129.580078125,6129.6298828125,6099.509765625,6121.60009765625,4684980000,^GSPC
2025-02-19,6144.14990234375,6147.43017578125,6111.14990234375,6117.759765625,4562330000,^GSPC
2025-02-20,6117.52001953125,6134.5,6084.58984375,6134.5,4813690000,^GSPC
2025-02-21,6013.1298828125,6114.81982421875,6008.56005859375,6114.10009765625,5434560000,^GSPC
2025-02-24,5983.25,6043.64990234375,5977.830078125,6026.68994140625,4990120000,^GSPC
2025-02-25,5955.25,5992.64990234375,5908.490234375,5982.72998046875,5374690000,^GSPC
2025-02-26,5956.06005859375,6009.81982421875,5932.68994140625,5970.8701171875,4869580000,^GSPC
2025-02-27,5861.56982421875,5993.68994140625,5858.77978515625,5981.8798828125,5057680000,^GSPC
2025-02-28,5954.5,5959.39990234375,5837.66015625,5856.740234375,6441140000,^GSPC
2025-03-03,5849.72021484375,5986.08984375,5810.91015625,5968.330078125,5613850000,^GSPC
2025-03-04,5778.14990234375,5865.080078125,5732.58984375,5811.97998046875,6138110000,^GSPC
2025-03-05,5842.6298828125,5860.58984375,5742.35009765625,5781.35986328125,5285970000,^GSPC
2025-03-06,5738.52001953125,5812.080078125,5711.64013671875,5785.8701171875,5165080000,^GSPC
2025-03-07,5770.2001953125,5783.009765625,5666.2900390625,5726.009765625,5705140000,^GSPC
2025-03-10,5614.56005859375,5705.3701171875,5564.02001953125,5705.3701171875,6409370000,^GSPC
2025-03-11,5572.06982421875,5636.2998046875,5528.41015625,5603.64990234375,6221240000,^GSPC
2025-03-12,5599.2998046875,5642.18994140625,5546.08984375,5624.83984375,5219830000,^GSPC
2025-03-13,5521.52001953125,5597.77978515625,5504.64990234375,5594.4501953125,5018980000,^GSPC
2025-03-14,5638.93994140625,5645.27001953125,5563.85009765625,5563.85009765625,4863180000,^GSPC
2025-03-17,5675.1201171875,5703.52001953125,5631.1201171875,5635.60009765625,5031770000,^GSPC
2025-03-18,5614.66015625,5654.52978515625,5597.759765625,5654.52978515625,4666270000,^GSPC
2025-03-19,5675.2900390625,5715.330078125,5622.2001953125,5632.3701171875,4660090000,^GSPC
2025-03-20,5662.89013671875,5711.14990234375,5632.330078125,5646.919921875,4678420000,^GSPC
2025-03-21,5667.56005859375,5670.83984375,5603.10009765625,5630.72998046875,9367460000,^GSPC
2025-03-24,5767.56982421875,5775.14013671875,5718.080078125,5718.080078125,4517990000,^GSPC
2025-03-25,5776.64990234375,5786.9501953125,5760.419921875,5775.9599609375,4467340000,^GSPC
2025-03-26,5712.2001953125,5783.6201171875,5694.41015625,5771.66015625,4183140000,^GSPC
2025-03-27,5693.31005859375,5732.27978515625,5670.93994140625,5695.64013671875,4403460000,^GSPC
2025-03-28,5580.93994140625,5685.89013671875,5572.419921875,5679.2001953125,4513330000,^GSPC
2025-03-31,5611.85009765625,5627.56005859375,5488.72998046875,5527.91015625,5257250000,^GSPC
2025-04-01,5633.06982421875,5650.56982421875,5558.52001953125,5597.52978515625,4434500000,^GSPC
2025-04-02,5670.97021484375,5695.31005859375,5571.47998046875,5580.759765625,4243830000,^GSPC
2025-04-03,5396.52001953125,5499.52978515625,5390.830078125,5492.740234375,7210470000,^GSPC
2025-04-04,5074.080078125,5292.14013671875,5069.89990234375,5292.14013671875,8853500000,^GSPC
2025-04-07,5062.25,5246.56982421875,4835.0400390625,4953.7900390625,8691980000,^GSPC
2025-04-08,4982.77001953125,5267.47021484375,4910.419921875,5193.56982421875,7408140000,^GSPC
2025-04-09,5456.89990234375,5481.33984375,4948.43017578125,4965.27978515625,9489600000,^GSPC
2025-04-10,5268.0498046875,5353.14990234375,5115.27001953125,5353.14990234375,6677140000,^GSPC
2025-04-11,5363.35986328125,5381.4599609375,5220.77001953125,5255.56005859375,5602550000,^GSPC
2025-04-14,5405.97021484375,5459.4599609375,5358.02001953125,5441.9599609375,5031440000,^GSPC
2025-04-15,5396.6298828125,5450.41015625,5386.43994140625,5411.990234375,4317110000,^GSPC
2025-04-16,5275.7001953125,5367.240234375,5220.7900390625,5335.75,4607750000,^GSPC
2025-04-17,5282.7001953125,5328.31005859375,5255.580078125,5305.4501953125,4714880000,^GSPC
2025-04-21,5158.2001953125,5232.93994140625,5101.6298828125,5232.93994140625,4226340000,^GSPC
2025-04-22,5287.759765625,5309.60986328125,5207.669921875,5207.669921875,4666950000,^GSPC
2025-04-23,5375.85986328125,5469.68994140625,5356.169921875,5395.919921875,5371390000,^GSPC
2025-04-24,5484.77001953125,5489.39990234375,5371.9599609375,5381.3798828125,4697710000,^GSPC
2025-04-25,5525.2099609375,5528.10986328125,5455.85986328125,5489.72998046875,4236580000,^GSPC
2025-04-28,5528.75,5553.66015625,5468.64013671875,5529.22021484375,4257880000,^GSPC
2025-04-29,5560.830078125,5571.9501953125,5505.7001953125,5508.8701171875,4747150000,^GSPC
2025-04-30,5569.06005859375,5581.83984375,5433.240234375,5499.43994140625,5449490000,^GSPC
2025-05-01,5604.14013671875,5658.91015625,5597.35009765625,5625.14013671875,4935270000,^GSPC
2025-05-02,5686.669921875,5700.7001953125,5642.27978515625,5645.8798828125,4854380000,^GSPC
2025-05-05,5650.3798828125,5683.3798828125,5634.47998046875,5655.31982421875,4358260000,^GSPC
2025-05-06,5606.91015625,5649.580078125,5586.0400390625,5605.8701171875,4717260000,^GSPC
2025-05-07,5631.27978515625,5654.72998046875,5578.64013671875,5614.18017578125,4987440000,^GSPC
2025-05-08,5663.93994140625,5720.10009765625,5635.3798828125,5663.60009765625,5627400000,^GSPC
2025-05-09,5659.91015625,5691.68994140625,5644.14990234375,5679.64990234375,4645090000,^GSPC
2025-05-12,5844.18994140625,5845.3701171875,5786.080078125,5807.2001953125,6014580000,^GSPC
2025-05-13,5886.5498046875,5906.64013671875,5845.02001953125,5854.14990234375,5516290000,^GSPC
2025-05-14,5892.580078125,5906.5498046875,5872.10986328125,5896.740234375,5233450000,^GSPC
2025-05-15,5916.93017578125,5924.2099609375,5865.16015625,5869.81982421875,4991290000,^GSPC
2025-05-16,5958.3798828125,5958.6201171875,5907.35986328125,5929.08984375,4850850000,^GSPC
2025-05-19,5963.60009765625,5968.60986328125,5895.68994140625,5902.8798828125,4144010000,^GSPC
2025-05-20,5940.4599609375,5953.06005859375,5909.259765625,5944.66015625,4416850000,^GSPC
2025-05-21,5844.60986328125,5938.3701171875,5830.91015625,5910.18017578125,5254250000,^GSPC
2025-05-22,5842.009765625,5878.080078125,5825.81982421875,5841.259765625,5157050000,^GSPC
2025-05-23,5802.81982421875,5829.509765625,5767.41015625,5781.89013671875,4662820000,^GSPC
2025-05-27,5921.5400390625,5924.330078125,5854.06982421875,5854.06982421875,5366380000,^GSPC
2025-05-28,5888.5498046875,5939.919921875,5881.8798828125,5925.5400390625,4665050000,^GSPC
2025-05-29,5912.169921875,5943.1298828125,5873.7998046875,5939.9599609375,4569750000,^GSPC
2025-05-30,5911.68994140625,5922.14013671875,5843.66015625,5903.669921875,6378540000,^GSPC
2025-06-02,5935.93994140625,5937.39990234375,5861.43017578125,5896.68017578125,4832240000,^GSPC
2025-06-03,5970.3701171875,5981.35009765625,5929.0,5938.56005859375,5026680000,^GSPC
2025-06-04,5970.81005859375,5990.47998046875,5966.10986328125,5978.93994140625,4767050000,^GSPC
2025-06-05,5939.2998046875,5999.7001953125,5921.2001953125,5985.669921875,5091850000,^GSPC
2025-06-06,6000.35986328125,6016.8701171875,5978.6298828125,5987.06005859375,4355710000,^GSPC
2025-06-09,6005.8798828125,6021.31005859375,5994.18017578125,6004.6298828125,4642360000,^GSPC
2025-06-10,6038.81005859375,6043.009765625,6000.27978515625,6009.91015625,4882880000,^GSPC
2025-06-11,6022.240234375,6059.39990234375,6002.31982421875,6049.3798828125,5111550000,^GSPC
2025-06-12,6045.259765625,6045.43017578125,6003.8798828125,6009.89990234375,4669500000,^GSPC
2025-06-13,5976.97021484375,6026.16015625,5963.2099609375,6000.56005859375,5258910000,^GSPC
2025-06-16,6033.10986328125,6050.830078125,6004.0,6004.0,5111710000,^GSPC
2025-06-17,5982.72021484375,6023.25,5974.7998046875,6012.14990234375,4955700000,^GSPC
2025-06-18,5980.8701171875,6018.25,5971.89013671875,5987.93017578125,5106470000,^GSPC
2025-06-20,5967.83984375,6018.2001953125,5952.56005859375,5999.669921875,7451500000,^GSPC
2025-06-23,6025.169921875,6028.77001953125,5943.22998046875,5969.669921875,5597000000,^GSPC
2025-06-24,6092.18017578125,6101.759765625,6059.25,6061.2099609375,5443690000,^GSPC
2025-06-25,6092.16015625,6108.509765625,6080.08984375,6104.22998046875,5171110000,^GSPC
2025-06-26,6141.02001953125,6146.52001953125,6107.27001953125,6112.08984375,5308140000,^GSPC
2025-06-27,6173.06982421875,6187.68017578125,6132.35009765625,6150.7001953125,7889350000,^GSPC
2025-06-30,6204.9501953125,6215.080078125,6174.97021484375,6193.35986328125,5782900000,^GSPC
2025-07-01,6198.009765625,6210.77978515625,6177.97021484375,6187.25,6275310000,^GSPC
2025-07-02,6227.419921875,6227.60009765625,6188.2900390625,6193.8798828125,5645710000,^GSPC
2025-07-03,6279.35009765625,6284.64990234375,6246.4599609375,6246.4599609375,3378110000,^GSPC
2025-07-07,6229.97998046875,6262.06982421875,6201.0,6259.0400390625,5236740000,^GSPC
2025-07-08,6225.52001953125,6242.7001953125,6217.75,6234.02978515625,5739030000,^GSPC
2025-07-09,6263.259765625,6269.16015625,6231.43017578125,6243.330078125,4813340000,^GSPC
2025-07-10,6280.4599609375,6290.22021484375,6251.43994140625,6266.7998046875,5367350000,^GSPC
2025-07-11,6259.75,6269.43994140625,6237.60009765625,6255.68017578125,4656210000,^GSPC
2025-07-14,6268.56005859375,6273.31005859375,6239.22021484375,6255.14990234375,4722250000,^GSPC
2025-07-15,6243.759765625,6302.0400390625,6241.68017578125,6295.2900390625,5133670000,^GSPC
2025-07-16,6263.7001953125,6268.1201171875,6201.58984375,6254.5,5177460000,^GSPC
2025-07-17,6297.35986328125,6304.68994140625,6262.27001953125,6263.39990234375,5512290000,^GSPC
2025-07-18,6296.7900390625,6315.60986328125,6285.27001953125,6312.9501953125,5184700000,^GSPC
2025-07-21,6305.60009765625,6336.080078125,6303.7900390625,6304.740234375,5010840000,^GSPC
2025-07-22,6309.6201171875,6316.1201171875,6281.7099609375,6306.60009765625,5662040000,^GSPC
2025-07-23,6358.91015625,6360.64013671875,6317.490234375,6326.89990234375,5642510000,^GSPC
2025-07-24,6363.35009765625,6381.31005859375,6360.56982421875,6368.60009765625,5282720000,^GSPC
2025-07-25,6388.64013671875,6395.81982421875,6368.52978515625,6370.009765625,4470720000,^GSPC
2025-07-28,6389.77001953125,6401.06982421875,6375.7900390625,6397.68994140625,4565620000,^GSPC
2025-07-29,6370.85986328125,6409.259765625,6363.919921875,6405.6201171875,5076120000,^GSPC
2025-07-30,6362.89990234375,6396.5400390625,6336.3798828125,6381.22998046875,5375070000,^GSPC
2025-07-31,6339.39013671875,6427.02001953125,6327.64013671875,6427.02001953125,6077080000,^GSPC
2025-08-01,6238.009765625,6287.27978515625,6212.68994140625,6287.27978515625,5827150000,^GSPC
2025-08-04,6329.93994140625,6330.68994140625,6271.7099609375,6271.7099609375,4842580000,^GSPC
2025-08-05,6299.18994140625,6346.0,6289.3701171875,6336.6298828125,5517410000,^GSPC
2025-08-06,6345.06005859375,6352.830078125,6301.10986328125,6309.2998046875,5408560000,^GSPC
2025-08-07,6340.0,6389.7099609375,6310.31982421875,6374.31982421875,5306090000,^GSPC
2025-08-08,6389.4501953125,6395.16015625,6355.22021484375,6355.22021484375,4769910000,^GSPC
2025-08-11,6373.4501953125,6407.25,6364.06005859375,6389.669921875,4652400000,^GSPC
2025-08-12,6445.759765625,6446.5498046875,6385.759765625,6395.169921875,5135300000,^GSPC
2025-08-13,6466.580078125,6480.27978515625,6445.02001953125,6462.669921875,5195950000,^GSPC
2025-08-14,6468.5400390625,6473.919921875,6441.06982421875,6453.4599609375,4462050000,^GSPC
2025-08-15,6449.7998046875,6481.33984375,6441.85009765625,6477.3798828125,4575060000,^GSPC
2025-08-18,6449.14990234375,6455.35009765625,6437.7001953125,6445.02001953125,4162290000,^GSPC
2025-08-19,6411.3701171875,6456.47998046875,6400.22021484375,6446.240234375,4377440000,^GSPC
2025-08-20,6395.77978515625,6408.39990234375,6343.85986328125,6406.6201171875,4470390000,^GSPC
2025-08-21,6370.169921875,6393.64990234375,6352.7099609375,6380.830078125,4013560000,^GSPC
2025-08-22,6466.91015625,6478.89013671875,6384.58984375,6384.58984375,5046860000,^GSPC
2025-08-25,6439.31982421875,6466.89013671875,6438.06005859375,6457.669921875,4059070000,^GSPC
2025-08-26,6465.93994140625,6468.3701171875,6429.2099609375,6435.490234375,4867680000,^GSPC
2025-08-27,6481.39990234375,6487.06005859375,6457.83984375,6462.259765625,4143680000,^GSPC
2025-08-28,6501.85986328125,6508.22998046875,6466.9599609375,6483.83984375,4283760000,^GSPC
2025-08-29,6460.259765625,6491.759765625,6444.56982421875,6489.27978515625,4234840000,^GSPC
2025-09-02,6415.5400390625,6416.5400390625,6360.580078125,6401.509765625,4784000000,^GSPC
2025-09-03,6448.259765625,6453.669921875,6416.169921875,6445.81982421875,4465360000,^GSPC
2025-09-04,6502.080078125,6502.5400390625,6445.97998046875,6456.60009765625,4670770000,^GSPC
2025-09-05,6481.5,6532.64990234375,6443.97998046875,6529.080078125,5066120000,^GSPC
2025-09-08,6495.14990234375,6508.669921875,6483.2900390625,6498.08984375,5211500000,^GSPC
2025-09-09,6512.60986328125,6518.22998046875,6483.080078125,6503.330078125,4798350000,^GSPC
2025-09-10,6532.0400390625,6555.97021484375,6516.33984375,6550.2900390625,5253010000,^GSPC
2025-09-11,6587.47021484375,6592.89013671875,6545.7998046875,6554.41015625,5426460000,^GSPC
2025-09-12,6584.2900390625,6600.2099609375,6579.490234375,6590.66015625,4641640000,^GSPC
2025-09-15,6615.27978515625,6619.6201171875,6602.06982421875,6603.490234375,5045020000,^GSPC
2025-09-16,6606.759765625,6626.990234375,6600.10986328125,6624.1298828125,5359510000,^GSPC
2025-09-17,6600.35009765625,6624.39013671875,6551.14990234375,6604.8701171875,5805340000,^GSPC
2025-09-18,6631.9599609375,6656.7998046875,6611.89013671875,6626.85009765625,5292400000,^GSPC
2025-09-19,6664.35986328125,6671.81982421875,6630.31005859375,6647.10986328125,9125960000,^GSPC
2025-09-22,6693.75,6698.8798828125,6648.06982421875,6654.27978515625,5642620000,^GSPC
2025-09-23,6656.919921875,6699.52001953125,6645.580078125,6692.43994140625,5633620000,^GSPC
2025-09-24,6637.97021484375,6672.66015625,6621.759765625,6669.7900390625,5459180000,^GSPC
2025-09-25,6604.72021484375,6619.0,6569.22021484375,6608.18994140625,5874670000,^GSPC
2025-09-26,6643.7001953125,6648.97021484375,6604.43017578125,6615.3798828125,5103110000,^GSPC
2025-09-29,6661.2099609375,6677.31005859375,6644.490234375,6661.580078125,5358760000,^GSPC
2025-09-30,6688.4599609375,6691.25,6641.0,6656.18994140625,6057210000,^GSPC
2025-10-01,6711.2001953125,6718.47998046875,6656.2001953125,6664.919921875,6037950000,^GSPC
2025-10-02,6715.35009765625,6731.93994140625,6693.22998046875,6731.31005859375,5416130000,^GSPC
2025-10-03,6715.7900390625,6750.8701171875,6705.669921875,6722.14013671875,5713110000,^GSPC
2025-10-06,6740.27978515625,6749.52001953125,6717.77978515625,6733.85986328125,5604460000,^GSPC
2025-10-07,6714.58984375,6754.490234375,6699.9599609375,6746.14013671875,5546150000,^GSPC
2025-10-08,6753.72021484375,6755.64013671875,6718.08984375,6723.8701171875,5383130000,^GSPC
2025-10-09,6735.10986328125,6764.580078125,6716.169921875,6760.5,5385020000,^GSPC
2025-10-10,6552.509765625,6762.39990234375,6550.77978515625,6740.490234375,6596610000,^GSPC
2025-10-13,6654.72021484375,6668.68017578125,6620.7099609375,6622.52978515625,5303960000,^GSPC
2025-10-14,6644.31005859375,6680.7001953125,6555.06982421875,6602.490234375,5666920000,^GSPC
2025-10-15,6671.06005859375,6724.1201171875,6612.10986328125,6688.27001953125,5633060000,^GSPC
2025-10-16,6629.06982421875,6709.33984375,6593.990234375,6689.02001953125,6048180000,^GSPC
2025-10-17,6664.009765625,6678.8798828125,6603.759765625,6613.27001953125,5358120000,^GSPC
2025-10-20,6735.1298828125,6744.35009765625,6690.0498046875,6690.0498046875,4672170000,^GSPC
2025-10-21,6735.35009765625,6752.16015625,6722.02978515625,6736.75,5245020000,^GSPC
2025-10-22,6699.39990234375,6741.75,6655.68994140625,6741.33984375,5710010000,^GSPC
2025-10-23,6738.43994140625,6749.52978515625,6700.14013671875,6703.64990234375,5565750000,^GSPC
2025-10-24,6791.68994140625,6807.10986328125,6772.06982421875,6772.06982421875,5058220000,^GSPC
2025-10-27,6875.16015625,6877.27978515625,6843.93994140625,6845.4599609375,5290650000,^GSPC
2025-10-28,6890.89013671875,6911.2998046875,6870.72998046875,6897.740234375,5695930000,^GSPC
2025-10-29,6890.58984375,6920.33984375,6851.91015625,6910.9501953125,6280130000,^GSPC
2025-10-30,6822.33984375,6880.75,6820.68994140625,6860.5,6052700000,^GSPC
2025-10-31,6840.2001953125,6879.169921875,6814.259765625,6879.169921875,6398280000,^GSPC
2025-11-03,6851.97021484375,6882.31982421875,6820.6201171875,6882.31982421875,6065720000,^GSPC
2025-11-04,6771.5498046875,6820.2099609375,6766.7099609375,6788.52001953125,5739510000,^GSPC
2025-11-05,6796.2900390625,6829.77978515625,6763.10986328125,6769.77001953125,5939600000,^GSPC
2025-11-06,6720.31982421875,6796.68017578125,6707.509765625,6787.58984375,6051900000,^GSPC
2025-11-07,6728.7998046875,6730.10986328125,6631.43994140625,6696.18017578125,5926070000,^GSPC
2025-11-10,6832.43017578125,6841.31982421875,6770.56005859375,6785.35986328125,5366050000,^GSPC
2025-11-11,6846.60986328125,6855.1298828125,6806.8701171875,6815.64013671875,4983490000,^GSPC
2025-11-12,6850.919921875,6869.91015625,6829.6201171875,6867.77001953125,5293610000,^GSPC
2025-11-13,6737.490234375,6828.0498046875,6724.72021484375,6826.47021484375,5473720000,^GSPC
2025-11-14,6734.10986328125,6774.31005859375,6646.8701171875,6672.14013671875,5042660000,^GSPC
2025-11-17,6672.41015625,6754.5,6638.89990234375,6713.60986328125,5204220000,^GSPC
2025-11-18,6617.31982421875,6666.6298828125,6574.31982421875,6641.18994140625,5159390000,^GSPC
2025-11-19,6642.16015625,6689.75,6603.5,6625.83984375,5021610000,^GSPC
2025-11-20,6538.759765625,6770.35009765625,6534.0498046875,6737.93017578125,5596080000,^GSPC
2025-11-21,6602.990234375,6660.0498046875,6521.919921875,6555.77001953125,5929930000,^GSPC
2025-11-24,6705.1201171875,6715.75,6630.7001953125,6636.5400390625,6039740000,^GSPC
2025-11-25,6765.8798828125,6776.39990234375,6659.97998046875,6697.02978515625,5003330000,^GSPC
2025-11-26,6812.60986328125,6831.43994140625,6783.8701171875,6793.5498046875,4485000000,^GSPC
2025-11-28,6849.08984375,6850.85986328125,6819.75,6822.52001953125,2558540000,^GSPC
2025-12-01,6812.6298828125,6843.64990234375,6799.93994140625,6812.2998046875,4549370000,^GSPC
2025-12-02,6829.3701171875,6851.5498046875,6806.7099609375,6830.9599609375,4582290000,^GSPC
2025-12-03,6849.72021484375,6862.419921875,6810.43017578125,6815.2900390625,4736780000,^GSPC
2025-12-04,6857.1201171875,6866.47021484375,6827.1201171875,6866.47021484375,4872440000,^GSPC
2025-12-05,6870.39990234375,6895.77978515625,6858.2900390625,6866.31982421875,4944560000,^GSPC
2025-12-08,6846.509765625,6878.27001953125,6827.18994140625,6875.2001953125,4757130000,^GSPC
2025-12-09,6840.509765625,6864.919921875,6837.43017578125,6840.60986328125,4508050000,^GSPC
2025-12-10,6886.68017578125,6900.669921875,6824.68994140625,6833.490234375,5526570000,^GSPC
2025-12-11,6901.0,6903.4599609375,6833.4501953125,6861.2998046875,5021060000,^GSPC
2025-12-12,6827.41015625,6899.85009765625,6801.7900390625,6886.85009765625,4910160000,^GSPC
2025-12-15,6816.509765625,6861.58984375,6801.490234375,6860.18994140625,4975600000,^GSPC
2025-12-16,6800.259765625,6819.27001953125,6759.740234375,6800.1201171875,4983180000,^GSPC
2025-12-17,6721.43017578125,6812.259765625,6720.43017578125,6802.8798828125,5122120000,^GSPC
2025-12-18,6774.759765625,6816.1298828125,6758.5,6778.06005859375,5101190000,^GSPC
2025-12-19,6834.5,6840.02001953125,6792.6201171875,6792.6201171875,8554470000,^GSPC
2025-12-22,6878.490234375,6882.02978515625,6855.740234375,6865.2099609375,4465030000,^GSPC
2025-12-23,6909.7900390625,6910.8798828125,6868.81005859375,6872.41015625,3820560000,^GSPC
2025-12-24,6932.0498046875,6937.31982421875,6904.91015625,6904.91015625,1798270000,^GSPC
2025-12-26,6929.93994140625,6945.77001953125,6921.60009765625,6936.02001953125,2586550000,^GSPC
2025-12-29,6905.740234375,6920.2099609375,6888.759765625,6903.60009765625,3541750000,^GSPC
2025-12-30,6896.240234375,6913.25,6893.47021484375,6900.43994140625,3309930000,^GSPC
2025-12-31,6845.5,6901.419921875,6844.5498046875,6898.81982421875,3261830000,^GSPC
2026-01-02,6858.47021484375,6894.8701171875,6824.31005859375,6878.10986328125,4184120000,^GSPC
2026-01-05,6902.0498046875,6920.3798828125,6891.56005859375,6892.18994140625,5771930000,^GSPC
2026-01-06,6944.81982421875,6948.68994140625,6904.02001953125,6908.02978515625,5509680000,^GSPC
2026-01-07,6920.93017578125,6965.68994140625,6919.18994140625,6945.06982421875,5214480000,^GSPC
2026-01-08,6921.4599609375,6931.27978515625,6899.330078125,6914.10986328125,5333200000,^GSPC
2026-01-09,6966.27978515625,6978.35986328125,6917.64013671875,6927.830078125,5163900000,^GSPC
2026-01-12,6977.27001953125,6986.330078125,6934.06982421875,6944.1201171875,5019040000,^GSPC
2026-01-13,6963.740234375,6985.830078125,6938.77001953125,6977.41015625,5091730000,^GSPC
2026-01-14,6926.60009765625,6941.2998046875,6885.740234375,6937.41015625,5530830000,^GSPC
2026-01-15,6944.47021484375,6979.33984375,6937.93017578125,6969.4599609375,5114050000,^GSPC
2026-01-16,6940.009765625,6967.2998046875,6925.08984375,6960.5400390625,5356550000,^GSPC
2026-01-20,6796.85986328125,6871.169921875,6789.0498046875,6865.240234375,5769500000,^GSPC
2026-01-21,6875.6201171875,6910.39013671875,6804.9599609375,6810.7099609375,5835520000,^GSPC
2026-01-22,6913.35009765625,6934.75,6893.6201171875,6914.43994140625,5307580000,^GSPC
2026-01-23,6915.60986328125,6932.9599609375,6895.5,6907.85009765625,4871930000,^GSPC
2026-01-26,6950.22998046875,6964.66015625,6921.60009765625,6923.22998046875,4968050000,^GSPC
2026-01-27,6978.60009765625,6988.81982421875,6958.830078125,6965.9599609375,5331720000,^GSPC
2026-01-28,6978.02978515625,7002.27978515625,6963.4599609375,7002.0,5507670000,^GSPC
2026-01-29,6969.009765625,6992.83984375,6870.7998046875,6977.740234375,6877780000,^GSPC
2026-01-30,6939.02978515625,6964.08984375,6893.47998046875,6947.27001953125,6697340000,^GSPC
2026-02-02,6976.43994140625,6991.919921875,6914.33984375,6916.64013671875,5772050000,^GSPC
2026-02-03,6917.81005859375,6993.080078125,6862.0498046875,6985.4501953125,7017660000,^GSPC
2026-02-04,6882.72021484375,6936.08984375,6838.7998046875,6924.5,7475750000,^GSPC
2026-02-05,6798.39990234375,6857.85009765625,6780.1298828125,6837.39013671875,6989120000,^GSPC
2026-02-06,6932.2998046875,6944.89013671875,6816.740234375,6816.740234375,6283680000,^GSPC
2026-02-09,6964.81982421875,6980.10009765625,6905.8701171875,6917.259765625,5650260000,^GSPC
2026-02-10,6941.81005859375,6986.830078125,6937.52978515625,6974.490234375,5595950000,^GSPC
2026-02-11,6941.47021484375,6993.47998046875,6911.97021484375,6976.47998046875,6175510000,^GSPC
2026-02-12,6832.759765625,6973.22021484375,6824.0400390625,6957.5400390625,7118700000,^GSPC
2026-02-13,6836.169921875,6881.9599609375,6794.5498046875,6834.27001953125,5718360000,^GSPC
2026-02-17,6843.22021484375,6866.990234375,6775.5,6819.85986328125,5418480000,^GSPC
2026-02-18,6881.31005859375,6909.1201171875,6849.66015625,6855.47998046875,5098160000,^GSPC
2026-02-19,6861.89013671875,6879.1201171875,6833.06005859375,6861.33984375,5151690000,^GSPC
2026-02-20,6909.509765625,6915.85986328125,6836.330078125,6843.259765625,5432480000,^GSPC
2026-02-23,6837.75,6916.9599609375,6819.81982421875,6901.25,5638350000,^GSPC
2026-02-24,6890.06982421875,6899.169921875,6815.43017578125,6837.3701171875,5266090000,^GSPC
2026-02-25,6946.1298828125,6952.509765625,6915.14990234375,6915.14990234375,5328060000,^GSPC
2026-02-26,6908.85986328125,6947.25,6859.72998046875,6944.740234375,5889550000,^GSPC
2026-02-27,6878.8798828125,6882.9599609375,6831.740234375,6856.5400390625,6665660000,^GSPC
2026-03-02,6881.6201171875,6901.009765625,6796.85009765625,6824.35986328125,6079080000,^GSPC
2026-03-03,6816.6298828125,6840.0498046875,6710.419921875,6800.259765625,6442080000,^GSPC
2026-03-04,6869.5,6885.93994140625,6811.64013671875,6831.68994140625,5252170000,^GSPC
2026-03-05,6830.7099609375,6870.43017578125,6770.77978515625,6851.080078125,5989300000,^GSPC
2026-03-06,6740.02001953125,6773.419921875,6711.56005859375,6769.02978515625,5793120000,^GSPC
2026-03-09,6795.990234375,6810.43994140625,6636.0400390625,6699.7998046875,6709410000,^GSPC
2026-03-10,6781.47998046875,6845.080078125,6759.740234375,6796.56005859375,5944950000,^GSPC
2026-03-11,6775.7998046875,6811.14990234375,6745.58984375,6790.08984375,5511090000,^GSPC
2026-03-12,6672.6201171875,6740.8798828125,6670.39990234375,6740.8798828125,6292170000,^GSPC
2026-03-13,6632.18994140625,6733.2998046875,6623.919921875,6673.490234375,5337120000,^GSPC
2026-03-16,6699.3798828125,6729.7900390625,6674.3701171875,6674.3701171875,5176290000,^GSPC
2026-03-17,6716.08984375,6754.2998046875,6710.7998046875,6722.35009765625,5063390000,^GSPC
2026-03-18,6624.7001953125,6705.18017578125,6621.66015625,6697.16015625,5275480000,^GSPC
2026-03-19,6606.490234375,6636.740234375,6557.81982421875,6583.1201171875,5973390000,^GSPC
2026-03-20,6506.47998046875,6594.66015625,6473.52001953125,6594.66015625,10025820000,^GSPC
2026-03-23,6581.0,6651.6201171875,6565.5498046875,6574.9599609375,6020650000,^GSPC
2026-03-24,6556.3701171875,6595.75,6525.10986328125,6552.08984375,5278580000,^GSPC
2026-03-25,6591.89990234375,6633.93994140625,6568.41015625,6598.35009765625,4936720000,^GSPC
2026-03-26,6477.16015625,6573.22021484375,6473.7900390625,6555.85986328125,4845560000,^GSPC
2026-03-27,6368.85009765625,6453.89013671875,6356.080078125,6453.89013671875,5303490000,^GSPC
2026-03-30,6343.72021484375,6427.31005859375,6316.91015625,6403.3701171875,5458640000,^GSPC
2026-03-31,6528.52001953125,6539.0498046875,6395.8798828125,6395.8798828125,6396100000,^GSPC
2026-04-01,6575.31982421875,6609.669921875,6554.2900390625,6556.56005859375,5637260000,^GSPC
2026-04-02,6582.68994140625,6601.91015625,6474.93994140625,6512.60986328125,4740740000,^GSPC
2026-04-06,6611.830078125,6618.1298828125,6579.72021484375,6587.66015625,3906440000,^GSPC
2026-04-07,6616.85009765625,6618.259765625,6534.5498046875,6601.93017578125,4555680000,^GSPC
2026-04-08,6782.81005859375,6793.5,6740.27978515625,6754.35986328125,5904880000,^GSPC
2026-04-09,6824.66015625,6835.31005859375,6761.5498046875,6783.68994140625,4912410000,^GSPC
2026-04-10,6816.89013671875,6845.77001953125,6808.4599609375,6839.240234375,4393220000,^GSPC
2026-04-13,6886.240234375,6887.0,6790.02001953125,6806.47021484375,4785840000,^GSPC
2026-04-14,6967.3798828125,6969.419921875,6905.169921875,6910.2001953125,5032380000,^GSPC
2026-04-15,7022.9501953125,7026.240234375,6967.1298828125,6978.169921875,5278610000,^GSPC
2026-04-16,7041.27978515625,7051.22998046875,7008.52001953125,7037.77978515625,5173650000,^GSPC
2026-04-17,7126.06005859375,7147.52001953125,7074.5498046875,7074.5498046875,6145300000,^GSPC
2026-04-20,7109.14013671875,7122.64990234375,7084.41015625,7117.0498046875,4661130000,^GSPC
2026-04-21,7064.009765625,7137.27001953125,7050.2001953125,7122.64013671875,5160270000,^GSPC
2026-04-22,7137.89990234375,7138.64013671875,7102.91015625,7102.91015625,4919460000,^GSPC
2026-04-23,7108.39990234375,7147.77978515625,7046.5498046875,7118.7998046875,5307260000,^GSPC
2026-04-24,7165.080078125,7168.58984375,7112.81982421875,7136.47998046875,4608830000,^GSPC
2026-04-27,7173.91015625,7178.740234375,7146.72021484375,7152.72021484375,4783750000,^GSPC
2026-04-28,7138.7998046875,7152.52001953125,7115.169921875,7133.740234375,4900650000,^GSPC
2026-04-29,7135.9501953125,7145.6298828125,7107.85986328125,7131.60986328125,5123100000,^GSPC
2026-04-30,7209.009765625,7219.830078125,7126.14990234375,7161.75,5723790000,^GSPC
2026-05-01,7230.1201171875,7272.52001953125,7229.31982421875,7234.5400390625,4847390000,^GSPC
2026-05-04,7200.75,7244.5400390625,7174.1201171875,7228.3798828125,5215480000,^GSPC
2026-05-05,7259.22021484375,7273.259765625,7233.6201171875,7233.6201171875,5279760000,^GSPC
2026-05-06,7365.1201171875,7369.22021484375,7294.14013671875,7294.14013671875,6579640000,^GSPC
2026-05-07,7337.10986328125,7385.02001953125,7321.25,7376.77978515625,6237040000,^GSPC
2026-05-08,7398.93017578125,7401.5,7362.97021484375,7362.97021484375,5302740000,^GSPC
2026-05-11,7412.83984375,7428.97021484375,7384.2001953125,7385.31005859375,5821910000,^GSPC
2026-05-12,7400.9599609375,7409.56982421875,7338.5400390625,7390.6298828125,5624790000,^GSPC
2026-05-13,7444.25,7460.0400390625,7375.1298828125,7409.1201171875,5716600000,^GSPC
2026-05-14,7501.240234375,7517.1201171875,7454.39990234375,7454.39990234375,5267050000,^GSPC
2026-05-15,7408.5,7454.85009765625,7397.5,7445.10986328125,5582070000,^GSPC
2026-05-18,7403.0498046875,7434.06005859375,7353.169921875,7415.06982421875,5489500000,^GSPC
2026-05-19,7371.56005859375,7381.64013671875,7333.68017578125,7375.75,1370677000,^GSPC
